ISO-10303-21;
HEADER;
FILE_DESCRIPTION(('KiCad electronic assembly'),'2;1');
FILE_NAME('main_board.step','2025-06-19T14:51:08',('Pcbnew'),('Kicad'),
  'Open CASCADE STEP processor 7.8','KiCad to STEP converter','Unknown'
  );
FILE_SCHEMA(('AUTOMOTIVE_DESIGN { 1 0 10303 214 1 1 1 1 }'));
ENDSEC;
DATA;
#1 = APPLICATION_PROTOCOL_DEFINITION('international standard',
  'automotive_design',2000,#2);
#2 = APPLICATION_CONTEXT(
  'core data for automotive mechanical design processes');
#3 = SHAPE_DEFINITION_REPRESENTATION(#4,#10);
#4 = PRODUCT_DEFINITION_SHAPE('','',#5);
#5 = PRODUCT_DEFINITION('design','',#6,#9);
#6 = PRODUCT_DEFINITION_FORMATION('','',#7);
#7 = PRODUCT('main_board 1','main_board 1','',(#8));
#8 = PRODUCT_CONTEXT('',#2,'mechanical');
#9 = PRODUCT_DEFINITION_CONTEXT('part definition',#2,'design');
#10 = SHAPE_REPRESENTATION('',(#11,#15,#19,#23,#27,#31,#35,#39,#43,#47,
    #51,#55,#59,#63,#67,#71,#75,#79,#83,#87,#91,#95,#99,#103,#107,#111,
    #115),#119);
#11 = AXIS2_PLACEMENT_3D('',#12,#13,#14);
#12 = CARTESIAN_POINT('',(0.,0.,0.));
#13 = DIRECTION('',(0.,0.,1.));
#14 = DIRECTION('',(1.,0.,-0.));
#15 = AXIS2_PLACEMENT_3D('',#16,#17,#18);
#16 = CARTESIAN_POINT('',(173.5,-136.,1.595));
#17 = DIRECTION('',(0.,0.,1.));
#18 = DIRECTION('',(1.,0.,0.));
#19 = AXIS2_PLACEMENT_3D('',#20,#21,#22);
#20 = CARTESIAN_POINT('',(176.75,-140.25,1.595));
#21 = DIRECTION('',(0.,0.,1.));
#22 = DIRECTION('',(1.,0.,0.));
#23 = AXIS2_PLACEMENT_3D('',#24,#25,#26);
#24 = CARTESIAN_POINT('',(191.2,-151.29,1.595));
#25 = DIRECTION('',(0.,0.,1.));
#26 = DIRECTION('',(1.,0.,0.));
#27 = AXIS2_PLACEMENT_3D('',#28,#29,#30);
#28 = CARTESIAN_POINT('',(185.75,-150.,1.595));
#29 = DIRECTION('',(-0.,0.,1.));
#30 = DIRECTION('',(1.110223024625E-16,-1.,0.));
#31 = AXIS2_PLACEMENT_3D('',#32,#33,#34);
#32 = CARTESIAN_POINT('',(195.9,-134.9,1.595));
#33 = DIRECTION('',(0.,0.,1.));
#34 = DIRECTION('',(1.,0.,0.));
#35 = AXIS2_PLACEMENT_3D('',#36,#37,#38);
#36 = CARTESIAN_POINT('',(187.75,-136.5,1.595));
#37 = DIRECTION('',(0.,-0.,1.));
#38 = DIRECTION('',(1.110223024625E-16,1.,0.));
#39 = AXIS2_PLACEMENT_3D('',#40,#41,#42);
#40 = CARTESIAN_POINT('',(199.6,-136.3,1.595));
#41 = DIRECTION('',(0.,0.,1.));
#42 = DIRECTION('',(-1.,1.224646799147E-16,0.));
#43 = AXIS2_PLACEMENT_3D('',#44,#45,#46);
#44 = CARTESIAN_POINT('',(161.4,-147.1,1.595));
#45 = DIRECTION('',(0.,0.,1.));
#46 = DIRECTION('',(1.,0.,0.));
#47 = AXIS2_PLACEMENT_3D('',#48,#49,#50);
#48 = CARTESIAN_POINT('',(176.75,-145.5,1.595));
#49 = DIRECTION('',(0.,0.,1.));
#50 = DIRECTION('',(1.,0.,0.));
#51 = AXIS2_PLACEMENT_3D('',#52,#53,#54);
#52 = CARTESIAN_POINT('',(177.,-149.,1.595));
#53 = DIRECTION('',(0.,0.,1.));
#54 = DIRECTION('',(1.,0.,0.));
#55 = AXIS2_PLACEMENT_3D('',#56,#57,#58);
#56 = CARTESIAN_POINT('',(176.75,-142.5,1.595));
#57 = DIRECTION('',(0.,0.,1.));
#58 = DIRECTION('',(1.,0.,0.));
#59 = AXIS2_PLACEMENT_3D('',#60,#61,#62);
#60 = CARTESIAN_POINT('',(177.0375,-138.25,1.595));
#61 = DIRECTION('',(0.,0.,1.));
#62 = DIRECTION('',(1.,0.,0.));
#63 = AXIS2_PLACEMENT_3D('',#64,#65,#66);
#64 = CARTESIAN_POINT('',(188.5,-139.5,1.595));
#65 = DIRECTION('',(0.,0.,1.));
#66 = DIRECTION('',(-1.,1.224646799147E-16,0.));
#67 = AXIS2_PLACEMENT_3D('',#68,#69,#70);
#68 = CARTESIAN_POINT('',(190.25,-136.5,1.595));
#69 = DIRECTION('',(0.,-0.,1.));
#70 = DIRECTION('',(1.110223024625E-16,1.,0.));
#71 = AXIS2_PLACEMENT_3D('',#72,#73,#74);
#72 = CARTESIAN_POINT('',(165.2,-150.6,1.595));
#73 = DIRECTION('',(0.,-0.,1.));
#74 = DIRECTION('',(1.110223024625E-16,1.,0.));
#75 = AXIS2_PLACEMENT_3D('',#76,#77,#78);
#76 = CARTESIAN_POINT('',(188.6,-142.7,1.595));
#77 = DIRECTION('',(0.,-0.,1.));
#78 = DIRECTION('',(1.110223024625E-16,1.,0.));
#79 = AXIS2_PLACEMENT_3D('',#80,#81,#82);
#80 = CARTESIAN_POINT('',(168.5,-143.25,1.595));
#81 = DIRECTION('',(0.,0.,1.));
#82 = DIRECTION('',(1.,0.,0.));
#83 = AXIS2_PLACEMENT_3D('',#84,#85,#86);
#84 = CARTESIAN_POINT('',(188.75,-146.5,1.595));
#85 = DIRECTION('',(0.,0.,1.));
#86 = DIRECTION('',(1.,0.,0.));
#87 = AXIS2_PLACEMENT_3D('',#88,#89,#90);
#88 = CARTESIAN_POINT('',(171.4,-150.7,1.595));
#89 = DIRECTION('',(0.,-0.,1.));
#90 = DIRECTION('',(1.110223024625E-16,1.,0.));
#91 = AXIS2_PLACEMENT_3D('',#92,#93,#94);
#92 = CARTESIAN_POINT('',(161.4,-150.2,1.595));
#93 = DIRECTION('',(0.,0.,1.));
#94 = DIRECTION('',(1.,0.,0.));
#95 = AXIS2_PLACEMENT_3D('',#96,#97,#98);
#96 = CARTESIAN_POINT('',(188.25,-150.,1.595));
#97 = DIRECTION('',(-0.,0.,1.));
#98 = DIRECTION('',(1.110223024625E-16,-1.,0.));
#99 = AXIS2_PLACEMENT_3D('',#100,#101,#102);
#100 = CARTESIAN_POINT('',(173.6,-150.4,1.595));
#101 = DIRECTION('',(0.,-0.,1.));
#102 = DIRECTION('',(1.110223024625E-16,1.,0.));
#103 = AXIS2_PLACEMENT_3D('',#104,#105,#106);
#104 = CARTESIAN_POINT('',(161.3,-137.5,1.595));
#105 = DIRECTION('',(0.,0.,1.));
#106 = DIRECTION('',(1.,0.,0.));
#107 = AXIS2_PLACEMENT_3D('',#108,#109,#110);
#108 = CARTESIAN_POINT('',(174.,-148.1,-8.5E-02));
#109 = DIRECTION('',(1.224646799147E-16,-1.359631073447E-32,-1.));
#110 = DIRECTION('',(1.110223024625E-16,1.,0.));
#111 = AXIS2_PLACEMENT_3D('',#112,#113,#114);
#112 = CARTESIAN_POINT('',(174.,-138.3,-8.5E-02));
#113 = DIRECTION('',(-1.224646799147E-16,-1.359631073447E-32,-1.));
#114 = DIRECTION('',(1.110223024625E-16,-1.,0.));
#115 = AXIS2_PLACEMENT_3D('',#116,#117,#118);
#116 = CARTESIAN_POINT('',(0.,0.,0.));
#117 = DIRECTION('',(0.,0.,1.));
#118 = DIRECTION('',(1.,0.,-0.));
#119 = ( GEOMETRIC_REPRESENTATION_CONTEXT(3) 
GLOBAL_UNCERTAINTY_ASSIGNED_CONTEXT((#123)) GLOBAL_UNIT_ASSIGNED_CONTEXT
((#120,#121,#122)) REPRESENTATION_CONTEXT('Context #1',
  '3D Context with UNIT and UNCERTAINTY') );
#120 = ( LENGTH_UNIT() NAMED_UNIT(*) SI_UNIT(.MILLI.,.METRE.) );
#121 = ( NAMED_UNIT(*) PLANE_ANGLE_UNIT() SI_UNIT($,.RADIAN.) );
#122 = ( NAMED_UNIT(*) SI_UNIT($,.STERADIAN.) SOLID_ANGLE_UNIT() );
#123 = UNCERTAINTY_MEASURE_WITH_UNIT(LENGTH_MEASURE(2.E-07),#120,
  'distance_accuracy_value','confusion accuracy');
#124 = PRODUCT_RELATED_PRODUCT_CATEGORY('part',$,(#7));
#125 = SHAPE_DEFINITION_REPRESENTATION(#126,#132);
#126 = PRODUCT_DEFINITION_SHAPE('','',#127);
#127 = PRODUCT_DEFINITION('design','',#128,#131);
#128 = PRODUCT_DEFINITION_FORMATION('','',#129);
#129 = PRODUCT('R_0805_2012Metric','R_0805_2012Metric','',(#130));
#130 = PRODUCT_CONTEXT('',#2,'mechanical');
#131 = PRODUCT_DEFINITION_CONTEXT('part definition',#2,'design');
#132 = ADVANCED_BREP_SHAPE_REPRESENTATION('',(#11,#133),#923);
#133 = MANIFOLD_SOLID_BREP('',#134);
#134 = CLOSED_SHELL('',(#135,#175,#258,#283,#308,#375,#392,#409,#458,
    #475,#492,#541,#558,#627,#658,#682,#751,#775,#792,#809,#826,#843,
    #860,#877,#894,#911));
#135 = ADVANCED_FACE('',(#136),#170,.F.);
#136 = FACE_BOUND('',#137,.F.);
#137 = EDGE_LOOP('',(#138,#148,#156,#164));
#138 = ORIENTED_EDGE('',*,*,#139,.F.);
#139 = EDGE_CURVE('',#140,#142,#144,.T.);
#140 = VERTEX_POINT('',#141);
#141 = CARTESIAN_POINT('',(-1.,-0.6,4.5E-02));
#142 = VERTEX_POINT('',#143);
#143 = CARTESIAN_POINT('',(-1.,-0.6,0.405));
#144 = LINE('',#145,#146);
#145 = CARTESIAN_POINT('',(-1.,-0.6,0.));
#146 = VECTOR('',#147,1.);
#147 = DIRECTION('',(0.,0.,1.));
#148 = ORIENTED_EDGE('',*,*,#149,.T.);
#149 = EDGE_CURVE('',#140,#150,#152,.T.);
#150 = VERTEX_POINT('',#151);
#151 = CARTESIAN_POINT('',(-1.,0.6,4.5E-02));
#152 = LINE('',#153,#154);
#153 = CARTESIAN_POINT('',(-1.,-0.6,4.5E-02));
#154 = VECTOR('',#155,1.);
#155 = DIRECTION('',(0.,1.,0.));
#156 = ORIENTED_EDGE('',*,*,#157,.T.);
#157 = EDGE_CURVE('',#150,#158,#160,.T.);
#158 = VERTEX_POINT('',#159);
#159 = CARTESIAN_POINT('',(-1.,0.6,0.405));
#160 = LINE('',#161,#162);
#161 = CARTESIAN_POINT('',(-1.,0.6,0.));
#162 = VECTOR('',#163,1.);
#163 = DIRECTION('',(0.,0.,1.));
#164 = ORIENTED_EDGE('',*,*,#165,.F.);
#165 = EDGE_CURVE('',#142,#158,#166,.T.);
#166 = LINE('',#167,#168);
#167 = CARTESIAN_POINT('',(-1.,-0.6,0.405));
#168 = VECTOR('',#169,1.);
#169 = DIRECTION('',(0.,1.,0.));
#170 = PLANE('',#171);
#171 = AXIS2_PLACEMENT_3D('',#172,#173,#174);
#172 = CARTESIAN_POINT('',(-1.,-0.6,0.));
#173 = DIRECTION('',(1.,0.,0.));
#174 = DIRECTION('',(0.,0.,1.));
#175 = ADVANCED_FACE('',(#176),#253,.F.);
#176 = FACE_BOUND('',#177,.F.);
#177 = EDGE_LOOP('',(#178,#188,#195,#196,#205,#213,#222,#230,#238,#246)
  );
#178 = ORIENTED_EDGE('',*,*,#179,.F.);
#179 = EDGE_CURVE('',#180,#182,#184,.T.);
#180 = VERTEX_POINT('',#181);
#181 = CARTESIAN_POINT('',(-0.955,-0.6,-2.775557561563E-17));
#182 = VERTEX_POINT('',#183);
#183 = CARTESIAN_POINT('',(-0.745,-0.6,-2.775557561563E-17));
#184 = LINE('',#185,#186);
#185 = CARTESIAN_POINT('',(-1.,-0.6,0.));
#186 = VECTOR('',#187,1.);
#187 = DIRECTION('',(1.,0.,0.));
#188 = ORIENTED_EDGE('',*,*,#189,.F.);
#189 = EDGE_CURVE('',#140,#180,#190,.T.);
#190 = CIRCLE('',#191,4.5E-02);
#191 = AXIS2_PLACEMENT_3D('',#192,#193,#194);
#192 = CARTESIAN_POINT('',(-0.955,-0.6,4.5E-02));
#193 = DIRECTION('',(0.,-1.,0.));
#194 = DIRECTION('',(0.,0.,1.));
#195 = ORIENTED_EDGE('',*,*,#139,.T.);
#196 = ORIENTED_EDGE('',*,*,#197,.T.);
#197 = EDGE_CURVE('',#142,#198,#200,.T.);
#198 = VERTEX_POINT('',#199);
#199 = CARTESIAN_POINT('',(-0.955,-0.6,0.45));
#200 = CIRCLE('',#201,4.5E-02);
#201 = AXIS2_PLACEMENT_3D('',#202,#203,#204);
#202 = CARTESIAN_POINT('',(-0.955,-0.6,0.405));
#203 = DIRECTION('',(0.,1.,0.));
#204 = DIRECTION('',(0.,-0.,1.));
#205 = ORIENTED_EDGE('',*,*,#206,.T.);
#206 = EDGE_CURVE('',#198,#207,#209,.T.);
#207 = VERTEX_POINT('',#208);
#208 = CARTESIAN_POINT('',(-0.745,-0.6,0.45));
#209 = LINE('',#210,#211);
#210 = CARTESIAN_POINT('',(-1.,-0.6,0.45));
#211 = VECTOR('',#212,1.);
#212 = DIRECTION('',(1.,0.,0.));
#213 = ORIENTED_EDGE('',*,*,#214,.F.);
#214 = EDGE_CURVE('',#215,#207,#217,.T.);
#215 = VERTEX_POINT('',#216);
#216 = CARTESIAN_POINT('',(-0.7,-0.6,0.405));
#217 = CIRCLE('',#218,4.5E-02);
#218 = AXIS2_PLACEMENT_3D('',#219,#220,#221);
#219 = CARTESIAN_POINT('',(-0.745,-0.6,0.405));
#220 = DIRECTION('',(0.,-1.,0.));
#221 = DIRECTION('',(0.,0.,1.));
#222 = ORIENTED_EDGE('',*,*,#223,.F.);
#223 = EDGE_CURVE('',#224,#215,#226,.T.);
#224 = VERTEX_POINT('',#225);
#225 = CARTESIAN_POINT('',(-0.955,-0.6,0.405));
#226 = LINE('',#227,#228);
#227 = CARTESIAN_POINT('',(-0.955,-0.6,0.405));
#228 = VECTOR('',#229,1.);
#229 = DIRECTION('',(1.,0.,0.));
#230 = ORIENTED_EDGE('',*,*,#231,.F.);
#231 = EDGE_CURVE('',#232,#224,#234,.T.);
#232 = VERTEX_POINT('',#233);
#233 = CARTESIAN_POINT('',(-0.955,-0.6,4.5E-02));
#234 = LINE('',#235,#236);
#235 = CARTESIAN_POINT('',(-0.955,-0.6,4.5E-02));
#236 = VECTOR('',#237,1.);
#237 = DIRECTION('',(0.,0.,1.));
#238 = ORIENTED_EDGE('',*,*,#239,.T.);
#239 = EDGE_CURVE('',#232,#240,#242,.T.);
#240 = VERTEX_POINT('',#241);
#241 = CARTESIAN_POINT('',(-0.7,-0.6,4.5E-02));
#242 = LINE('',#243,#244);
#243 = CARTESIAN_POINT('',(-0.955,-0.6,4.5E-02));
#244 = VECTOR('',#245,1.);
#245 = DIRECTION('',(1.,0.,0.));
#246 = ORIENTED_EDGE('',*,*,#247,.T.);
#247 = EDGE_CURVE('',#240,#182,#248,.T.);
#248 = CIRCLE('',#249,4.5E-02);
#249 = AXIS2_PLACEMENT_3D('',#250,#251,#252);
#250 = CARTESIAN_POINT('',(-0.745,-0.6,4.5E-02));
#251 = DIRECTION('',(0.,1.,0.));
#252 = DIRECTION('',(0.,-0.,1.));
#253 = PLANE('',#254);
#254 = AXIS2_PLACEMENT_3D('',#255,#256,#257);
#255 = CARTESIAN_POINT('',(-1.,-0.6,0.));
#256 = DIRECTION('',(0.,1.,0.));
#257 = DIRECTION('',(0.,-0.,1.));
#258 = ADVANCED_FACE('',(#259),#278,.T.);
#259 = FACE_BOUND('',#260,.T.);
#260 = EDGE_LOOP('',(#261,#262,#271,#277));
#261 = ORIENTED_EDGE('',*,*,#149,.T.);
#262 = ORIENTED_EDGE('',*,*,#263,.T.);
#263 = EDGE_CURVE('',#150,#264,#266,.T.);
#264 = VERTEX_POINT('',#265);
#265 = CARTESIAN_POINT('',(-0.955,0.6,-2.775557561563E-17));
#266 = CIRCLE('',#267,4.5E-02);
#267 = AXIS2_PLACEMENT_3D('',#268,#269,#270);
#268 = CARTESIAN_POINT('',(-0.955,0.6,4.5E-02));
#269 = DIRECTION('',(0.,-1.,0.));
#270 = DIRECTION('',(0.,0.,1.));
#271 = ORIENTED_EDGE('',*,*,#272,.F.);
#272 = EDGE_CURVE('',#180,#264,#273,.T.);
#273 = LINE('',#274,#275);
#274 = CARTESIAN_POINT('',(-0.955,-0.6,-2.775557561563E-17));
#275 = VECTOR('',#276,1.);
#276 = DIRECTION('',(0.,1.,0.));
#277 = ORIENTED_EDGE('',*,*,#189,.F.);
#278 = CYLINDRICAL_SURFACE('',#279,4.5E-02);
#279 = AXIS2_PLACEMENT_3D('',#280,#281,#282);
#280 = CARTESIAN_POINT('',(-0.955,-0.6,4.5E-02));
#281 = DIRECTION('',(0.,1.,0.));
#282 = DIRECTION('',(-1.,0.,0.));
#283 = ADVANCED_FACE('',(#284),#303,.T.);
#284 = FACE_BOUND('',#285,.T.);
#285 = EDGE_LOOP('',(#286,#287,#295,#302));
#286 = ORIENTED_EDGE('',*,*,#197,.T.);
#287 = ORIENTED_EDGE('',*,*,#288,.T.);
#288 = EDGE_CURVE('',#198,#289,#291,.T.);
#289 = VERTEX_POINT('',#290);
#290 = CARTESIAN_POINT('',(-0.955,0.6,0.45));
#291 = LINE('',#292,#293);
#292 = CARTESIAN_POINT('',(-0.955,-0.6,0.45));
#293 = VECTOR('',#294,1.);
#294 = DIRECTION('',(0.,1.,0.));
#295 = ORIENTED_EDGE('',*,*,#296,.F.);
#296 = EDGE_CURVE('',#158,#289,#297,.T.);
#297 = CIRCLE('',#298,4.5E-02);
#298 = AXIS2_PLACEMENT_3D('',#299,#300,#301);
#299 = CARTESIAN_POINT('',(-0.955,0.6,0.405));
#300 = DIRECTION('',(0.,1.,0.));
#301 = DIRECTION('',(0.,-0.,1.));
#302 = ORIENTED_EDGE('',*,*,#165,.F.);
#303 = CYLINDRICAL_SURFACE('',#304,4.5E-02);
#304 = AXIS2_PLACEMENT_3D('',#305,#306,#307);
#305 = CARTESIAN_POINT('',(-0.955,-0.6,0.405));
#306 = DIRECTION('',(0.,1.,0.));
#307 = DIRECTION('',(-1.,0.,0.));
#308 = ADVANCED_FACE('',(#309),#370,.T.);
#309 = FACE_BOUND('',#310,.T.);
#310 = EDGE_LOOP('',(#311,#319,#320,#321,#322,#330,#339,#347,#355,#363)
  );
#311 = ORIENTED_EDGE('',*,*,#312,.F.);
#312 = EDGE_CURVE('',#264,#313,#315,.T.);
#313 = VERTEX_POINT('',#314);
#314 = CARTESIAN_POINT('',(-0.745,0.6,-2.775557561563E-17));
#315 = LINE('',#316,#317);
#316 = CARTESIAN_POINT('',(-1.,0.6,0.));
#317 = VECTOR('',#318,1.);
#318 = DIRECTION('',(1.,0.,0.));
#319 = ORIENTED_EDGE('',*,*,#263,.F.);
#320 = ORIENTED_EDGE('',*,*,#157,.T.);
#321 = ORIENTED_EDGE('',*,*,#296,.T.);
#322 = ORIENTED_EDGE('',*,*,#323,.T.);
#323 = EDGE_CURVE('',#289,#324,#326,.T.);
#324 = VERTEX_POINT('',#325);
#325 = CARTESIAN_POINT('',(-0.745,0.6,0.45));
#326 = LINE('',#327,#328);
#327 = CARTESIAN_POINT('',(-1.,0.6,0.45));
#328 = VECTOR('',#329,1.);
#329 = DIRECTION('',(1.,0.,0.));
#330 = ORIENTED_EDGE('',*,*,#331,.F.);
#331 = EDGE_CURVE('',#332,#324,#334,.T.);
#332 = VERTEX_POINT('',#333);
#333 = CARTESIAN_POINT('',(-0.7,0.6,0.405));
#334 = CIRCLE('',#335,4.5E-02);
#335 = AXIS2_PLACEMENT_3D('',#336,#337,#338);
#336 = CARTESIAN_POINT('',(-0.745,0.6,0.405));
#337 = DIRECTION('',(0.,-1.,0.));
#338 = DIRECTION('',(0.,0.,1.));
#339 = ORIENTED_EDGE('',*,*,#340,.F.);
#340 = EDGE_CURVE('',#341,#332,#343,.T.);
#341 = VERTEX_POINT('',#342);
#342 = CARTESIAN_POINT('',(-0.955,0.6,0.405));
#343 = LINE('',#344,#345);
#344 = CARTESIAN_POINT('',(-0.955,0.6,0.405));
#345 = VECTOR('',#346,1.);
#346 = DIRECTION('',(1.,0.,0.));
#347 = ORIENTED_EDGE('',*,*,#348,.F.);
#348 = EDGE_CURVE('',#349,#341,#351,.T.);
#349 = VERTEX_POINT('',#350);
#350 = CARTESIAN_POINT('',(-0.955,0.6,4.5E-02));
#351 = LINE('',#352,#353);
#352 = CARTESIAN_POINT('',(-0.955,0.6,4.5E-02));
#353 = VECTOR('',#354,1.);
#354 = DIRECTION('',(0.,0.,1.));
#355 = ORIENTED_EDGE('',*,*,#356,.T.);
#356 = EDGE_CURVE('',#349,#357,#359,.T.);
#357 = VERTEX_POINT('',#358);
#358 = CARTESIAN_POINT('',(-0.7,0.6,4.5E-02));
#359 = LINE('',#360,#361);
#360 = CARTESIAN_POINT('',(-0.955,0.6,4.5E-02));
#361 = VECTOR('',#362,1.);
#362 = DIRECTION('',(1.,0.,0.));
#363 = ORIENTED_EDGE('',*,*,#364,.T.);
#364 = EDGE_CURVE('',#357,#313,#365,.T.);
#365 = CIRCLE('',#366,4.5E-02);
#366 = AXIS2_PLACEMENT_3D('',#367,#368,#369);
#367 = CARTESIAN_POINT('',(-0.745,0.6,4.5E-02));
#368 = DIRECTION('',(0.,1.,0.));
#369 = DIRECTION('',(0.,-0.,1.));
#370 = PLANE('',#371);
#371 = AXIS2_PLACEMENT_3D('',#372,#373,#374);
#372 = CARTESIAN_POINT('',(-1.,0.6,0.));
#373 = DIRECTION('',(0.,1.,0.));
#374 = DIRECTION('',(0.,-0.,1.));
#375 = ADVANCED_FACE('',(#376),#387,.F.);
#376 = FACE_BOUND('',#377,.F.);
#377 = EDGE_LOOP('',(#378,#379,#380,#381));
#378 = ORIENTED_EDGE('',*,*,#312,.F.);
#379 = ORIENTED_EDGE('',*,*,#272,.F.);
#380 = ORIENTED_EDGE('',*,*,#179,.T.);
#381 = ORIENTED_EDGE('',*,*,#382,.T.);
#382 = EDGE_CURVE('',#182,#313,#383,.T.);
#383 = LINE('',#384,#385);
#384 = CARTESIAN_POINT('',(-0.745,-0.6,-2.775557561563E-17));
#385 = VECTOR('',#386,1.);
#386 = DIRECTION('',(0.,1.,0.));
#387 = PLANE('',#388);
#388 = AXIS2_PLACEMENT_3D('',#389,#390,#391);
#389 = CARTESIAN_POINT('',(-1.,-0.6,0.));
#390 = DIRECTION('',(0.,0.,1.));
#391 = DIRECTION('',(1.,0.,-0.));
#392 = ADVANCED_FACE('',(#393),#404,.T.);
#393 = FACE_BOUND('',#394,.T.);
#394 = EDGE_LOOP('',(#395,#396,#397,#398));
#395 = ORIENTED_EDGE('',*,*,#247,.T.);
#396 = ORIENTED_EDGE('',*,*,#382,.T.);
#397 = ORIENTED_EDGE('',*,*,#364,.F.);
#398 = ORIENTED_EDGE('',*,*,#399,.F.);
#399 = EDGE_CURVE('',#240,#357,#400,.T.);
#400 = LINE('',#401,#402);
#401 = CARTESIAN_POINT('',(-0.7,-0.6,4.5E-02));
#402 = VECTOR('',#403,1.);
#403 = DIRECTION('',(0.,1.,0.));
#404 = CYLINDRICAL_SURFACE('',#405,4.5E-02);
#405 = AXIS2_PLACEMENT_3D('',#406,#407,#408);
#406 = CARTESIAN_POINT('',(-0.745,-0.6,4.5E-02));
#407 = DIRECTION('',(0.,1.,0.));
#408 = DIRECTION('',(1.,0.,0.));
#409 = ADVANCED_FACE('',(#410),#453,.F.);
#410 = FACE_BOUND('',#411,.F.);
#411 = EDGE_LOOP('',(#412,#413,#414,#415,#423,#431,#439,#447));
#412 = ORIENTED_EDGE('',*,*,#239,.F.);
#413 = ORIENTED_EDGE('',*,*,#231,.T.);
#414 = ORIENTED_EDGE('',*,*,#223,.T.);
#415 = ORIENTED_EDGE('',*,*,#416,.T.);
#416 = EDGE_CURVE('',#215,#417,#419,.T.);
#417 = VERTEX_POINT('',#418);
#418 = CARTESIAN_POINT('',(0.7,-0.6,0.405));
#419 = LINE('',#420,#421);
#420 = CARTESIAN_POINT('',(-0.7,-0.6,0.405));
#421 = VECTOR('',#422,1.);
#422 = DIRECTION('',(1.,0.,0.));
#423 = ORIENTED_EDGE('',*,*,#424,.T.);
#424 = EDGE_CURVE('',#417,#425,#427,.T.);
#425 = VERTEX_POINT('',#426);
#426 = CARTESIAN_POINT('',(0.955,-0.6,0.405));
#427 = LINE('',#428,#429);
#428 = CARTESIAN_POINT('',(-0.955,-0.6,0.405));
#429 = VECTOR('',#430,1.);
#430 = DIRECTION('',(1.,0.,0.));
#431 = ORIENTED_EDGE('',*,*,#432,.F.);
#432 = EDGE_CURVE('',#433,#425,#435,.T.);
#433 = VERTEX_POINT('',#434);
#434 = CARTESIAN_POINT('',(0.955,-0.6,4.5E-02));
#435 = LINE('',#436,#437);
#436 = CARTESIAN_POINT('',(0.955,-0.6,4.5E-02));
#437 = VECTOR('',#438,1.);
#438 = DIRECTION('',(0.,0.,1.));
#439 = ORIENTED_EDGE('',*,*,#440,.F.);
#440 = EDGE_CURVE('',#441,#433,#443,.T.);
#441 = VERTEX_POINT('',#442);
#442 = CARTESIAN_POINT('',(0.7,-0.6,4.5E-02));
#443 = LINE('',#444,#445);
#444 = CARTESIAN_POINT('',(-0.955,-0.6,4.5E-02));
#445 = VECTOR('',#446,1.);
#446 = DIRECTION('',(1.,0.,0.));
#447 = ORIENTED_EDGE('',*,*,#448,.F.);
#448 = EDGE_CURVE('',#240,#441,#449,.T.);
#449 = LINE('',#450,#451);
#450 = CARTESIAN_POINT('',(-0.955,-0.6,4.5E-02));
#451 = VECTOR('',#452,1.);
#452 = DIRECTION('',(1.,0.,0.));
#453 = PLANE('',#454);
#454 = AXIS2_PLACEMENT_3D('',#455,#456,#457);
#455 = CARTESIAN_POINT('',(-0.955,-0.6,4.5E-02));
#456 = DIRECTION('',(0.,1.,0.));
#457 = DIRECTION('',(0.,-0.,1.));
#458 = ADVANCED_FACE('',(#459),#470,.T.);
#459 = FACE_BOUND('',#460,.T.);
#460 = EDGE_LOOP('',(#461,#462,#463,#464));
#461 = ORIENTED_EDGE('',*,*,#323,.F.);
#462 = ORIENTED_EDGE('',*,*,#288,.F.);
#463 = ORIENTED_EDGE('',*,*,#206,.T.);
#464 = ORIENTED_EDGE('',*,*,#465,.T.);
#465 = EDGE_CURVE('',#207,#324,#466,.T.);
#466 = LINE('',#467,#468);
#467 = CARTESIAN_POINT('',(-0.745,-0.6,0.45));
#468 = VECTOR('',#469,1.);
#469 = DIRECTION('',(0.,1.,0.));
#470 = PLANE('',#471);
#471 = AXIS2_PLACEMENT_3D('',#472,#473,#474);
#472 = CARTESIAN_POINT('',(-1.,-0.6,0.45));
#473 = DIRECTION('',(0.,0.,1.));
#474 = DIRECTION('',(1.,0.,-0.));
#475 = ADVANCED_FACE('',(#476),#487,.T.);
#476 = FACE_BOUND('',#477,.T.);
#477 = EDGE_LOOP('',(#478,#484,#485,#486));
#478 = ORIENTED_EDGE('',*,*,#479,.T.);
#479 = EDGE_CURVE('',#215,#332,#480,.T.);
#480 = LINE('',#481,#482);
#481 = CARTESIAN_POINT('',(-0.7,-0.6,0.405));
#482 = VECTOR('',#483,1.);
#483 = DIRECTION('',(0.,1.,0.));
#484 = ORIENTED_EDGE('',*,*,#331,.T.);
#485 = ORIENTED_EDGE('',*,*,#465,.F.);
#486 = ORIENTED_EDGE('',*,*,#214,.F.);
#487 = CYLINDRICAL_SURFACE('',#488,4.5E-02);
#488 = AXIS2_PLACEMENT_3D('',#489,#490,#491);
#489 = CARTESIAN_POINT('',(-0.745,-0.6,0.405));
#490 = DIRECTION('',(0.,1.,0.));
#491 = DIRECTION('',(1.,0.,0.));
#492 = ADVANCED_FACE('',(#493),#536,.T.);
#493 = FACE_BOUND('',#494,.T.);
#494 = EDGE_LOOP('',(#495,#496,#497,#498,#506,#514,#522,#530));
#495 = ORIENTED_EDGE('',*,*,#356,.F.);
#496 = ORIENTED_EDGE('',*,*,#348,.T.);
#497 = ORIENTED_EDGE('',*,*,#340,.T.);
#498 = ORIENTED_EDGE('',*,*,#499,.T.);
#499 = EDGE_CURVE('',#332,#500,#502,.T.);
#500 = VERTEX_POINT('',#501);
#501 = CARTESIAN_POINT('',(0.7,0.6,0.405));
#502 = LINE('',#503,#504);
#503 = CARTESIAN_POINT('',(-0.7,0.6,0.405));
#504 = VECTOR('',#505,1.);
#505 = DIRECTION('',(1.,0.,0.));
#506 = ORIENTED_EDGE('',*,*,#507,.T.);
#507 = EDGE_CURVE('',#500,#508,#510,.T.);
#508 = VERTEX_POINT('',#509);
#509 = CARTESIAN_POINT('',(0.955,0.6,0.405));
#510 = LINE('',#511,#512);
#511 = CARTESIAN_POINT('',(-0.955,0.6,0.405));
#512 = VECTOR('',#513,1.);
#513 = DIRECTION('',(1.,0.,0.));
#514 = ORIENTED_EDGE('',*,*,#515,.F.);
#515 = EDGE_CURVE('',#516,#508,#518,.T.);
#516 = VERTEX_POINT('',#517);
#517 = CARTESIAN_POINT('',(0.955,0.6,4.5E-02));
#518 = LINE('',#519,#520);
#519 = CARTESIAN_POINT('',(0.955,0.6,4.5E-02));
#520 = VECTOR('',#521,1.);
#521 = DIRECTION('',(0.,0.,1.));
#522 = ORIENTED_EDGE('',*,*,#523,.F.);
#523 = EDGE_CURVE('',#524,#516,#526,.T.);
#524 = VERTEX_POINT('',#525);
#525 = CARTESIAN_POINT('',(0.7,0.6,4.5E-02));
#526 = LINE('',#527,#528);
#527 = CARTESIAN_POINT('',(-0.955,0.6,4.5E-02));
#528 = VECTOR('',#529,1.);
#529 = DIRECTION('',(1.,0.,0.));
#530 = ORIENTED_EDGE('',*,*,#531,.F.);
#531 = EDGE_CURVE('',#357,#524,#532,.T.);
#532 = LINE('',#533,#534);
#533 = CARTESIAN_POINT('',(-0.955,0.6,4.5E-02));
#534 = VECTOR('',#535,1.);
#535 = DIRECTION('',(1.,0.,0.));
#536 = PLANE('',#537);
#537 = AXIS2_PLACEMENT_3D('',#538,#539,#540);
#538 = CARTESIAN_POINT('',(-0.955,0.6,4.5E-02));
#539 = DIRECTION('',(0.,1.,0.));
#540 = DIRECTION('',(0.,-0.,1.));
#541 = ADVANCED_FACE('',(#542),#553,.F.);
#542 = FACE_BOUND('',#543,.F.);
#543 = EDGE_LOOP('',(#544,#545,#546,#552));
#544 = ORIENTED_EDGE('',*,*,#399,.F.);
#545 = ORIENTED_EDGE('',*,*,#448,.T.);
#546 = ORIENTED_EDGE('',*,*,#547,.T.);
#547 = EDGE_CURVE('',#441,#524,#548,.T.);
#548 = LINE('',#549,#550);
#549 = CARTESIAN_POINT('',(0.7,-0.6,4.5E-02));
#550 = VECTOR('',#551,1.);
#551 = DIRECTION('',(0.,1.,0.));
#552 = ORIENTED_EDGE('',*,*,#531,.F.);
#553 = PLANE('',#554);
#554 = AXIS2_PLACEMENT_3D('',#555,#556,#557);
#555 = CARTESIAN_POINT('',(-0.955,-0.6,4.5E-02));
#556 = DIRECTION('',(0.,0.,1.));
#557 = DIRECTION('',(1.,0.,-0.));
#558 = ADVANCED_FACE('',(#559),#622,.F.);
#559 = FACE_BOUND('',#560,.F.);
#560 = EDGE_LOOP('',(#561,#571,#578,#579,#580,#581,#590,#598,#607,#615)
  );
#561 = ORIENTED_EDGE('',*,*,#562,.F.);
#562 = EDGE_CURVE('',#563,#565,#567,.T.);
#563 = VERTEX_POINT('',#564);
#564 = CARTESIAN_POINT('',(0.745,-0.6,-2.775557561563E-17));
#565 = VERTEX_POINT('',#566);
#566 = CARTESIAN_POINT('',(0.955,-0.6,-2.775557561563E-17));
#567 = LINE('',#568,#569);
#568 = CARTESIAN_POINT('',(0.7,-0.6,0.));
#569 = VECTOR('',#570,1.);
#570 = DIRECTION('',(1.,0.,0.));
#571 = ORIENTED_EDGE('',*,*,#572,.F.);
#572 = EDGE_CURVE('',#441,#563,#573,.T.);
#573 = CIRCLE('',#574,4.5E-02);
#574 = AXIS2_PLACEMENT_3D('',#575,#576,#577);
#575 = CARTESIAN_POINT('',(0.745,-0.6,4.5E-02));
#576 = DIRECTION('',(0.,-1.,0.));
#577 = DIRECTION('',(0.,0.,1.));
#578 = ORIENTED_EDGE('',*,*,#440,.T.);
#579 = ORIENTED_EDGE('',*,*,#432,.T.);
#580 = ORIENTED_EDGE('',*,*,#424,.F.);
#581 = ORIENTED_EDGE('',*,*,#582,.T.);
#582 = EDGE_CURVE('',#417,#583,#585,.T.);
#583 = VERTEX_POINT('',#584);
#584 = CARTESIAN_POINT('',(0.745,-0.6,0.45));
#585 = CIRCLE('',#586,4.5E-02);
#586 = AXIS2_PLACEMENT_3D('',#587,#588,#589);
#587 = CARTESIAN_POINT('',(0.745,-0.6,0.405));
#588 = DIRECTION('',(0.,1.,0.));
#589 = DIRECTION('',(0.,-0.,1.));
#590 = ORIENTED_EDGE('',*,*,#591,.T.);
#591 = EDGE_CURVE('',#583,#592,#594,.T.);
#592 = VERTEX_POINT('',#593);
#593 = CARTESIAN_POINT('',(0.955,-0.6,0.45));
#594 = LINE('',#595,#596);
#595 = CARTESIAN_POINT('',(0.7,-0.6,0.45));
#596 = VECTOR('',#597,1.);
#597 = DIRECTION('',(1.,0.,0.));
#598 = ORIENTED_EDGE('',*,*,#599,.F.);
#599 = EDGE_CURVE('',#600,#592,#602,.T.);
#600 = VERTEX_POINT('',#601);
#601 = CARTESIAN_POINT('',(1.,-0.6,0.405));
#602 = CIRCLE('',#603,4.5E-02);
#603 = AXIS2_PLACEMENT_3D('',#604,#605,#606);
#604 = CARTESIAN_POINT('',(0.955,-0.6,0.405));
#605 = DIRECTION('',(0.,-1.,0.));
#606 = DIRECTION('',(0.,0.,1.));
#607 = ORIENTED_EDGE('',*,*,#608,.F.);
#608 = EDGE_CURVE('',#609,#600,#611,.T.);
#609 = VERTEX_POINT('',#610);
#610 = CARTESIAN_POINT('',(1.,-0.6,4.5E-02));
#611 = LINE('',#612,#613);
#612 = CARTESIAN_POINT('',(1.,-0.6,0.));
#613 = VECTOR('',#614,1.);
#614 = DIRECTION('',(0.,0.,1.));
#615 = ORIENTED_EDGE('',*,*,#616,.T.);
#616 = EDGE_CURVE('',#609,#565,#617,.T.);
#617 = CIRCLE('',#618,4.5E-02);
#618 = AXIS2_PLACEMENT_3D('',#619,#620,#621);
#619 = CARTESIAN_POINT('',(0.955,-0.6,4.5E-02));
#620 = DIRECTION('',(0.,1.,0.));
#621 = DIRECTION('',(0.,-0.,1.));
#622 = PLANE('',#623);
#623 = AXIS2_PLACEMENT_3D('',#624,#625,#626);
#624 = CARTESIAN_POINT('',(0.7,-0.6,0.));
#625 = DIRECTION('',(0.,1.,0.));
#626 = DIRECTION('',(0.,-0.,1.));
#627 = ADVANCED_FACE('',(#628),#653,.F.);
#628 = FACE_BOUND('',#629,.F.);
#629 = EDGE_LOOP('',(#630,#631,#639,#647));
#630 = ORIENTED_EDGE('',*,*,#416,.F.);
#631 = ORIENTED_EDGE('',*,*,#632,.T.);
#632 = EDGE_CURVE('',#215,#633,#635,.T.);
#633 = VERTEX_POINT('',#634);
#634 = CARTESIAN_POINT('',(-0.7,-0.6,0.45));
#635 = LINE('',#636,#637);
#636 = CARTESIAN_POINT('',(-0.7,-0.6,0.405));
#637 = VECTOR('',#638,1.);
#638 = DIRECTION('',(0.,0.,1.));
#639 = ORIENTED_EDGE('',*,*,#640,.T.);
#640 = EDGE_CURVE('',#633,#641,#643,.T.);
#641 = VERTEX_POINT('',#642);
#642 = CARTESIAN_POINT('',(0.7,-0.6,0.45));
#643 = LINE('',#644,#645);
#644 = CARTESIAN_POINT('',(-0.7,-0.6,0.45));
#645 = VECTOR('',#646,1.);
#646 = DIRECTION('',(1.,0.,0.));
#647 = ORIENTED_EDGE('',*,*,#648,.F.);
#648 = EDGE_CURVE('',#417,#641,#649,.T.);
#649 = LINE('',#650,#651);
#650 = CARTESIAN_POINT('',(0.7,-0.6,0.405));
#651 = VECTOR('',#652,1.);
#652 = DIRECTION('',(0.,0.,1.));
#653 = PLANE('',#654);
#654 = AXIS2_PLACEMENT_3D('',#655,#656,#657);
#655 = CARTESIAN_POINT('',(-0.7,-0.6,0.405));
#656 = DIRECTION('',(0.,1.,0.));
#657 = DIRECTION('',(0.,-0.,1.));
#658 = ADVANCED_FACE('',(#659),#677,.F.);
#659 = FACE_BOUND('',#660,.F.);
#660 = EDGE_LOOP('',(#661,#662,#663,#671));
#661 = ORIENTED_EDGE('',*,*,#632,.F.);
#662 = ORIENTED_EDGE('',*,*,#479,.T.);
#663 = ORIENTED_EDGE('',*,*,#664,.T.);
#664 = EDGE_CURVE('',#332,#665,#667,.T.);
#665 = VERTEX_POINT('',#666);
#666 = CARTESIAN_POINT('',(-0.7,0.6,0.45));
#667 = LINE('',#668,#669);
#668 = CARTESIAN_POINT('',(-0.7,0.6,0.405));
#669 = VECTOR('',#670,1.);
#670 = DIRECTION('',(0.,0.,1.));
#671 = ORIENTED_EDGE('',*,*,#672,.F.);
#672 = EDGE_CURVE('',#633,#665,#673,.T.);
#673 = LINE('',#674,#675);
#674 = CARTESIAN_POINT('',(-0.7,-0.6,0.45));
#675 = VECTOR('',#676,1.);
#676 = DIRECTION('',(0.,1.,0.));
#677 = PLANE('',#678);
#678 = AXIS2_PLACEMENT_3D('',#679,#680,#681);
#679 = CARTESIAN_POINT('',(-0.7,-0.6,0.405));
#680 = DIRECTION('',(1.,0.,0.));
#681 = DIRECTION('',(0.,0.,1.));
#682 = ADVANCED_FACE('',(#683),#746,.T.);
#683 = FACE_BOUND('',#684,.T.);
#684 = EDGE_LOOP('',(#685,#695,#702,#703,#704,#705,#714,#722,#731,#739)
  );
#685 = ORIENTED_EDGE('',*,*,#686,.F.);
#686 = EDGE_CURVE('',#687,#689,#691,.T.);
#687 = VERTEX_POINT('',#688);
#688 = CARTESIAN_POINT('',(0.745,0.6,-2.775557561563E-17));
#689 = VERTEX_POINT('',#690);
#690 = CARTESIAN_POINT('',(0.955,0.6,-2.775557561563E-17));
#691 = LINE('',#692,#693);
#692 = CARTESIAN_POINT('',(0.7,0.6,0.));
#693 = VECTOR('',#694,1.);
#694 = DIRECTION('',(1.,0.,0.));
#695 = ORIENTED_EDGE('',*,*,#696,.F.);
#696 = EDGE_CURVE('',#524,#687,#697,.T.);
#697 = CIRCLE('',#698,4.5E-02);
#698 = AXIS2_PLACEMENT_3D('',#699,#700,#701);
#699 = CARTESIAN_POINT('',(0.745,0.6,4.5E-02));
#700 = DIRECTION('',(0.,-1.,0.));
#701 = DIRECTION('',(0.,0.,1.));
#702 = ORIENTED_EDGE('',*,*,#523,.T.);
#703 = ORIENTED_EDGE('',*,*,#515,.T.);
#704 = ORIENTED_EDGE('',*,*,#507,.F.);
#705 = ORIENTED_EDGE('',*,*,#706,.T.);
#706 = EDGE_CURVE('',#500,#707,#709,.T.);
#707 = VERTEX_POINT('',#708);
#708 = CARTESIAN_POINT('',(0.745,0.6,0.45));
#709 = CIRCLE('',#710,4.5E-02);
#710 = AXIS2_PLACEMENT_3D('',#711,#712,#713);
#711 = CARTESIAN_POINT('',(0.745,0.6,0.405));
#712 = DIRECTION('',(0.,1.,0.));
#713 = DIRECTION('',(0.,-0.,1.));
#714 = ORIENTED_EDGE('',*,*,#715,.T.);
#715 = EDGE_CURVE('',#707,#716,#718,.T.);
#716 = VERTEX_POINT('',#717);
#717 = CARTESIAN_POINT('',(0.955,0.6,0.45));
#718 = LINE('',#719,#720);
#719 = CARTESIAN_POINT('',(0.7,0.6,0.45));
#720 = VECTOR('',#721,1.);
#721 = DIRECTION('',(1.,0.,0.));
#722 = ORIENTED_EDGE('',*,*,#723,.F.);
#723 = EDGE_CURVE('',#724,#716,#726,.T.);
#724 = VERTEX_POINT('',#725);
#725 = CARTESIAN_POINT('',(1.,0.6,0.405));
#726 = CIRCLE('',#727,4.5E-02);
#727 = AXIS2_PLACEMENT_3D('',#728,#729,#730);
#728 = CARTESIAN_POINT('',(0.955,0.6,0.405));
#729 = DIRECTION('',(0.,-1.,0.));
#730 = DIRECTION('',(0.,0.,1.));
#731 = ORIENTED_EDGE('',*,*,#732,.F.);
#732 = EDGE_CURVE('',#733,#724,#735,.T.);
#733 = VERTEX_POINT('',#734);
#734 = CARTESIAN_POINT('',(1.,0.6,4.5E-02));
#735 = LINE('',#736,#737);
#736 = CARTESIAN_POINT('',(1.,0.6,0.));
#737 = VECTOR('',#738,1.);
#738 = DIRECTION('',(0.,0.,1.));
#739 = ORIENTED_EDGE('',*,*,#740,.T.);
#740 = EDGE_CURVE('',#733,#689,#741,.T.);
#741 = CIRCLE('',#742,4.5E-02);
#742 = AXIS2_PLACEMENT_3D('',#743,#744,#745);
#743 = CARTESIAN_POINT('',(0.955,0.6,4.5E-02));
#744 = DIRECTION('',(0.,1.,0.));
#745 = DIRECTION('',(0.,-0.,1.));
#746 = PLANE('',#747);
#747 = AXIS2_PLACEMENT_3D('',#748,#749,#750);
#748 = CARTESIAN_POINT('',(0.7,0.6,0.));
#749 = DIRECTION('',(0.,1.,0.));
#750 = DIRECTION('',(0.,-0.,1.));
#751 = ADVANCED_FACE('',(#752),#770,.T.);
#752 = FACE_BOUND('',#753,.T.);
#753 = EDGE_LOOP('',(#754,#755,#756,#764));
#754 = ORIENTED_EDGE('',*,*,#499,.F.);
#755 = ORIENTED_EDGE('',*,*,#664,.T.);
#756 = ORIENTED_EDGE('',*,*,#757,.T.);
#757 = EDGE_CURVE('',#665,#758,#760,.T.);
#758 = VERTEX_POINT('',#759);
#759 = CARTESIAN_POINT('',(0.7,0.6,0.45));
#760 = LINE('',#761,#762);
#761 = CARTESIAN_POINT('',(-0.7,0.6,0.45));
#762 = VECTOR('',#763,1.);
#763 = DIRECTION('',(1.,0.,0.));
#764 = ORIENTED_EDGE('',*,*,#765,.F.);
#765 = EDGE_CURVE('',#500,#758,#766,.T.);
#766 = LINE('',#767,#768);
#767 = CARTESIAN_POINT('',(0.7,0.6,0.405));
#768 = VECTOR('',#769,1.);
#769 = DIRECTION('',(0.,0.,1.));
#770 = PLANE('',#771);
#771 = AXIS2_PLACEMENT_3D('',#772,#773,#774);
#772 = CARTESIAN_POINT('',(-0.7,0.6,0.405));
#773 = DIRECTION('',(0.,1.,0.));
#774 = DIRECTION('',(0.,-0.,1.));
#775 = ADVANCED_FACE('',(#776),#787,.T.);
#776 = FACE_BOUND('',#777,.T.);
#777 = EDGE_LOOP('',(#778,#779,#780,#786));
#778 = ORIENTED_EDGE('',*,*,#547,.T.);
#779 = ORIENTED_EDGE('',*,*,#696,.T.);
#780 = ORIENTED_EDGE('',*,*,#781,.F.);
#781 = EDGE_CURVE('',#563,#687,#782,.T.);
#782 = LINE('',#783,#784);
#783 = CARTESIAN_POINT('',(0.745,-0.6,-2.775557561563E-17));
#784 = VECTOR('',#785,1.);
#785 = DIRECTION('',(0.,1.,0.));
#786 = ORIENTED_EDGE('',*,*,#572,.F.);
#787 = CYLINDRICAL_SURFACE('',#788,4.5E-02);
#788 = AXIS2_PLACEMENT_3D('',#789,#790,#791);
#789 = CARTESIAN_POINT('',(0.745,-0.6,4.5E-02));
#790 = DIRECTION('',(0.,1.,0.));
#791 = DIRECTION('',(-1.,0.,0.));
#792 = ADVANCED_FACE('',(#793),#804,.F.);
#793 = FACE_BOUND('',#794,.F.);
#794 = EDGE_LOOP('',(#795,#796,#797,#798));
#795 = ORIENTED_EDGE('',*,*,#686,.F.);
#796 = ORIENTED_EDGE('',*,*,#781,.F.);
#797 = ORIENTED_EDGE('',*,*,#562,.T.);
#798 = ORIENTED_EDGE('',*,*,#799,.T.);
#799 = EDGE_CURVE('',#565,#689,#800,.T.);
#800 = LINE('',#801,#802);
#801 = CARTESIAN_POINT('',(0.955,-0.6,-2.775557561563E-17));
#802 = VECTOR('',#803,1.);
#803 = DIRECTION('',(0.,1.,0.));
#804 = PLANE('',#805);
#805 = AXIS2_PLACEMENT_3D('',#806,#807,#808);
#806 = CARTESIAN_POINT('',(0.7,-0.6,0.));
#807 = DIRECTION('',(0.,0.,1.));
#808 = DIRECTION('',(1.,0.,-0.));
#809 = ADVANCED_FACE('',(#810),#821,.T.);
#810 = FACE_BOUND('',#811,.T.);
#811 = EDGE_LOOP('',(#812,#813,#814,#815));
#812 = ORIENTED_EDGE('',*,*,#616,.T.);
#813 = ORIENTED_EDGE('',*,*,#799,.T.);
#814 = ORIENTED_EDGE('',*,*,#740,.F.);
#815 = ORIENTED_EDGE('',*,*,#816,.F.);
#816 = EDGE_CURVE('',#609,#733,#817,.T.);
#817 = LINE('',#818,#819);
#818 = CARTESIAN_POINT('',(1.,-0.6,4.5E-02));
#819 = VECTOR('',#820,1.);
#820 = DIRECTION('',(0.,1.,0.));
#821 = CYLINDRICAL_SURFACE('',#822,4.5E-02);
#822 = AXIS2_PLACEMENT_3D('',#823,#824,#825);
#823 = CARTESIAN_POINT('',(0.955,-0.6,4.5E-02));
#824 = DIRECTION('',(0.,1.,0.));
#825 = DIRECTION('',(1.,0.,0.));
#826 = ADVANCED_FACE('',(#827),#838,.T.);
#827 = FACE_BOUND('',#828,.T.);
#828 = EDGE_LOOP('',(#829,#830,#831,#832));
#829 = ORIENTED_EDGE('',*,*,#608,.F.);
#830 = ORIENTED_EDGE('',*,*,#816,.T.);
#831 = ORIENTED_EDGE('',*,*,#732,.T.);
#832 = ORIENTED_EDGE('',*,*,#833,.F.);
#833 = EDGE_CURVE('',#600,#724,#834,.T.);
#834 = LINE('',#835,#836);
#835 = CARTESIAN_POINT('',(1.,-0.6,0.405));
#836 = VECTOR('',#837,1.);
#837 = DIRECTION('',(0.,1.,0.));
#838 = PLANE('',#839);
#839 = AXIS2_PLACEMENT_3D('',#840,#841,#842);
#840 = CARTESIAN_POINT('',(1.,-0.6,0.));
#841 = DIRECTION('',(1.,0.,0.));
#842 = DIRECTION('',(0.,0.,1.));
#843 = ADVANCED_FACE('',(#844),#855,.T.);
#844 = FACE_BOUND('',#845,.T.);
#845 = EDGE_LOOP('',(#846,#847,#848,#854));
#846 = ORIENTED_EDGE('',*,*,#833,.T.);
#847 = ORIENTED_EDGE('',*,*,#723,.T.);
#848 = ORIENTED_EDGE('',*,*,#849,.F.);
#849 = EDGE_CURVE('',#592,#716,#850,.T.);
#850 = LINE('',#851,#852);
#851 = CARTESIAN_POINT('',(0.955,-0.6,0.45));
#852 = VECTOR('',#853,1.);
#853 = DIRECTION('',(0.,1.,0.));
#854 = ORIENTED_EDGE('',*,*,#599,.F.);
#855 = CYLINDRICAL_SURFACE('',#856,4.5E-02);
#856 = AXIS2_PLACEMENT_3D('',#857,#858,#859);
#857 = CARTESIAN_POINT('',(0.955,-0.6,0.405));
#858 = DIRECTION('',(0.,1.,0.));
#859 = DIRECTION('',(1.,0.,0.));
#860 = ADVANCED_FACE('',(#861),#872,.T.);
#861 = FACE_BOUND('',#862,.T.);
#862 = EDGE_LOOP('',(#863,#864,#870,#871));
#863 = ORIENTED_EDGE('',*,*,#715,.F.);
#864 = ORIENTED_EDGE('',*,*,#865,.F.);
#865 = EDGE_CURVE('',#583,#707,#866,.T.);
#866 = LINE('',#867,#868);
#867 = CARTESIAN_POINT('',(0.745,-0.6,0.45));
#868 = VECTOR('',#869,1.);
#869 = DIRECTION('',(0.,1.,0.));
#870 = ORIENTED_EDGE('',*,*,#591,.T.);
#871 = ORIENTED_EDGE('',*,*,#849,.T.);
#872 = PLANE('',#873);
#873 = AXIS2_PLACEMENT_3D('',#874,#875,#876);
#874 = CARTESIAN_POINT('',(0.7,-0.6,0.45));
#875 = DIRECTION('',(0.,0.,1.));
#876 = DIRECTION('',(1.,0.,-0.));
#877 = ADVANCED_FACE('',(#878),#889,.T.);
#878 = FACE_BOUND('',#879,.T.);
#879 = EDGE_LOOP('',(#880,#881,#882,#883));
#880 = ORIENTED_EDGE('',*,*,#582,.T.);
#881 = ORIENTED_EDGE('',*,*,#865,.T.);
#882 = ORIENTED_EDGE('',*,*,#706,.F.);
#883 = ORIENTED_EDGE('',*,*,#884,.F.);
#884 = EDGE_CURVE('',#417,#500,#885,.T.);
#885 = LINE('',#886,#887);
#886 = CARTESIAN_POINT('',(0.7,-0.6,0.405));
#887 = VECTOR('',#888,1.);
#888 = DIRECTION('',(0.,1.,0.));
#889 = CYLINDRICAL_SURFACE('',#890,4.5E-02);
#890 = AXIS2_PLACEMENT_3D('',#891,#892,#893);
#891 = CARTESIAN_POINT('',(0.745,-0.6,0.405));
#892 = DIRECTION('',(0.,1.,0.));
#893 = DIRECTION('',(-1.,0.,0.));
#894 = ADVANCED_FACE('',(#895),#906,.T.);
#895 = FACE_BOUND('',#896,.T.);
#896 = EDGE_LOOP('',(#897,#898,#899,#900));
#897 = ORIENTED_EDGE('',*,*,#648,.F.);
#898 = ORIENTED_EDGE('',*,*,#884,.T.);
#899 = ORIENTED_EDGE('',*,*,#765,.T.);
#900 = ORIENTED_EDGE('',*,*,#901,.F.);
#901 = EDGE_CURVE('',#641,#758,#902,.T.);
#902 = LINE('',#903,#904);
#903 = CARTESIAN_POINT('',(0.7,-0.6,0.45));
#904 = VECTOR('',#905,1.);
#905 = DIRECTION('',(0.,1.,0.));
#906 = PLANE('',#907);
#907 = AXIS2_PLACEMENT_3D('',#908,#909,#910);
#908 = CARTESIAN_POINT('',(0.7,-0.6,0.405));
#909 = DIRECTION('',(1.,0.,0.));
#910 = DIRECTION('',(0.,0.,1.));
#911 = ADVANCED_FACE('',(#912),#918,.T.);
#912 = FACE_BOUND('',#913,.T.);
#913 = EDGE_LOOP('',(#914,#915,#916,#917));
#914 = ORIENTED_EDGE('',*,*,#672,.F.);
#915 = ORIENTED_EDGE('',*,*,#640,.T.);
#916 = ORIENTED_EDGE('',*,*,#901,.T.);
#917 = ORIENTED_EDGE('',*,*,#757,.F.);
#918 = PLANE('',#919);
#919 = AXIS2_PLACEMENT_3D('',#920,#921,#922);
#920 = CARTESIAN_POINT('',(-0.7,-0.6,0.45));
#921 = DIRECTION('',(0.,0.,1.));
#922 = DIRECTION('',(1.,0.,-0.));
#923 = ( GEOMETRIC_REPRESENTATION_CONTEXT(3) 
GLOBAL_UNCERTAINTY_ASSIGNED_CONTEXT((#927)) GLOBAL_UNIT_ASSIGNED_CONTEXT
((#924,#925,#926)) REPRESENTATION_CONTEXT('Context #1',
  '3D Context with UNIT and UNCERTAINTY') );
#924 = ( LENGTH_UNIT() NAMED_UNIT(*) SI_UNIT(.MILLI.,.METRE.) );
#925 = ( NAMED_UNIT(*) PLANE_ANGLE_UNIT() SI_UNIT($,.RADIAN.) );
#926 = ( NAMED_UNIT(*) SI_UNIT($,.STERADIAN.) SOLID_ANGLE_UNIT() );
#927 = UNCERTAINTY_MEASURE_WITH_UNIT(LENGTH_MEASURE(1.E-07),#924,
  'distance_accuracy_value','confusion accuracy');
#928 = CONTEXT_DEPENDENT_SHAPE_REPRESENTATION(#929,#931);
#929 = ( REPRESENTATION_RELATIONSHIP('','',#132,#10) 
REPRESENTATION_RELATIONSHIP_WITH_TRANSFORMATION(#930) 
SHAPE_REPRESENTATION_RELATIONSHIP() );
#930 = ITEM_DEFINED_TRANSFORMATION('','',#11,#15);
#931 = PRODUCT_DEFINITION_SHAPE('Placement','Placement of an item',#932
  );
#932 = NEXT_ASSEMBLY_USAGE_OCCURRENCE('1','R4','',#5,#127,$);
#933 = PRODUCT_RELATED_PRODUCT_CATEGORY('part',$,(#129));
#934 = SHAPE_DEFINITION_REPRESENTATION(#935,#941);
#935 = PRODUCT_DEFINITION_SHAPE('','',#936);
#936 = PRODUCT_DEFINITION('design','',#937,#940);
#937 = PRODUCT_DEFINITION_FORMATION('','',#938);
#938 = PRODUCT('C_0805_2012Metric','C_0805_2012Metric','',(#939));
#939 = PRODUCT_CONTEXT('',#2,'mechanical');
#940 = PRODUCT_DEFINITION_CONTEXT('part definition',#2,'design');
#941 = ADVANCED_BREP_SHAPE_REPRESENTATION('',(#11,#942),#1796);
#942 = MANIFOLD_SOLID_BREP('',#943);
#943 = CLOSED_SHELL('',(#944,#1020,#1051,#1076,#1101,#1125,#1149,#1174,
    #1199,#1216,#1302,#1334,#1358,#1383,#1407,#1432,#1456,#1481,#1498,
    #1584,#1615,#1640,#1665,#1689,#1713,#1738,#1763,#1780));
#944 = ADVANCED_FACE('',(#945),#1015,.F.);
#945 = FACE_BOUND('',#946,.F.);
#946 = EDGE_LOOP('',(#947,#957,#966,#974,#983,#991,#1000,#1008));
#947 = ORIENTED_EDGE('',*,*,#948,.F.);
#948 = EDGE_CURVE('',#949,#951,#953,.T.);
#949 = VERTEX_POINT('',#950);
#950 = CARTESIAN_POINT('',(-1.,-0.625,4.E-02));
#951 = VERTEX_POINT('',#952);
#952 = CARTESIAN_POINT('',(-1.,-0.625,1.21));
#953 = LINE('',#954,#955);
#954 = CARTESIAN_POINT('',(-1.,-0.625,0.));
#955 = VECTOR('',#956,1.);
#956 = DIRECTION('',(0.,0.,1.));
#957 = ORIENTED_EDGE('',*,*,#958,.T.);
#958 = EDGE_CURVE('',#949,#959,#961,.T.);
#959 = VERTEX_POINT('',#960);
#960 = CARTESIAN_POINT('',(-1.,-0.585,0.));
#961 = CIRCLE('',#962,4.E-02);
#962 = AXIS2_PLACEMENT_3D('',#963,#964,#965);
#963 = CARTESIAN_POINT('',(-1.,-0.585,4.E-02));
#964 = DIRECTION('',(1.,0.,-0.));
#965 = DIRECTION('',(0.,0.,1.));
#966 = ORIENTED_EDGE('',*,*,#967,.T.);
#967 = EDGE_CURVE('',#959,#968,#970,.T.);
#968 = VERTEX_POINT('',#969);
#969 = CARTESIAN_POINT('',(-1.,0.585,0.));
#970 = LINE('',#971,#972);
#971 = CARTESIAN_POINT('',(-1.,-0.625,0.));
#972 = VECTOR('',#973,1.);
#973 = DIRECTION('',(0.,1.,0.));
#974 = ORIENTED_EDGE('',*,*,#975,.F.);
#975 = EDGE_CURVE('',#976,#968,#978,.T.);
#976 = VERTEX_POINT('',#977);
#977 = CARTESIAN_POINT('',(-1.,0.625,4.E-02));
#978 = CIRCLE('',#979,4.E-02);
#979 = AXIS2_PLACEMENT_3D('',#980,#981,#982);
#980 = CARTESIAN_POINT('',(-1.,0.585,4.E-02));
#981 = DIRECTION('',(-1.,0.,0.));
#982 = DIRECTION('',(0.,0.,1.));
#983 = ORIENTED_EDGE('',*,*,#984,.T.);
#984 = EDGE_CURVE('',#976,#985,#987,.T.);
#985 = VERTEX_POINT('',#986);
#986 = CARTESIAN_POINT('',(-1.,0.625,1.21));
#987 = LINE('',#988,#989);
#988 = CARTESIAN_POINT('',(-1.,0.625,0.));
#989 = VECTOR('',#990,1.);
#990 = DIRECTION('',(0.,0.,1.));
#991 = ORIENTED_EDGE('',*,*,#992,.T.);
#992 = EDGE_CURVE('',#985,#993,#995,.T.);
#993 = VERTEX_POINT('',#994);
#994 = CARTESIAN_POINT('',(-1.,0.585,1.25));
#995 = CIRCLE('',#996,4.E-02);
#996 = AXIS2_PLACEMENT_3D('',#997,#998,#999);
#997 = CARTESIAN_POINT('',(-1.,0.585,1.21));
#998 = DIRECTION('',(1.,0.,-0.));
#999 = DIRECTION('',(0.,0.,1.));
#1000 = ORIENTED_EDGE('',*,*,#1001,.F.);
#1001 = EDGE_CURVE('',#1002,#993,#1004,.T.);
#1002 = VERTEX_POINT('',#1003);
#1003 = CARTESIAN_POINT('',(-1.,-0.585,1.25));
#1004 = LINE('',#1005,#1006);
#1005 = CARTESIAN_POINT('',(-1.,-0.625,1.25));
#1006 = VECTOR('',#1007,1.);
#1007 = DIRECTION('',(0.,1.,0.));
#1008 = ORIENTED_EDGE('',*,*,#1009,.F.);
#1009 = EDGE_CURVE('',#951,#1002,#1010,.T.);
#1010 = CIRCLE('',#1011,4.E-02);
#1011 = AXIS2_PLACEMENT_3D('',#1012,#1013,#1014);
#1012 = CARTESIAN_POINT('',(-1.,-0.585,1.21));
#1013 = DIRECTION('',(-1.,0.,0.));
#1014 = DIRECTION('',(0.,0.,1.));
#1015 = PLANE('',#1016);
#1016 = AXIS2_PLACEMENT_3D('',#1017,#1018,#1019);
#1017 = CARTESIAN_POINT('',(-1.,-0.625,0.));
#1018 = DIRECTION('',(1.,0.,0.));
#1019 = DIRECTION('',(0.,0.,1.));
#1020 = ADVANCED_FACE('',(#1021),#1046,.F.);
#1021 = FACE_BOUND('',#1022,.F.);
#1022 = EDGE_LOOP('',(#1023,#1033,#1039,#1040));
#1023 = ORIENTED_EDGE('',*,*,#1024,.F.);
#1024 = EDGE_CURVE('',#1025,#1027,#1029,.T.);
#1025 = VERTEX_POINT('',#1026);
#1026 = CARTESIAN_POINT('',(-0.6,-0.625,4.E-02));
#1027 = VERTEX_POINT('',#1028);
#1028 = CARTESIAN_POINT('',(-0.6,-0.625,1.21));
#1029 = LINE('',#1030,#1031);
#1030 = CARTESIAN_POINT('',(-0.6,-0.625,0.));
#1031 = VECTOR('',#1032,1.);
#1032 = DIRECTION('',(0.,0.,1.));
#1033 = ORIENTED_EDGE('',*,*,#1034,.F.);
#1034 = EDGE_CURVE('',#949,#1025,#1035,.T.);
#1035 = LINE('',#1036,#1037);
#1036 = CARTESIAN_POINT('',(-1.,-0.625,4.E-02));
#1037 = VECTOR('',#1038,1.);
#1038 = DIRECTION('',(1.,0.,0.));
#1039 = ORIENTED_EDGE('',*,*,#948,.T.);
#1040 = ORIENTED_EDGE('',*,*,#1041,.T.);
#1041 = EDGE_CURVE('',#951,#1027,#1042,.T.);
#1042 = LINE('',#1043,#1044);
#1043 = CARTESIAN_POINT('',(-1.,-0.625,1.21));
#1044 = VECTOR('',#1045,1.);
#1045 = DIRECTION('',(1.,0.,0.));
#1046 = PLANE('',#1047);
#1047 = AXIS2_PLACEMENT_3D('',#1048,#1049,#1050);
#1048 = CARTESIAN_POINT('',(-1.,-0.625,0.));
#1049 = DIRECTION('',(0.,1.,0.));
#1050 = DIRECTION('',(0.,-0.,1.));
#1051 = ADVANCED_FACE('',(#1052),#1071,.T.);
#1052 = FACE_BOUND('',#1053,.T.);
#1053 = EDGE_LOOP('',(#1054,#1055,#1063,#1070));
#1054 = ORIENTED_EDGE('',*,*,#958,.T.);
#1055 = ORIENTED_EDGE('',*,*,#1056,.T.);
#1056 = EDGE_CURVE('',#959,#1057,#1059,.T.);
#1057 = VERTEX_POINT('',#1058);
#1058 = CARTESIAN_POINT('',(-0.6,-0.585,0.));
#1059 = LINE('',#1060,#1061);
#1060 = CARTESIAN_POINT('',(-1.,-0.585,0.));
#1061 = VECTOR('',#1062,1.);
#1062 = DIRECTION('',(1.,0.,0.));
#1063 = ORIENTED_EDGE('',*,*,#1064,.F.);
#1064 = EDGE_CURVE('',#1025,#1057,#1065,.T.);
#1065 = CIRCLE('',#1066,4.E-02);
#1066 = AXIS2_PLACEMENT_3D('',#1067,#1068,#1069);
#1067 = CARTESIAN_POINT('',(-0.6,-0.585,4.E-02));
#1068 = DIRECTION('',(1.,0.,-0.));
#1069 = DIRECTION('',(0.,0.,1.));
#1070 = ORIENTED_EDGE('',*,*,#1034,.F.);
#1071 = CYLINDRICAL_SURFACE('',#1072,4.E-02);
#1072 = AXIS2_PLACEMENT_3D('',#1073,#1074,#1075);
#1073 = CARTESIAN_POINT('',(-1.,-0.585,4.E-02));
#1074 = DIRECTION('',(1.,0.,0.));
#1075 = DIRECTION('',(0.,-1.,0.));
#1076 = ADVANCED_FACE('',(#1077),#1096,.T.);
#1077 = FACE_BOUND('',#1078,.T.);
#1078 = EDGE_LOOP('',(#1079,#1080,#1089,#1095));
#1079 = ORIENTED_EDGE('',*,*,#1041,.T.);
#1080 = ORIENTED_EDGE('',*,*,#1081,.T.);
#1081 = EDGE_CURVE('',#1027,#1082,#1084,.T.);
#1082 = VERTEX_POINT('',#1083);
#1083 = CARTESIAN_POINT('',(-0.6,-0.585,1.25));
#1084 = CIRCLE('',#1085,4.E-02);
#1085 = AXIS2_PLACEMENT_3D('',#1086,#1087,#1088);
#1086 = CARTESIAN_POINT('',(-0.6,-0.585,1.21));
#1087 = DIRECTION('',(-1.,0.,0.));
#1088 = DIRECTION('',(0.,0.,1.));
#1089 = ORIENTED_EDGE('',*,*,#1090,.F.);
#1090 = EDGE_CURVE('',#1002,#1082,#1091,.T.);
#1091 = LINE('',#1092,#1093);
#1092 = CARTESIAN_POINT('',(-1.,-0.585,1.25));
#1093 = VECTOR('',#1094,1.);
#1094 = DIRECTION('',(1.,0.,0.));
#1095 = ORIENTED_EDGE('',*,*,#1009,.F.);
#1096 = CYLINDRICAL_SURFACE('',#1097,4.E-02);
#1097 = AXIS2_PLACEMENT_3D('',#1098,#1099,#1100);
#1098 = CARTESIAN_POINT('',(-1.,-0.585,1.21));
#1099 = DIRECTION('',(1.,0.,0.));
#1100 = DIRECTION('',(0.,-1.,0.));
#1101 = ADVANCED_FACE('',(#1102),#1120,.F.);
#1102 = FACE_BOUND('',#1103,.F.);
#1103 = EDGE_LOOP('',(#1104,#1105,#1106,#1114));
#1104 = ORIENTED_EDGE('',*,*,#967,.F.);
#1105 = ORIENTED_EDGE('',*,*,#1056,.T.);
#1106 = ORIENTED_EDGE('',*,*,#1107,.T.);
#1107 = EDGE_CURVE('',#1057,#1108,#1110,.T.);
#1108 = VERTEX_POINT('',#1109);
#1109 = CARTESIAN_POINT('',(-0.6,0.585,0.));
#1110 = LINE('',#1111,#1112);
#1111 = CARTESIAN_POINT('',(-0.6,-0.625,0.));
#1112 = VECTOR('',#1113,1.);
#1113 = DIRECTION('',(0.,1.,0.));
#1114 = ORIENTED_EDGE('',*,*,#1115,.F.);
#1115 = EDGE_CURVE('',#968,#1108,#1116,.T.);
#1116 = LINE('',#1117,#1118);
#1117 = CARTESIAN_POINT('',(-1.,0.585,0.));
#1118 = VECTOR('',#1119,1.);
#1119 = DIRECTION('',(1.,0.,0.));
#1120 = PLANE('',#1121);
#1121 = AXIS2_PLACEMENT_3D('',#1122,#1123,#1124);
#1122 = CARTESIAN_POINT('',(-1.,-0.625,0.));
#1123 = DIRECTION('',(0.,0.,1.));
#1124 = DIRECTION('',(1.,0.,-0.));
#1125 = ADVANCED_FACE('',(#1126),#1144,.T.);
#1126 = FACE_BOUND('',#1127,.T.);
#1127 = EDGE_LOOP('',(#1128,#1129,#1130,#1138));
#1128 = ORIENTED_EDGE('',*,*,#1001,.F.);
#1129 = ORIENTED_EDGE('',*,*,#1090,.T.);
#1130 = ORIENTED_EDGE('',*,*,#1131,.T.);
#1131 = EDGE_CURVE('',#1082,#1132,#1134,.T.);
#1132 = VERTEX_POINT('',#1133);
#1133 = CARTESIAN_POINT('',(-0.6,0.585,1.25));
#1134 = LINE('',#1135,#1136);
#1135 = CARTESIAN_POINT('',(-0.6,-0.625,1.25));
#1136 = VECTOR('',#1137,1.);
#1137 = DIRECTION('',(0.,1.,0.));
#1138 = ORIENTED_EDGE('',*,*,#1139,.F.);
#1139 = EDGE_CURVE('',#993,#1132,#1140,.T.);
#1140 = LINE('',#1141,#1142);
#1141 = CARTESIAN_POINT('',(-1.,0.585,1.25));
#1142 = VECTOR('',#1143,1.);
#1143 = DIRECTION('',(1.,0.,0.));
#1144 = PLANE('',#1145);
#1145 = AXIS2_PLACEMENT_3D('',#1146,#1147,#1148);
#1146 = CARTESIAN_POINT('',(-1.,-0.625,1.25));
#1147 = DIRECTION('',(0.,0.,1.));
#1148 = DIRECTION('',(1.,0.,-0.));
#1149 = ADVANCED_FACE('',(#1150),#1169,.T.);
#1150 = FACE_BOUND('',#1151,.T.);
#1151 = EDGE_LOOP('',(#1152,#1160,#1167,#1168));
#1152 = ORIENTED_EDGE('',*,*,#1153,.T.);
#1153 = EDGE_CURVE('',#976,#1154,#1156,.T.);
#1154 = VERTEX_POINT('',#1155);
#1155 = CARTESIAN_POINT('',(-0.6,0.625,4.E-02));
#1156 = LINE('',#1157,#1158);
#1157 = CARTESIAN_POINT('',(-1.,0.625,4.E-02));
#1158 = VECTOR('',#1159,1.);
#1159 = DIRECTION('',(1.,0.,0.));
#1160 = ORIENTED_EDGE('',*,*,#1161,.T.);
#1161 = EDGE_CURVE('',#1154,#1108,#1162,.T.);
#1162 = CIRCLE('',#1163,4.E-02);
#1163 = AXIS2_PLACEMENT_3D('',#1164,#1165,#1166);
#1164 = CARTESIAN_POINT('',(-0.6,0.585,4.E-02));
#1165 = DIRECTION('',(-1.,0.,0.));
#1166 = DIRECTION('',(0.,0.,1.));
#1167 = ORIENTED_EDGE('',*,*,#1115,.F.);
#1168 = ORIENTED_EDGE('',*,*,#975,.F.);
#1169 = CYLINDRICAL_SURFACE('',#1170,4.E-02);
#1170 = AXIS2_PLACEMENT_3D('',#1171,#1172,#1173);
#1171 = CARTESIAN_POINT('',(-1.,0.585,4.E-02));
#1172 = DIRECTION('',(1.,0.,0.));
#1173 = DIRECTION('',(-0.,1.,0.));
#1174 = ADVANCED_FACE('',(#1175),#1194,.T.);
#1175 = FACE_BOUND('',#1176,.T.);
#1176 = EDGE_LOOP('',(#1177,#1178,#1179,#1188));
#1177 = ORIENTED_EDGE('',*,*,#992,.T.);
#1178 = ORIENTED_EDGE('',*,*,#1139,.T.);
#1179 = ORIENTED_EDGE('',*,*,#1180,.F.);
#1180 = EDGE_CURVE('',#1181,#1132,#1183,.T.);
#1181 = VERTEX_POINT('',#1182);
#1182 = CARTESIAN_POINT('',(-0.6,0.625,1.21));
#1183 = CIRCLE('',#1184,4.E-02);
#1184 = AXIS2_PLACEMENT_3D('',#1185,#1186,#1187);
#1185 = CARTESIAN_POINT('',(-0.6,0.585,1.21));
#1186 = DIRECTION('',(1.,0.,-0.));
#1187 = DIRECTION('',(0.,0.,1.));
#1188 = ORIENTED_EDGE('',*,*,#1189,.F.);
#1189 = EDGE_CURVE('',#985,#1181,#1190,.T.);
#1190 = LINE('',#1191,#1192);
#1191 = CARTESIAN_POINT('',(-1.,0.625,1.21));
#1192 = VECTOR('',#1193,1.);
#1193 = DIRECTION('',(1.,0.,0.));
#1194 = CYLINDRICAL_SURFACE('',#1195,4.E-02);
#1195 = AXIS2_PLACEMENT_3D('',#1196,#1197,#1198);
#1196 = CARTESIAN_POINT('',(-1.,0.585,1.21));
#1197 = DIRECTION('',(1.,0.,0.));
#1198 = DIRECTION('',(-0.,1.,0.));
#1199 = ADVANCED_FACE('',(#1200),#1211,.T.);
#1200 = FACE_BOUND('',#1201,.T.);
#1201 = EDGE_LOOP('',(#1202,#1208,#1209,#1210));
#1202 = ORIENTED_EDGE('',*,*,#1203,.F.);
#1203 = EDGE_CURVE('',#1154,#1181,#1204,.T.);
#1204 = LINE('',#1205,#1206);
#1205 = CARTESIAN_POINT('',(-0.6,0.625,0.));
#1206 = VECTOR('',#1207,1.);
#1207 = DIRECTION('',(0.,0.,1.));
#1208 = ORIENTED_EDGE('',*,*,#1153,.F.);
#1209 = ORIENTED_EDGE('',*,*,#984,.T.);
#1210 = ORIENTED_EDGE('',*,*,#1189,.T.);
#1211 = PLANE('',#1212);
#1212 = AXIS2_PLACEMENT_3D('',#1213,#1214,#1215);
#1213 = CARTESIAN_POINT('',(-1.,0.625,0.));
#1214 = DIRECTION('',(0.,1.,0.));
#1215 = DIRECTION('',(0.,-0.,1.));
#1216 = ADVANCED_FACE('',(#1217,#1227),#1297,.T.);
#1217 = FACE_BOUND('',#1218,.T.);
#1218 = EDGE_LOOP('',(#1219,#1220,#1221,#1222,#1223,#1224,#1225,#1226));
#1219 = ORIENTED_EDGE('',*,*,#1024,.F.);
#1220 = ORIENTED_EDGE('',*,*,#1064,.T.);
#1221 = ORIENTED_EDGE('',*,*,#1107,.T.);
#1222 = ORIENTED_EDGE('',*,*,#1161,.F.);
#1223 = ORIENTED_EDGE('',*,*,#1203,.T.);
#1224 = ORIENTED_EDGE('',*,*,#1180,.T.);
#1225 = ORIENTED_EDGE('',*,*,#1131,.F.);
#1226 = ORIENTED_EDGE('',*,*,#1081,.F.);
#1227 = FACE_BOUND('',#1228,.T.);
#1228 = EDGE_LOOP('',(#1229,#1240,#1248,#1257,#1265,#1274,#1282,#1291));
#1229 = ORIENTED_EDGE('',*,*,#1230,.F.);
#1230 = EDGE_CURVE('',#1231,#1233,#1235,.T.);
#1231 = VERTEX_POINT('',#1232);
#1232 = CARTESIAN_POINT('',(-0.6,-0.585,8.E-02));
#1233 = VERTEX_POINT('',#1234);
#1234 = CARTESIAN_POINT('',(-0.6,-0.545,4.E-02));
#1235 = CIRCLE('',#1236,4.E-02);
#1236 = AXIS2_PLACEMENT_3D('',#1237,#1238,#1239);
#1237 = CARTESIAN_POINT('',(-0.6,-0.545,8.E-02));
#1238 = DIRECTION('',(1.,0.,-0.));
#1239 = DIRECTION('',(0.,0.,1.));
#1240 = ORIENTED_EDGE('',*,*,#1241,.T.);
#1241 = EDGE_CURVE('',#1231,#1242,#1244,.T.);
#1242 = VERTEX_POINT('',#1243);
#1243 = CARTESIAN_POINT('',(-0.6,-0.585,1.17));
#1244 = LINE('',#1245,#1246);
#1245 = CARTESIAN_POINT('',(-0.6,-0.585,4.E-02));
#1246 = VECTOR('',#1247,1.);
#1247 = DIRECTION('',(0.,0.,1.));
#1248 = ORIENTED_EDGE('',*,*,#1249,.T.);
#1249 = EDGE_CURVE('',#1242,#1250,#1252,.T.);
#1250 = VERTEX_POINT('',#1251);
#1251 = CARTESIAN_POINT('',(-0.6,-0.545,1.21));
#1252 = CIRCLE('',#1253,4.E-02);
#1253 = AXIS2_PLACEMENT_3D('',#1254,#1255,#1256);
#1254 = CARTESIAN_POINT('',(-0.6,-0.545,1.17));
#1255 = DIRECTION('',(-1.,0.,0.));
#1256 = DIRECTION('',(0.,0.,1.));
#1257 = ORIENTED_EDGE('',*,*,#1258,.T.);
#1258 = EDGE_CURVE('',#1250,#1259,#1261,.T.);
#1259 = VERTEX_POINT('',#1260);
#1260 = CARTESIAN_POINT('',(-0.6,0.545,1.21));
#1261 = LINE('',#1262,#1263);
#1262 = CARTESIAN_POINT('',(-0.6,-0.585,1.21));
#1263 = VECTOR('',#1264,1.);
#1264 = DIRECTION('',(0.,1.,0.));
#1265 = ORIENTED_EDGE('',*,*,#1266,.F.);
#1266 = EDGE_CURVE('',#1267,#1259,#1269,.T.);
#1267 = VERTEX_POINT('',#1268);
#1268 = CARTESIAN_POINT('',(-0.6,0.585,1.17));
#1269 = CIRCLE('',#1270,4.E-02);
#1270 = AXIS2_PLACEMENT_3D('',#1271,#1272,#1273);
#1271 = CARTESIAN_POINT('',(-0.6,0.545,1.17));
#1272 = DIRECTION('',(1.,0.,-0.));
#1273 = DIRECTION('',(0.,0.,1.));
#1274 = ORIENTED_EDGE('',*,*,#1275,.F.);
#1275 = EDGE_CURVE('',#1276,#1267,#1278,.T.);
#1276 = VERTEX_POINT('',#1277);
#1277 = CARTESIAN_POINT('',(-0.6,0.585,8.E-02));
#1278 = LINE('',#1279,#1280);
#1279 = CARTESIAN_POINT('',(-0.6,0.585,4.E-02));
#1280 = VECTOR('',#1281,1.);
#1281 = DIRECTION('',(0.,0.,1.));
#1282 = ORIENTED_EDGE('',*,*,#1283,.T.);
#1283 = EDGE_CURVE('',#1276,#1284,#1286,.T.);
#1284 = VERTEX_POINT('',#1285);
#1285 = CARTESIAN_POINT('',(-0.6,0.545,4.E-02));
#1286 = CIRCLE('',#1287,4.E-02);
#1287 = AXIS2_PLACEMENT_3D('',#1288,#1289,#1290);
#1288 = CARTESIAN_POINT('',(-0.6,0.545,8.E-02));
#1289 = DIRECTION('',(-1.,0.,0.));
#1290 = DIRECTION('',(0.,0.,1.));
#1291 = ORIENTED_EDGE('',*,*,#1292,.F.);
#1292 = EDGE_CURVE('',#1233,#1284,#1293,.T.);
#1293 = LINE('',#1294,#1295);
#1294 = CARTESIAN_POINT('',(-0.6,-0.585,4.E-02));
#1295 = VECTOR('',#1296,1.);
#1296 = DIRECTION('',(0.,1.,0.));
#1297 = PLANE('',#1298);
#1298 = AXIS2_PLACEMENT_3D('',#1299,#1300,#1301);
#1299 = CARTESIAN_POINT('',(-0.6,-0.625,0.));
#1300 = DIRECTION('',(1.,0.,0.));
#1301 = DIRECTION('',(0.,0.,1.));
#1302 = ADVANCED_FACE('',(#1303),#1329,.T.);
#1303 = FACE_BOUND('',#1304,.T.);
#1304 = EDGE_LOOP('',(#1305,#1306,#1314,#1323));
#1305 = ORIENTED_EDGE('',*,*,#1230,.T.);
#1306 = ORIENTED_EDGE('',*,*,#1307,.T.);
#1307 = EDGE_CURVE('',#1233,#1308,#1310,.T.);
#1308 = VERTEX_POINT('',#1309);
#1309 = CARTESIAN_POINT('',(0.6,-0.545,4.E-02));
#1310 = LINE('',#1311,#1312);
#1311 = CARTESIAN_POINT('',(-0.6,-0.545,4.E-02));
#1312 = VECTOR('',#1313,1.);
#1313 = DIRECTION('',(1.,0.,0.));
#1314 = ORIENTED_EDGE('',*,*,#1315,.F.);
#1315 = EDGE_CURVE('',#1316,#1308,#1318,.T.);
#1316 = VERTEX_POINT('',#1317);
#1317 = CARTESIAN_POINT('',(0.6,-0.585,8.E-02));
#1318 = CIRCLE('',#1319,4.E-02);
#1319 = AXIS2_PLACEMENT_3D('',#1320,#1321,#1322);
#1320 = CARTESIAN_POINT('',(0.6,-0.545,8.E-02));
#1321 = DIRECTION('',(1.,0.,-0.));
#1322 = DIRECTION('',(0.,0.,1.));
#1323 = ORIENTED_EDGE('',*,*,#1324,.F.);
#1324 = EDGE_CURVE('',#1231,#1316,#1325,.T.);
#1325 = LINE('',#1326,#1327);
#1326 = CARTESIAN_POINT('',(-0.6,-0.585,8.E-02));
#1327 = VECTOR('',#1328,1.);
#1328 = DIRECTION('',(1.,0.,0.));
#1329 = CYLINDRICAL_SURFACE('',#1330,4.E-02);
#1330 = AXIS2_PLACEMENT_3D('',#1331,#1332,#1333);
#1331 = CARTESIAN_POINT('',(-0.6,-0.545,8.E-02));
#1332 = DIRECTION('',(1.,0.,0.));
#1333 = DIRECTION('',(0.,-1.,0.));
#1334 = ADVANCED_FACE('',(#1335),#1353,.F.);
#1335 = FACE_BOUND('',#1336,.F.);
#1336 = EDGE_LOOP('',(#1337,#1338,#1339,#1347));
#1337 = ORIENTED_EDGE('',*,*,#1292,.F.);
#1338 = ORIENTED_EDGE('',*,*,#1307,.T.);
#1339 = ORIENTED_EDGE('',*,*,#1340,.T.);
#1340 = EDGE_CURVE('',#1308,#1341,#1343,.T.);
#1341 = VERTEX_POINT('',#1342);
#1342 = CARTESIAN_POINT('',(0.6,0.545,4.E-02));
#1343 = LINE('',#1344,#1345);
#1344 = CARTESIAN_POINT('',(0.6,-0.585,4.E-02));
#1345 = VECTOR('',#1346,1.);
#1346 = DIRECTION('',(0.,1.,0.));
#1347 = ORIENTED_EDGE('',*,*,#1348,.F.);
#1348 = EDGE_CURVE('',#1284,#1341,#1349,.T.);
#1349 = LINE('',#1350,#1351);
#1350 = CARTESIAN_POINT('',(-0.6,0.545,4.E-02));
#1351 = VECTOR('',#1352,1.);
#1352 = DIRECTION('',(1.,0.,0.));
#1353 = PLANE('',#1354);
#1354 = AXIS2_PLACEMENT_3D('',#1355,#1356,#1357);
#1355 = CARTESIAN_POINT('',(-0.6,-0.585,4.E-02));
#1356 = DIRECTION('',(0.,0.,1.));
#1357 = DIRECTION('',(1.,0.,-0.));
#1358 = ADVANCED_FACE('',(#1359),#1378,.T.);
#1359 = FACE_BOUND('',#1360,.T.);
#1360 = EDGE_LOOP('',(#1361,#1369,#1376,#1377));
#1361 = ORIENTED_EDGE('',*,*,#1362,.T.);
#1362 = EDGE_CURVE('',#1276,#1363,#1365,.T.);
#1363 = VERTEX_POINT('',#1364);
#1364 = CARTESIAN_POINT('',(0.6,0.585,8.E-02));
#1365 = LINE('',#1366,#1367);
#1366 = CARTESIAN_POINT('',(-0.6,0.585,8.E-02));
#1367 = VECTOR('',#1368,1.);
#1368 = DIRECTION('',(1.,0.,0.));
#1369 = ORIENTED_EDGE('',*,*,#1370,.T.);
#1370 = EDGE_CURVE('',#1363,#1341,#1371,.T.);
#1371 = CIRCLE('',#1372,4.E-02);
#1372 = AXIS2_PLACEMENT_3D('',#1373,#1374,#1375);
#1373 = CARTESIAN_POINT('',(0.6,0.545,8.E-02));
#1374 = DIRECTION('',(-1.,0.,0.));
#1375 = DIRECTION('',(0.,0.,1.));
#1376 = ORIENTED_EDGE('',*,*,#1348,.F.);
#1377 = ORIENTED_EDGE('',*,*,#1283,.F.);
#1378 = CYLINDRICAL_SURFACE('',#1379,4.E-02);
#1379 = AXIS2_PLACEMENT_3D('',#1380,#1381,#1382);
#1380 = CARTESIAN_POINT('',(-0.6,0.545,8.E-02));
#1381 = DIRECTION('',(1.,0.,0.));
#1382 = DIRECTION('',(-0.,1.,0.));
#1383 = ADVANCED_FACE('',(#1384),#1402,.T.);
#1384 = FACE_BOUND('',#1385,.T.);
#1385 = EDGE_LOOP('',(#1386,#1394,#1395,#1396));
#1386 = ORIENTED_EDGE('',*,*,#1387,.F.);
#1387 = EDGE_CURVE('',#1363,#1388,#1390,.T.);
#1388 = VERTEX_POINT('',#1389);
#1389 = CARTESIAN_POINT('',(0.6,0.585,1.17));
#1390 = LINE('',#1391,#1392);
#1391 = CARTESIAN_POINT('',(0.6,0.585,4.E-02));
#1392 = VECTOR('',#1393,1.);
#1393 = DIRECTION('',(0.,0.,1.));
#1394 = ORIENTED_EDGE('',*,*,#1362,.F.);
#1395 = ORIENTED_EDGE('',*,*,#1275,.T.);
#1396 = ORIENTED_EDGE('',*,*,#1397,.T.);
#1397 = EDGE_CURVE('',#1267,#1388,#1398,.T.);
#1398 = LINE('',#1399,#1400);
#1399 = CARTESIAN_POINT('',(-0.6,0.585,1.17));
#1400 = VECTOR('',#1401,1.);
#1401 = DIRECTION('',(1.,0.,0.));
#1402 = PLANE('',#1403);
#1403 = AXIS2_PLACEMENT_3D('',#1404,#1405,#1406);
#1404 = CARTESIAN_POINT('',(-0.6,0.585,4.E-02));
#1405 = DIRECTION('',(0.,1.,0.));
#1406 = DIRECTION('',(0.,-0.,1.));
#1407 = ADVANCED_FACE('',(#1408),#1427,.T.);
#1408 = FACE_BOUND('',#1409,.T.);
#1409 = EDGE_LOOP('',(#1410,#1411,#1419,#1426));
#1410 = ORIENTED_EDGE('',*,*,#1266,.T.);
#1411 = ORIENTED_EDGE('',*,*,#1412,.T.);
#1412 = EDGE_CURVE('',#1259,#1413,#1415,.T.);
#1413 = VERTEX_POINT('',#1414);
#1414 = CARTESIAN_POINT('',(0.6,0.545,1.21));
#1415 = LINE('',#1416,#1417);
#1416 = CARTESIAN_POINT('',(-0.6,0.545,1.21));
#1417 = VECTOR('',#1418,1.);
#1418 = DIRECTION('',(1.,0.,0.));
#1419 = ORIENTED_EDGE('',*,*,#1420,.F.);
#1420 = EDGE_CURVE('',#1388,#1413,#1421,.T.);
#1421 = CIRCLE('',#1422,4.E-02);
#1422 = AXIS2_PLACEMENT_3D('',#1423,#1424,#1425);
#1423 = CARTESIAN_POINT('',(0.6,0.545,1.17));
#1424 = DIRECTION('',(1.,0.,-0.));
#1425 = DIRECTION('',(0.,0.,1.));
#1426 = ORIENTED_EDGE('',*,*,#1397,.F.);
#1427 = CYLINDRICAL_SURFACE('',#1428,4.E-02);
#1428 = AXIS2_PLACEMENT_3D('',#1429,#1430,#1431);
#1429 = CARTESIAN_POINT('',(-0.6,0.545,1.17));
#1430 = DIRECTION('',(1.,0.,0.));
#1431 = DIRECTION('',(-0.,1.,0.));
#1432 = ADVANCED_FACE('',(#1433),#1451,.T.);
#1433 = FACE_BOUND('',#1434,.T.);
#1434 = EDGE_LOOP('',(#1435,#1436,#1444,#1450));
#1435 = ORIENTED_EDGE('',*,*,#1258,.F.);
#1436 = ORIENTED_EDGE('',*,*,#1437,.T.);
#1437 = EDGE_CURVE('',#1250,#1438,#1440,.T.);
#1438 = VERTEX_POINT('',#1439);
#1439 = CARTESIAN_POINT('',(0.6,-0.545,1.21));
#1440 = LINE('',#1441,#1442);
#1441 = CARTESIAN_POINT('',(-0.6,-0.545,1.21));
#1442 = VECTOR('',#1443,1.);
#1443 = DIRECTION('',(1.,0.,0.));
#1444 = ORIENTED_EDGE('',*,*,#1445,.T.);
#1445 = EDGE_CURVE('',#1438,#1413,#1446,.T.);
#1446 = LINE('',#1447,#1448);
#1447 = CARTESIAN_POINT('',(0.6,-0.585,1.21));
#1448 = VECTOR('',#1449,1.);
#1449 = DIRECTION('',(0.,1.,0.));
#1450 = ORIENTED_EDGE('',*,*,#1412,.F.);
#1451 = PLANE('',#1452);
#1452 = AXIS2_PLACEMENT_3D('',#1453,#1454,#1455);
#1453 = CARTESIAN_POINT('',(-0.6,-0.585,1.21));
#1454 = DIRECTION('',(0.,0.,1.));
#1455 = DIRECTION('',(1.,0.,-0.));
#1456 = ADVANCED_FACE('',(#1457),#1476,.T.);
#1457 = FACE_BOUND('',#1458,.T.);
#1458 = EDGE_LOOP('',(#1459,#1467,#1474,#1475));
#1459 = ORIENTED_EDGE('',*,*,#1460,.T.);
#1460 = EDGE_CURVE('',#1242,#1461,#1463,.T.);
#1461 = VERTEX_POINT('',#1462);
#1462 = CARTESIAN_POINT('',(0.6,-0.585,1.17));
#1463 = LINE('',#1464,#1465);
#1464 = CARTESIAN_POINT('',(-0.6,-0.585,1.17));
#1465 = VECTOR('',#1466,1.);
#1466 = DIRECTION('',(1.,0.,0.));
#1467 = ORIENTED_EDGE('',*,*,#1468,.T.);
#1468 = EDGE_CURVE('',#1461,#1438,#1469,.T.);
#1469 = CIRCLE('',#1470,4.E-02);
#1470 = AXIS2_PLACEMENT_3D('',#1471,#1472,#1473);
#1471 = CARTESIAN_POINT('',(0.6,-0.545,1.17));
#1472 = DIRECTION('',(-1.,0.,0.));
#1473 = DIRECTION('',(0.,0.,1.));
#1474 = ORIENTED_EDGE('',*,*,#1437,.F.);
#1475 = ORIENTED_EDGE('',*,*,#1249,.F.);
#1476 = CYLINDRICAL_SURFACE('',#1477,4.E-02);
#1477 = AXIS2_PLACEMENT_3D('',#1478,#1479,#1480);
#1478 = CARTESIAN_POINT('',(-0.6,-0.545,1.17));
#1479 = DIRECTION('',(1.,0.,0.));
#1480 = DIRECTION('',(0.,-1.,0.));
#1481 = ADVANCED_FACE('',(#1482),#1493,.F.);
#1482 = FACE_BOUND('',#1483,.F.);
#1483 = EDGE_LOOP('',(#1484,#1490,#1491,#1492));
#1484 = ORIENTED_EDGE('',*,*,#1485,.F.);
#1485 = EDGE_CURVE('',#1316,#1461,#1486,.T.);
#1486 = LINE('',#1487,#1488);
#1487 = CARTESIAN_POINT('',(0.6,-0.585,4.E-02));
#1488 = VECTOR('',#1489,1.);
#1489 = DIRECTION('',(0.,0.,1.));
#1490 = ORIENTED_EDGE('',*,*,#1324,.F.);
#1491 = ORIENTED_EDGE('',*,*,#1241,.T.);
#1492 = ORIENTED_EDGE('',*,*,#1460,.T.);
#1493 = PLANE('',#1494);
#1494 = AXIS2_PLACEMENT_3D('',#1495,#1496,#1497);
#1495 = CARTESIAN_POINT('',(-0.6,-0.585,4.E-02));
#1496 = DIRECTION('',(0.,1.,0.));
#1497 = DIRECTION('',(0.,-0.,1.));
#1498 = ADVANCED_FACE('',(#1499,#1569),#1579,.F.);
#1499 = FACE_BOUND('',#1500,.F.);
#1500 = EDGE_LOOP('',(#1501,#1511,#1520,#1528,#1537,#1545,#1554,#1562));
#1501 = ORIENTED_EDGE('',*,*,#1502,.F.);
#1502 = EDGE_CURVE('',#1503,#1505,#1507,.T.);
#1503 = VERTEX_POINT('',#1504);
#1504 = CARTESIAN_POINT('',(0.6,-0.625,4.E-02));
#1505 = VERTEX_POINT('',#1506);
#1506 = CARTESIAN_POINT('',(0.6,-0.625,1.21));
#1507 = LINE('',#1508,#1509);
#1508 = CARTESIAN_POINT('',(0.6,-0.625,0.));
#1509 = VECTOR('',#1510,1.);
#1510 = DIRECTION('',(0.,0.,1.));
#1511 = ORIENTED_EDGE('',*,*,#1512,.T.);
#1512 = EDGE_CURVE('',#1503,#1513,#1515,.T.);
#1513 = VERTEX_POINT('',#1514);
#1514 = CARTESIAN_POINT('',(0.6,-0.585,0.));
#1515 = CIRCLE('',#1516,4.E-02);
#1516 = AXIS2_PLACEMENT_3D('',#1517,#1518,#1519);
#1517 = CARTESIAN_POINT('',(0.6,-0.585,4.E-02));
#1518 = DIRECTION('',(1.,0.,-0.));
#1519 = DIRECTION('',(0.,0.,1.));
#1520 = ORIENTED_EDGE('',*,*,#1521,.T.);
#1521 = EDGE_CURVE('',#1513,#1522,#1524,.T.);
#1522 = VERTEX_POINT('',#1523);
#1523 = CARTESIAN_POINT('',(0.6,0.585,0.));
#1524 = LINE('',#1525,#1526);
#1525 = CARTESIAN_POINT('',(0.6,-0.625,0.));
#1526 = VECTOR('',#1527,1.);
#1527 = DIRECTION('',(0.,1.,0.));
#1528 = ORIENTED_EDGE('',*,*,#1529,.F.);
#1529 = EDGE_CURVE('',#1530,#1522,#1532,.T.);
#1530 = VERTEX_POINT('',#1531);
#1531 = CARTESIAN_POINT('',(0.6,0.625,4.E-02));
#1532 = CIRCLE('',#1533,4.E-02);
#1533 = AXIS2_PLACEMENT_3D('',#1534,#1535,#1536);
#1534 = CARTESIAN_POINT('',(0.6,0.585,4.E-02));
#1535 = DIRECTION('',(-1.,0.,0.));
#1536 = DIRECTION('',(0.,0.,1.));
#1537 = ORIENTED_EDGE('',*,*,#1538,.T.);
#1538 = EDGE_CURVE('',#1530,#1539,#1541,.T.);
#1539 = VERTEX_POINT('',#1540);
#1540 = CARTESIAN_POINT('',(0.6,0.625,1.21));
#1541 = LINE('',#1542,#1543);
#1542 = CARTESIAN_POINT('',(0.6,0.625,0.));
#1543 = VECTOR('',#1544,1.);
#1544 = DIRECTION('',(0.,0.,1.));
#1545 = ORIENTED_EDGE('',*,*,#1546,.T.);
#1546 = EDGE_CURVE('',#1539,#1547,#1549,.T.);
#1547 = VERTEX_POINT('',#1548);
#1548 = CARTESIAN_POINT('',(0.6,0.585,1.25));
#1549 = CIRCLE('',#1550,4.E-02);
#1550 = AXIS2_PLACEMENT_3D('',#1551,#1552,#1553);
#1551 = CARTESIAN_POINT('',(0.6,0.585,1.21));
#1552 = DIRECTION('',(1.,0.,-0.));
#1553 = DIRECTION('',(0.,0.,1.));
#1554 = ORIENTED_EDGE('',*,*,#1555,.F.);
#1555 = EDGE_CURVE('',#1556,#1547,#1558,.T.);
#1556 = VERTEX_POINT('',#1557);
#1557 = CARTESIAN_POINT('',(0.6,-0.585,1.25));
#1558 = LINE('',#1559,#1560);
#1559 = CARTESIAN_POINT('',(0.6,-0.625,1.25));
#1560 = VECTOR('',#1561,1.);
#1561 = DIRECTION('',(0.,1.,0.));
#1562 = ORIENTED_EDGE('',*,*,#1563,.F.);
#1563 = EDGE_CURVE('',#1505,#1556,#1564,.T.);
#1564 = CIRCLE('',#1565,4.E-02);
#1565 = AXIS2_PLACEMENT_3D('',#1566,#1567,#1568);
#1566 = CARTESIAN_POINT('',(0.6,-0.585,1.21));
#1567 = DIRECTION('',(-1.,0.,0.));
#1568 = DIRECTION('',(0.,0.,1.));
#1569 = FACE_BOUND('',#1570,.F.);
#1570 = EDGE_LOOP('',(#1571,#1572,#1573,#1574,#1575,#1576,#1577,#1578));
#1571 = ORIENTED_EDGE('',*,*,#1315,.F.);
#1572 = ORIENTED_EDGE('',*,*,#1485,.T.);
#1573 = ORIENTED_EDGE('',*,*,#1468,.T.);
#1574 = ORIENTED_EDGE('',*,*,#1445,.T.);
#1575 = ORIENTED_EDGE('',*,*,#1420,.F.);
#1576 = ORIENTED_EDGE('',*,*,#1387,.F.);
#1577 = ORIENTED_EDGE('',*,*,#1370,.T.);
#1578 = ORIENTED_EDGE('',*,*,#1340,.F.);
#1579 = PLANE('',#1580);
#1580 = AXIS2_PLACEMENT_3D('',#1581,#1582,#1583);
#1581 = CARTESIAN_POINT('',(0.6,-0.625,0.));
#1582 = DIRECTION('',(1.,0.,0.));
#1583 = DIRECTION('',(0.,0.,1.));
#1584 = ADVANCED_FACE('',(#1585),#1610,.F.);
#1585 = FACE_BOUND('',#1586,.F.);
#1586 = EDGE_LOOP('',(#1587,#1597,#1603,#1604));
#1587 = ORIENTED_EDGE('',*,*,#1588,.F.);
#1588 = EDGE_CURVE('',#1589,#1591,#1593,.T.);
#1589 = VERTEX_POINT('',#1590);
#1590 = CARTESIAN_POINT('',(1.,-0.625,4.E-02));
#1591 = VERTEX_POINT('',#1592);
#1592 = CARTESIAN_POINT('',(1.,-0.625,1.21));
#1593 = LINE('',#1594,#1595);
#1594 = CARTESIAN_POINT('',(1.,-0.625,0.));
#1595 = VECTOR('',#1596,1.);
#1596 = DIRECTION('',(0.,0.,1.));
#1597 = ORIENTED_EDGE('',*,*,#1598,.F.);
#1598 = EDGE_CURVE('',#1503,#1589,#1599,.T.);
#1599 = LINE('',#1600,#1601);
#1600 = CARTESIAN_POINT('',(0.6,-0.625,4.E-02));
#1601 = VECTOR('',#1602,1.);
#1602 = DIRECTION('',(1.,0.,0.));
#1603 = ORIENTED_EDGE('',*,*,#1502,.T.);
#1604 = ORIENTED_EDGE('',*,*,#1605,.T.);
#1605 = EDGE_CURVE('',#1505,#1591,#1606,.T.);
#1606 = LINE('',#1607,#1608);
#1607 = CARTESIAN_POINT('',(0.6,-0.625,1.21));
#1608 = VECTOR('',#1609,1.);
#1609 = DIRECTION('',(1.,0.,0.));
#1610 = PLANE('',#1611);
#1611 = AXIS2_PLACEMENT_3D('',#1612,#1613,#1614);
#1612 = CARTESIAN_POINT('',(0.6,-0.625,0.));
#1613 = DIRECTION('',(0.,1.,0.));
#1614 = DIRECTION('',(0.,-0.,1.));
#1615 = ADVANCED_FACE('',(#1616),#1635,.T.);
#1616 = FACE_BOUND('',#1617,.T.);
#1617 = EDGE_LOOP('',(#1618,#1619,#1627,#1634));
#1618 = ORIENTED_EDGE('',*,*,#1512,.T.);
#1619 = ORIENTED_EDGE('',*,*,#1620,.T.);
#1620 = EDGE_CURVE('',#1513,#1621,#1623,.T.);
#1621 = VERTEX_POINT('',#1622);
#1622 = CARTESIAN_POINT('',(1.,-0.585,0.));
#1623 = LINE('',#1624,#1625);
#1624 = CARTESIAN_POINT('',(0.6,-0.585,0.));
#1625 = VECTOR('',#1626,1.);
#1626 = DIRECTION('',(1.,0.,0.));
#1627 = ORIENTED_EDGE('',*,*,#1628,.F.);
#1628 = EDGE_CURVE('',#1589,#1621,#1629,.T.);
#1629 = CIRCLE('',#1630,4.E-02);
#1630 = AXIS2_PLACEMENT_3D('',#1631,#1632,#1633);
#1631 = CARTESIAN_POINT('',(1.,-0.585,4.E-02));
#1632 = DIRECTION('',(1.,0.,-0.));
#1633 = DIRECTION('',(0.,0.,1.));
#1634 = ORIENTED_EDGE('',*,*,#1598,.F.);
#1635 = CYLINDRICAL_SURFACE('',#1636,4.E-02);
#1636 = AXIS2_PLACEMENT_3D('',#1637,#1638,#1639);
#1637 = CARTESIAN_POINT('',(0.6,-0.585,4.E-02));
#1638 = DIRECTION('',(1.,0.,0.));
#1639 = DIRECTION('',(0.,-1.,0.));
#1640 = ADVANCED_FACE('',(#1641),#1660,.T.);
#1641 = FACE_BOUND('',#1642,.T.);
#1642 = EDGE_LOOP('',(#1643,#1644,#1653,#1659));
#1643 = ORIENTED_EDGE('',*,*,#1605,.T.);
#1644 = ORIENTED_EDGE('',*,*,#1645,.T.);
#1645 = EDGE_CURVE('',#1591,#1646,#1648,.T.);
#1646 = VERTEX_POINT('',#1647);
#1647 = CARTESIAN_POINT('',(1.,-0.585,1.25));
#1648 = CIRCLE('',#1649,4.E-02);
#1649 = AXIS2_PLACEMENT_3D('',#1650,#1651,#1652);
#1650 = CARTESIAN_POINT('',(1.,-0.585,1.21));
#1651 = DIRECTION('',(-1.,0.,0.));
#1652 = DIRECTION('',(0.,0.,1.));
#1653 = ORIENTED_EDGE('',*,*,#1654,.F.);
#1654 = EDGE_CURVE('',#1556,#1646,#1655,.T.);
#1655 = LINE('',#1656,#1657);
#1656 = CARTESIAN_POINT('',(0.6,-0.585,1.25));
#1657 = VECTOR('',#1658,1.);
#1658 = DIRECTION('',(1.,0.,0.));
#1659 = ORIENTED_EDGE('',*,*,#1563,.F.);
#1660 = CYLINDRICAL_SURFACE('',#1661,4.E-02);
#1661 = AXIS2_PLACEMENT_3D('',#1662,#1663,#1664);
#1662 = CARTESIAN_POINT('',(0.6,-0.585,1.21));
#1663 = DIRECTION('',(1.,0.,0.));
#1664 = DIRECTION('',(0.,-1.,0.));
#1665 = ADVANCED_FACE('',(#1666),#1684,.F.);
#1666 = FACE_BOUND('',#1667,.F.);
#1667 = EDGE_LOOP('',(#1668,#1669,#1670,#1678));
#1668 = ORIENTED_EDGE('',*,*,#1521,.F.);
#1669 = ORIENTED_EDGE('',*,*,#1620,.T.);
#1670 = ORIENTED_EDGE('',*,*,#1671,.T.);
#1671 = EDGE_CURVE('',#1621,#1672,#1674,.T.);
#1672 = VERTEX_POINT('',#1673);
#1673 = CARTESIAN_POINT('',(1.,0.585,0.));
#1674 = LINE('',#1675,#1676);
#1675 = CARTESIAN_POINT('',(1.,-0.625,0.));
#1676 = VECTOR('',#1677,1.);
#1677 = DIRECTION('',(0.,1.,0.));
#1678 = ORIENTED_EDGE('',*,*,#1679,.F.);
#1679 = EDGE_CURVE('',#1522,#1672,#1680,.T.);
#1680 = LINE('',#1681,#1682);
#1681 = CARTESIAN_POINT('',(0.6,0.585,0.));
#1682 = VECTOR('',#1683,1.);
#1683 = DIRECTION('',(1.,0.,0.));
#1684 = PLANE('',#1685);
#1685 = AXIS2_PLACEMENT_3D('',#1686,#1687,#1688);
#1686 = CARTESIAN_POINT('',(0.6,-0.625,0.));
#1687 = DIRECTION('',(0.,0.,1.));
#1688 = DIRECTION('',(1.,0.,-0.));
#1689 = ADVANCED_FACE('',(#1690),#1708,.T.);
#1690 = FACE_BOUND('',#1691,.T.);
#1691 = EDGE_LOOP('',(#1692,#1693,#1694,#1702));
#1692 = ORIENTED_EDGE('',*,*,#1555,.F.);
#1693 = ORIENTED_EDGE('',*,*,#1654,.T.);
#1694 = ORIENTED_EDGE('',*,*,#1695,.T.);
#1695 = EDGE_CURVE('',#1646,#1696,#1698,.T.);
#1696 = VERTEX_POINT('',#1697);
#1697 = CARTESIAN_POINT('',(1.,0.585,1.25));
#1698 = LINE('',#1699,#1700);
#1699 = CARTESIAN_POINT('',(1.,-0.625,1.25));
#1700 = VECTOR('',#1701,1.);
#1701 = DIRECTION('',(0.,1.,0.));
#1702 = ORIENTED_EDGE('',*,*,#1703,.F.);
#1703 = EDGE_CURVE('',#1547,#1696,#1704,.T.);
#1704 = LINE('',#1705,#1706);
#1705 = CARTESIAN_POINT('',(0.6,0.585,1.25));
#1706 = VECTOR('',#1707,1.);
#1707 = DIRECTION('',(1.,0.,0.));
#1708 = PLANE('',#1709);
#1709 = AXIS2_PLACEMENT_3D('',#1710,#1711,#1712);
#1710 = CARTESIAN_POINT('',(0.6,-0.625,1.25));
#1711 = DIRECTION('',(0.,0.,1.));
#1712 = DIRECTION('',(1.,0.,-0.));
#1713 = ADVANCED_FACE('',(#1714),#1733,.T.);
#1714 = FACE_BOUND('',#1715,.T.);
#1715 = EDGE_LOOP('',(#1716,#1724,#1731,#1732));
#1716 = ORIENTED_EDGE('',*,*,#1717,.T.);
#1717 = EDGE_CURVE('',#1530,#1718,#1720,.T.);
#1718 = VERTEX_POINT('',#1719);
#1719 = CARTESIAN_POINT('',(1.,0.625,4.E-02));
#1720 = LINE('',#1721,#1722);
#1721 = CARTESIAN_POINT('',(0.6,0.625,4.E-02));
#1722 = VECTOR('',#1723,1.);
#1723 = DIRECTION('',(1.,0.,0.));
#1724 = ORIENTED_EDGE('',*,*,#1725,.T.);
#1725 = EDGE_CURVE('',#1718,#1672,#1726,.T.);
#1726 = CIRCLE('',#1727,4.E-02);
#1727 = AXIS2_PLACEMENT_3D('',#1728,#1729,#1730);
#1728 = CARTESIAN_POINT('',(1.,0.585,4.E-02));
#1729 = DIRECTION('',(-1.,0.,0.));
#1730 = DIRECTION('',(0.,0.,1.));
#1731 = ORIENTED_EDGE('',*,*,#1679,.F.);
#1732 = ORIENTED_EDGE('',*,*,#1529,.F.);
#1733 = CYLINDRICAL_SURFACE('',#1734,4.E-02);
#1734 = AXIS2_PLACEMENT_3D('',#1735,#1736,#1737);
#1735 = CARTESIAN_POINT('',(0.6,0.585,4.E-02));
#1736 = DIRECTION('',(1.,0.,0.));
#1737 = DIRECTION('',(-0.,1.,0.));
#1738 = ADVANCED_FACE('',(#1739),#1758,.T.);
#1739 = FACE_BOUND('',#1740,.T.);
#1740 = EDGE_LOOP('',(#1741,#1742,#1743,#1752));
#1741 = ORIENTED_EDGE('',*,*,#1546,.T.);
#1742 = ORIENTED_EDGE('',*,*,#1703,.T.);
#1743 = ORIENTED_EDGE('',*,*,#1744,.F.);
#1744 = EDGE_CURVE('',#1745,#1696,#1747,.T.);
#1745 = VERTEX_POINT('',#1746);
#1746 = CARTESIAN_POINT('',(1.,0.625,1.21));
#1747 = CIRCLE('',#1748,4.E-02);
#1748 = AXIS2_PLACEMENT_3D('',#1749,#1750,#1751);
#1749 = CARTESIAN_POINT('',(1.,0.585,1.21));
#1750 = DIRECTION('',(1.,0.,-0.));
#1751 = DIRECTION('',(0.,0.,1.));
#1752 = ORIENTED_EDGE('',*,*,#1753,.F.);
#1753 = EDGE_CURVE('',#1539,#1745,#1754,.T.);
#1754 = LINE('',#1755,#1756);
#1755 = CARTESIAN_POINT('',(0.6,0.625,1.21));
#1756 = VECTOR('',#1757,1.);
#1757 = DIRECTION('',(1.,0.,0.));
#1758 = CYLINDRICAL_SURFACE('',#1759,4.E-02);
#1759 = AXIS2_PLACEMENT_3D('',#1760,#1761,#1762);
#1760 = CARTESIAN_POINT('',(0.6,0.585,1.21));
#1761 = DIRECTION('',(1.,0.,0.));
#1762 = DIRECTION('',(-0.,1.,0.));
#1763 = ADVANCED_FACE('',(#1764),#1775,.T.);
#1764 = FACE_BOUND('',#1765,.T.);
#1765 = EDGE_LOOP('',(#1766,#1772,#1773,#1774));
#1766 = ORIENTED_EDGE('',*,*,#1767,.F.);
#1767 = EDGE_CURVE('',#1718,#1745,#1768,.T.);
#1768 = LINE('',#1769,#1770);
#1769 = CARTESIAN_POINT('',(1.,0.625,0.));
#1770 = VECTOR('',#1771,1.);
#1771 = DIRECTION('',(0.,0.,1.));
#1772 = ORIENTED_EDGE('',*,*,#1717,.F.);
#1773 = ORIENTED_EDGE('',*,*,#1538,.T.);
#1774 = ORIENTED_EDGE('',*,*,#1753,.T.);
#1775 = PLANE('',#1776);
#1776 = AXIS2_PLACEMENT_3D('',#1777,#1778,#1779);
#1777 = CARTESIAN_POINT('',(0.6,0.625,0.));
#1778 = DIRECTION('',(0.,1.,0.));
#1779 = DIRECTION('',(0.,-0.,1.));
#1780 = ADVANCED_FACE('',(#1781),#1791,.T.);
#1781 = FACE_BOUND('',#1782,.T.);
#1782 = EDGE_LOOP('',(#1783,#1784,#1785,#1786,#1787,#1788,#1789,#1790));
#1783 = ORIENTED_EDGE('',*,*,#1588,.F.);
#1784 = ORIENTED_EDGE('',*,*,#1628,.T.);
#1785 = ORIENTED_EDGE('',*,*,#1671,.T.);
#1786 = ORIENTED_EDGE('',*,*,#1725,.F.);
#1787 = ORIENTED_EDGE('',*,*,#1767,.T.);
#1788 = ORIENTED_EDGE('',*,*,#1744,.T.);
#1789 = ORIENTED_EDGE('',*,*,#1695,.F.);
#1790 = ORIENTED_EDGE('',*,*,#1645,.F.);
#1791 = PLANE('',#1792);
#1792 = AXIS2_PLACEMENT_3D('',#1793,#1794,#1795);
#1793 = CARTESIAN_POINT('',(1.,-0.625,0.));
#1794 = DIRECTION('',(1.,0.,0.));
#1795 = DIRECTION('',(0.,0.,1.));
#1796 = ( GEOMETRIC_REPRESENTATION_CONTEXT(3) 
GLOBAL_UNCERTAINTY_ASSIGNED_CONTEXT((#1800)) 
GLOBAL_UNIT_ASSIGNED_CONTEXT((#1797,#1798,#1799)) REPRESENTATION_CONTEXT
('Context #1','3D Context with UNIT and UNCERTAINTY') );
#1797 = ( LENGTH_UNIT() NAMED_UNIT(*) SI_UNIT(.MILLI.,.METRE.) );
#1798 = ( NAMED_UNIT(*) PLANE_ANGLE_UNIT() SI_UNIT($,.RADIAN.) );
#1799 = ( NAMED_UNIT(*) SI_UNIT($,.STERADIAN.) SOLID_ANGLE_UNIT() );
#1800 = UNCERTAINTY_MEASURE_WITH_UNIT(LENGTH_MEASURE(1.E-07),#1797,
  'distance_accuracy_value','confusion accuracy');
#1801 = CONTEXT_DEPENDENT_SHAPE_REPRESENTATION(#1802,#1804);
#1802 = ( REPRESENTATION_RELATIONSHIP('','',#941,#10) 
REPRESENTATION_RELATIONSHIP_WITH_TRANSFORMATION(#1803) 
SHAPE_REPRESENTATION_RELATIONSHIP() );
#1803 = ITEM_DEFINED_TRANSFORMATION('','',#11,#19);
#1804 = PRODUCT_DEFINITION_SHAPE('Placement','Placement of an item',
  #1805);
#1805 = NEXT_ASSEMBLY_USAGE_OCCURRENCE('2','C12','',#5,#936,$);
#1806 = PRODUCT_RELATED_PRODUCT_CATEGORY('part',$,(#938));
#1807 = CONTEXT_DEPENDENT_SHAPE_REPRESENTATION(#1808,#1810);
#1808 = ( REPRESENTATION_RELATIONSHIP('','',#941,#10) 
REPRESENTATION_RELATIONSHIP_WITH_TRANSFORMATION(#1809) 
SHAPE_REPRESENTATION_RELATIONSHIP() );
#1809 = ITEM_DEFINED_TRANSFORMATION('','',#11,#23);
#1810 = PRODUCT_DEFINITION_SHAPE('Placement','Placement of an item',
  #1811);
#1811 = NEXT_ASSEMBLY_USAGE_OCCURRENCE('3','C13','',#5,#936,$);
#1812 = CONTEXT_DEPENDENT_SHAPE_REPRESENTATION(#1813,#1815);
#1813 = ( REPRESENTATION_RELATIONSHIP('','',#941,#10) 
REPRESENTATION_RELATIONSHIP_WITH_TRANSFORMATION(#1814) 
SHAPE_REPRESENTATION_RELATIONSHIP() );
#1814 = ITEM_DEFINED_TRANSFORMATION('','',#11,#27);
#1815 = PRODUCT_DEFINITION_SHAPE('Placement','Placement of an item',
  #1816);
#1816 = NEXT_ASSEMBLY_USAGE_OCCURRENCE('4','C7','',#5,#936,$);
#1817 = CONTEXT_DEPENDENT_SHAPE_REPRESENTATION(#1818,#1820);
#1818 = ( REPRESENTATION_RELATIONSHIP('','',#941,#10) 
REPRESENTATION_RELATIONSHIP_WITH_TRANSFORMATION(#1819) 
SHAPE_REPRESENTATION_RELATIONSHIP() );
#1819 = ITEM_DEFINED_TRANSFORMATION('','',#11,#31);
#1820 = PRODUCT_DEFINITION_SHAPE('Placement','Placement of an item',
  #1821);
#1821 = NEXT_ASSEMBLY_USAGE_OCCURRENCE('5','C14','',#5,#936,$);
#1822 = CONTEXT_DEPENDENT_SHAPE_REPRESENTATION(#1823,#1825);
#1823 = ( REPRESENTATION_RELATIONSHIP('','',#941,#10) 
REPRESENTATION_RELATIONSHIP_WITH_TRANSFORMATION(#1824) 
SHAPE_REPRESENTATION_RELATIONSHIP() );
#1824 = ITEM_DEFINED_TRANSFORMATION('','',#11,#35);
#1825 = PRODUCT_DEFINITION_SHAPE('Placement','Placement of an item',
  #1826);
#1826 = NEXT_ASSEMBLY_USAGE_OCCURRENCE('6','C2','',#5,#936,$);
#1827 = CONTEXT_DEPENDENT_SHAPE_REPRESENTATION(#1828,#1830);
#1828 = ( REPRESENTATION_RELATIONSHIP('','',#941,#10) 
REPRESENTATION_RELATIONSHIP_WITH_TRANSFORMATION(#1829) 
SHAPE_REPRESENTATION_RELATIONSHIP() );
#1829 = ITEM_DEFINED_TRANSFORMATION('','',#11,#39);
#1830 = PRODUCT_DEFINITION_SHAPE('Placement','Placement of an item',
  #1831);
#1831 = NEXT_ASSEMBLY_USAGE_OCCURRENCE('7','C15','',#5,#936,$);
#1832 = SHAPE_DEFINITION_REPRESENTATION(#1833,#1839);
#1833 = PRODUCT_DEFINITION_SHAPE('','',#1834);
#1834 = PRODUCT_DEFINITION('design','',#1835,#1838);
#1835 = PRODUCT_DEFINITION_FORMATION('','',#1836);
#1836 = PRODUCT('R_0603_1608Metric','R_0603_1608Metric','',(#1837));
#1837 = PRODUCT_CONTEXT('',#2,'mechanical');
#1838 = PRODUCT_DEFINITION_CONTEXT('part definition',#2,'design');
#1839 = ADVANCED_BREP_SHAPE_REPRESENTATION('',(#11,#1840),#2630);
#1840 = MANIFOLD_SOLID_BREP('',#1841);
#1841 = CLOSED_SHELL('',(#1842,#1882,#1965,#1990,#2015,#2082,#2099,#2116
    ,#2165,#2182,#2199,#2248,#2265,#2334,#2365,#2389,#2458,#2482,#2499,
    #2516,#2533,#2550,#2567,#2584,#2601,#2618));
#1842 = ADVANCED_FACE('',(#1843),#1877,.F.);
#1843 = FACE_BOUND('',#1844,.F.);
#1844 = EDGE_LOOP('',(#1845,#1855,#1863,#1871));
#1845 = ORIENTED_EDGE('',*,*,#1846,.F.);
#1846 = EDGE_CURVE('',#1847,#1849,#1851,.T.);
#1847 = VERTEX_POINT('',#1848);
#1848 = CARTESIAN_POINT('',(-0.8,-0.4,4.5E-02));
#1849 = VERTEX_POINT('',#1850);
#1850 = CARTESIAN_POINT('',(-0.8,-0.4,0.405));
#1851 = LINE('',#1852,#1853);
#1852 = CARTESIAN_POINT('',(-0.8,-0.4,0.));
#1853 = VECTOR('',#1854,1.);
#1854 = DIRECTION('',(0.,0.,1.));
#1855 = ORIENTED_EDGE('',*,*,#1856,.T.);
#1856 = EDGE_CURVE('',#1847,#1857,#1859,.T.);
#1857 = VERTEX_POINT('',#1858);
#1858 = CARTESIAN_POINT('',(-0.8,0.4,4.5E-02));
#1859 = LINE('',#1860,#1861);
#1860 = CARTESIAN_POINT('',(-0.8,-0.4,4.5E-02));
#1861 = VECTOR('',#1862,1.);
#1862 = DIRECTION('',(0.,1.,0.));
#1863 = ORIENTED_EDGE('',*,*,#1864,.T.);
#1864 = EDGE_CURVE('',#1857,#1865,#1867,.T.);
#1865 = VERTEX_POINT('',#1866);
#1866 = CARTESIAN_POINT('',(-0.8,0.4,0.405));
#1867 = LINE('',#1868,#1869);
#1868 = CARTESIAN_POINT('',(-0.8,0.4,0.));
#1869 = VECTOR('',#1870,1.);
#1870 = DIRECTION('',(0.,0.,1.));
#1871 = ORIENTED_EDGE('',*,*,#1872,.F.);
#1872 = EDGE_CURVE('',#1849,#1865,#1873,.T.);
#1873 = LINE('',#1874,#1875);
#1874 = CARTESIAN_POINT('',(-0.8,-0.4,0.405));
#1875 = VECTOR('',#1876,1.);
#1876 = DIRECTION('',(0.,1.,0.));
#1877 = PLANE('',#1878);
#1878 = AXIS2_PLACEMENT_3D('',#1879,#1880,#1881);
#1879 = CARTESIAN_POINT('',(-0.8,-0.4,0.));
#1880 = DIRECTION('',(1.,0.,0.));
#1881 = DIRECTION('',(0.,0.,1.));
#1882 = ADVANCED_FACE('',(#1883),#1960,.F.);
#1883 = FACE_BOUND('',#1884,.F.);
#1884 = EDGE_LOOP('',(#1885,#1895,#1902,#1903,#1912,#1920,#1929,#1937,
    #1945,#1953));
#1885 = ORIENTED_EDGE('',*,*,#1886,.F.);
#1886 = EDGE_CURVE('',#1887,#1889,#1891,.T.);
#1887 = VERTEX_POINT('',#1888);
#1888 = CARTESIAN_POINT('',(-0.755,-0.4,-2.775557561563E-17));
#1889 = VERTEX_POINT('',#1890);
#1890 = CARTESIAN_POINT('',(-0.545,-0.4,-2.775557561563E-17));
#1891 = LINE('',#1892,#1893);
#1892 = CARTESIAN_POINT('',(-0.8,-0.4,0.));
#1893 = VECTOR('',#1894,1.);
#1894 = DIRECTION('',(1.,0.,0.));
#1895 = ORIENTED_EDGE('',*,*,#1896,.F.);
#1896 = EDGE_CURVE('',#1847,#1887,#1897,.T.);
#1897 = CIRCLE('',#1898,4.5E-02);
#1898 = AXIS2_PLACEMENT_3D('',#1899,#1900,#1901);
#1899 = CARTESIAN_POINT('',(-0.755,-0.4,4.5E-02));
#1900 = DIRECTION('',(0.,-1.,0.));
#1901 = DIRECTION('',(0.,0.,1.));
#1902 = ORIENTED_EDGE('',*,*,#1846,.T.);
#1903 = ORIENTED_EDGE('',*,*,#1904,.T.);
#1904 = EDGE_CURVE('',#1849,#1905,#1907,.T.);
#1905 = VERTEX_POINT('',#1906);
#1906 = CARTESIAN_POINT('',(-0.755,-0.4,0.45));
#1907 = CIRCLE('',#1908,4.5E-02);
#1908 = AXIS2_PLACEMENT_3D('',#1909,#1910,#1911);
#1909 = CARTESIAN_POINT('',(-0.755,-0.4,0.405));
#1910 = DIRECTION('',(0.,1.,0.));
#1911 = DIRECTION('',(0.,-0.,1.));
#1912 = ORIENTED_EDGE('',*,*,#1913,.T.);
#1913 = EDGE_CURVE('',#1905,#1914,#1916,.T.);
#1914 = VERTEX_POINT('',#1915);
#1915 = CARTESIAN_POINT('',(-0.545,-0.4,0.45));
#1916 = LINE('',#1917,#1918);
#1917 = CARTESIAN_POINT('',(-0.8,-0.4,0.45));
#1918 = VECTOR('',#1919,1.);
#1919 = DIRECTION('',(1.,0.,0.));
#1920 = ORIENTED_EDGE('',*,*,#1921,.F.);
#1921 = EDGE_CURVE('',#1922,#1914,#1924,.T.);
#1922 = VERTEX_POINT('',#1923);
#1923 = CARTESIAN_POINT('',(-0.5,-0.4,0.405));
#1924 = CIRCLE('',#1925,4.5E-02);
#1925 = AXIS2_PLACEMENT_3D('',#1926,#1927,#1928);
#1926 = CARTESIAN_POINT('',(-0.545,-0.4,0.405));
#1927 = DIRECTION('',(0.,-1.,0.));
#1928 = DIRECTION('',(0.,0.,1.));
#1929 = ORIENTED_EDGE('',*,*,#1930,.F.);
#1930 = EDGE_CURVE('',#1931,#1922,#1933,.T.);
#1931 = VERTEX_POINT('',#1932);
#1932 = CARTESIAN_POINT('',(-0.755,-0.4,0.405));
#1933 = LINE('',#1934,#1935);
#1934 = CARTESIAN_POINT('',(-0.755,-0.4,0.405));
#1935 = VECTOR('',#1936,1.);
#1936 = DIRECTION('',(1.,0.,0.));
#1937 = ORIENTED_EDGE('',*,*,#1938,.F.);
#1938 = EDGE_CURVE('',#1939,#1931,#1941,.T.);
#1939 = VERTEX_POINT('',#1940);
#1940 = CARTESIAN_POINT('',(-0.755,-0.4,4.5E-02));
#1941 = LINE('',#1942,#1943);
#1942 = CARTESIAN_POINT('',(-0.755,-0.4,4.5E-02));
#1943 = VECTOR('',#1944,1.);
#1944 = DIRECTION('',(0.,0.,1.));
#1945 = ORIENTED_EDGE('',*,*,#1946,.T.);
#1946 = EDGE_CURVE('',#1939,#1947,#1949,.T.);
#1947 = VERTEX_POINT('',#1948);
#1948 = CARTESIAN_POINT('',(-0.5,-0.4,4.5E-02));
#1949 = LINE('',#1950,#1951);
#1950 = CARTESIAN_POINT('',(-0.755,-0.4,4.5E-02));
#1951 = VECTOR('',#1952,1.);
#1952 = DIRECTION('',(1.,0.,0.));
#1953 = ORIENTED_EDGE('',*,*,#1954,.T.);
#1954 = EDGE_CURVE('',#1947,#1889,#1955,.T.);
#1955 = CIRCLE('',#1956,4.5E-02);
#1956 = AXIS2_PLACEMENT_3D('',#1957,#1958,#1959);
#1957 = CARTESIAN_POINT('',(-0.545,-0.4,4.5E-02));
#1958 = DIRECTION('',(0.,1.,0.));
#1959 = DIRECTION('',(0.,-0.,1.));
#1960 = PLANE('',#1961);
#1961 = AXIS2_PLACEMENT_3D('',#1962,#1963,#1964);
#1962 = CARTESIAN_POINT('',(-0.8,-0.4,0.));
#1963 = DIRECTION('',(0.,1.,0.));
#1964 = DIRECTION('',(0.,-0.,1.));
#1965 = ADVANCED_FACE('',(#1966),#1985,.T.);
#1966 = FACE_BOUND('',#1967,.T.);
#1967 = EDGE_LOOP('',(#1968,#1969,#1978,#1984));
#1968 = ORIENTED_EDGE('',*,*,#1856,.T.);
#1969 = ORIENTED_EDGE('',*,*,#1970,.T.);
#1970 = EDGE_CURVE('',#1857,#1971,#1973,.T.);
#1971 = VERTEX_POINT('',#1972);
#1972 = CARTESIAN_POINT('',(-0.755,0.4,-2.775557561563E-17));
#1973 = CIRCLE('',#1974,4.5E-02);
#1974 = AXIS2_PLACEMENT_3D('',#1975,#1976,#1977);
#1975 = CARTESIAN_POINT('',(-0.755,0.4,4.5E-02));
#1976 = DIRECTION('',(0.,-1.,0.));
#1977 = DIRECTION('',(0.,0.,1.));
#1978 = ORIENTED_EDGE('',*,*,#1979,.F.);
#1979 = EDGE_CURVE('',#1887,#1971,#1980,.T.);
#1980 = LINE('',#1981,#1982);
#1981 = CARTESIAN_POINT('',(-0.755,-0.4,-2.775557561563E-17));
#1982 = VECTOR('',#1983,1.);
#1983 = DIRECTION('',(0.,1.,0.));
#1984 = ORIENTED_EDGE('',*,*,#1896,.F.);
#1985 = CYLINDRICAL_SURFACE('',#1986,4.5E-02);
#1986 = AXIS2_PLACEMENT_3D('',#1987,#1988,#1989);
#1987 = CARTESIAN_POINT('',(-0.755,-0.4,4.5E-02));
#1988 = DIRECTION('',(0.,1.,0.));
#1989 = DIRECTION('',(-1.,0.,0.));
#1990 = ADVANCED_FACE('',(#1991),#2010,.T.);
#1991 = FACE_BOUND('',#1992,.T.);
#1992 = EDGE_LOOP('',(#1993,#1994,#2002,#2009));
#1993 = ORIENTED_EDGE('',*,*,#1904,.T.);
#1994 = ORIENTED_EDGE('',*,*,#1995,.T.);
#1995 = EDGE_CURVE('',#1905,#1996,#1998,.T.);
#1996 = VERTEX_POINT('',#1997);
#1997 = CARTESIAN_POINT('',(-0.755,0.4,0.45));
#1998 = LINE('',#1999,#2000);
#1999 = CARTESIAN_POINT('',(-0.755,-0.4,0.45));
#2000 = VECTOR('',#2001,1.);
#2001 = DIRECTION('',(0.,1.,0.));
#2002 = ORIENTED_EDGE('',*,*,#2003,.F.);
#2003 = EDGE_CURVE('',#1865,#1996,#2004,.T.);
#2004 = CIRCLE('',#2005,4.5E-02);
#2005 = AXIS2_PLACEMENT_3D('',#2006,#2007,#2008);
#2006 = CARTESIAN_POINT('',(-0.755,0.4,0.405));
#2007 = DIRECTION('',(0.,1.,0.));
#2008 = DIRECTION('',(0.,-0.,1.));
#2009 = ORIENTED_EDGE('',*,*,#1872,.F.);
#2010 = CYLINDRICAL_SURFACE('',#2011,4.5E-02);
#2011 = AXIS2_PLACEMENT_3D('',#2012,#2013,#2014);
#2012 = CARTESIAN_POINT('',(-0.755,-0.4,0.405));
#2013 = DIRECTION('',(0.,1.,0.));
#2014 = DIRECTION('',(-1.,0.,0.));
#2015 = ADVANCED_FACE('',(#2016),#2077,.T.);
#2016 = FACE_BOUND('',#2017,.T.);
#2017 = EDGE_LOOP('',(#2018,#2026,#2027,#2028,#2029,#2037,#2046,#2054,
    #2062,#2070));
#2018 = ORIENTED_EDGE('',*,*,#2019,.F.);
#2019 = EDGE_CURVE('',#1971,#2020,#2022,.T.);
#2020 = VERTEX_POINT('',#2021);
#2021 = CARTESIAN_POINT('',(-0.545,0.4,-2.775557561563E-17));
#2022 = LINE('',#2023,#2024);
#2023 = CARTESIAN_POINT('',(-0.8,0.4,0.));
#2024 = VECTOR('',#2025,1.);
#2025 = DIRECTION('',(1.,0.,0.));
#2026 = ORIENTED_EDGE('',*,*,#1970,.F.);
#2027 = ORIENTED_EDGE('',*,*,#1864,.T.);
#2028 = ORIENTED_EDGE('',*,*,#2003,.T.);
#2029 = ORIENTED_EDGE('',*,*,#2030,.T.);
#2030 = EDGE_CURVE('',#1996,#2031,#2033,.T.);
#2031 = VERTEX_POINT('',#2032);
#2032 = CARTESIAN_POINT('',(-0.545,0.4,0.45));
#2033 = LINE('',#2034,#2035);
#2034 = CARTESIAN_POINT('',(-0.8,0.4,0.45));
#2035 = VECTOR('',#2036,1.);
#2036 = DIRECTION('',(1.,0.,0.));
#2037 = ORIENTED_EDGE('',*,*,#2038,.F.);
#2038 = EDGE_CURVE('',#2039,#2031,#2041,.T.);
#2039 = VERTEX_POINT('',#2040);
#2040 = CARTESIAN_POINT('',(-0.5,0.4,0.405));
#2041 = CIRCLE('',#2042,4.5E-02);
#2042 = AXIS2_PLACEMENT_3D('',#2043,#2044,#2045);
#2043 = CARTESIAN_POINT('',(-0.545,0.4,0.405));
#2044 = DIRECTION('',(0.,-1.,0.));
#2045 = DIRECTION('',(0.,0.,1.));
#2046 = ORIENTED_EDGE('',*,*,#2047,.F.);
#2047 = EDGE_CURVE('',#2048,#2039,#2050,.T.);
#2048 = VERTEX_POINT('',#2049);
#2049 = CARTESIAN_POINT('',(-0.755,0.4,0.405));
#2050 = LINE('',#2051,#2052);
#2051 = CARTESIAN_POINT('',(-0.755,0.4,0.405));
#2052 = VECTOR('',#2053,1.);
#2053 = DIRECTION('',(1.,0.,0.));
#2054 = ORIENTED_EDGE('',*,*,#2055,.F.);
#2055 = EDGE_CURVE('',#2056,#2048,#2058,.T.);
#2056 = VERTEX_POINT('',#2057);
#2057 = CARTESIAN_POINT('',(-0.755,0.4,4.5E-02));
#2058 = LINE('',#2059,#2060);
#2059 = CARTESIAN_POINT('',(-0.755,0.4,4.5E-02));
#2060 = VECTOR('',#2061,1.);
#2061 = DIRECTION('',(0.,0.,1.));
#2062 = ORIENTED_EDGE('',*,*,#2063,.T.);
#2063 = EDGE_CURVE('',#2056,#2064,#2066,.T.);
#2064 = VERTEX_POINT('',#2065);
#2065 = CARTESIAN_POINT('',(-0.5,0.4,4.5E-02));
#2066 = LINE('',#2067,#2068);
#2067 = CARTESIAN_POINT('',(-0.755,0.4,4.5E-02));
#2068 = VECTOR('',#2069,1.);
#2069 = DIRECTION('',(1.,0.,0.));
#2070 = ORIENTED_EDGE('',*,*,#2071,.T.);
#2071 = EDGE_CURVE('',#2064,#2020,#2072,.T.);
#2072 = CIRCLE('',#2073,4.5E-02);
#2073 = AXIS2_PLACEMENT_3D('',#2074,#2075,#2076);
#2074 = CARTESIAN_POINT('',(-0.545,0.4,4.5E-02));
#2075 = DIRECTION('',(0.,1.,0.));
#2076 = DIRECTION('',(0.,-0.,1.));
#2077 = PLANE('',#2078);
#2078 = AXIS2_PLACEMENT_3D('',#2079,#2080,#2081);
#2079 = CARTESIAN_POINT('',(-0.8,0.4,0.));
#2080 = DIRECTION('',(0.,1.,0.));
#2081 = DIRECTION('',(0.,-0.,1.));
#2082 = ADVANCED_FACE('',(#2083),#2094,.F.);
#2083 = FACE_BOUND('',#2084,.F.);
#2084 = EDGE_LOOP('',(#2085,#2086,#2087,#2088));
#2085 = ORIENTED_EDGE('',*,*,#2019,.F.);
#2086 = ORIENTED_EDGE('',*,*,#1979,.F.);
#2087 = ORIENTED_EDGE('',*,*,#1886,.T.);
#2088 = ORIENTED_EDGE('',*,*,#2089,.T.);
#2089 = EDGE_CURVE('',#1889,#2020,#2090,.T.);
#2090 = LINE('',#2091,#2092);
#2091 = CARTESIAN_POINT('',(-0.545,-0.4,-2.775557561563E-17));
#2092 = VECTOR('',#2093,1.);
#2093 = DIRECTION('',(0.,1.,0.));
#2094 = PLANE('',#2095);
#2095 = AXIS2_PLACEMENT_3D('',#2096,#2097,#2098);
#2096 = CARTESIAN_POINT('',(-0.8,-0.4,0.));
#2097 = DIRECTION('',(0.,0.,1.));
#2098 = DIRECTION('',(1.,0.,-0.));
#2099 = ADVANCED_FACE('',(#2100),#2111,.T.);
#2100 = FACE_BOUND('',#2101,.T.);
#2101 = EDGE_LOOP('',(#2102,#2103,#2104,#2105));
#2102 = ORIENTED_EDGE('',*,*,#1954,.T.);
#2103 = ORIENTED_EDGE('',*,*,#2089,.T.);
#2104 = ORIENTED_EDGE('',*,*,#2071,.F.);
#2105 = ORIENTED_EDGE('',*,*,#2106,.F.);
#2106 = EDGE_CURVE('',#1947,#2064,#2107,.T.);
#2107 = LINE('',#2108,#2109);
#2108 = CARTESIAN_POINT('',(-0.5,-0.4,4.5E-02));
#2109 = VECTOR('',#2110,1.);
#2110 = DIRECTION('',(0.,1.,0.));
#2111 = CYLINDRICAL_SURFACE('',#2112,4.5E-02);
#2112 = AXIS2_PLACEMENT_3D('',#2113,#2114,#2115);
#2113 = CARTESIAN_POINT('',(-0.545,-0.4,4.5E-02));
#2114 = DIRECTION('',(0.,1.,0.));
#2115 = DIRECTION('',(1.,0.,0.));
#2116 = ADVANCED_FACE('',(#2117),#2160,.F.);
#2117 = FACE_BOUND('',#2118,.F.);
#2118 = EDGE_LOOP('',(#2119,#2120,#2121,#2122,#2130,#2138,#2146,#2154));
#2119 = ORIENTED_EDGE('',*,*,#1946,.F.);
#2120 = ORIENTED_EDGE('',*,*,#1938,.T.);
#2121 = ORIENTED_EDGE('',*,*,#1930,.T.);
#2122 = ORIENTED_EDGE('',*,*,#2123,.T.);
#2123 = EDGE_CURVE('',#1922,#2124,#2126,.T.);
#2124 = VERTEX_POINT('',#2125);
#2125 = CARTESIAN_POINT('',(0.5,-0.4,0.405));
#2126 = LINE('',#2127,#2128);
#2127 = CARTESIAN_POINT('',(-0.5,-0.4,0.405));
#2128 = VECTOR('',#2129,1.);
#2129 = DIRECTION('',(1.,0.,0.));
#2130 = ORIENTED_EDGE('',*,*,#2131,.T.);
#2131 = EDGE_CURVE('',#2124,#2132,#2134,.T.);
#2132 = VERTEX_POINT('',#2133);
#2133 = CARTESIAN_POINT('',(0.755,-0.4,0.405));
#2134 = LINE('',#2135,#2136);
#2135 = CARTESIAN_POINT('',(-0.755,-0.4,0.405));
#2136 = VECTOR('',#2137,1.);
#2137 = DIRECTION('',(1.,0.,0.));
#2138 = ORIENTED_EDGE('',*,*,#2139,.F.);
#2139 = EDGE_CURVE('',#2140,#2132,#2142,.T.);
#2140 = VERTEX_POINT('',#2141);
#2141 = CARTESIAN_POINT('',(0.755,-0.4,4.5E-02));
#2142 = LINE('',#2143,#2144);
#2143 = CARTESIAN_POINT('',(0.755,-0.4,4.5E-02));
#2144 = VECTOR('',#2145,1.);
#2145 = DIRECTION('',(0.,0.,1.));
#2146 = ORIENTED_EDGE('',*,*,#2147,.F.);
#2147 = EDGE_CURVE('',#2148,#2140,#2150,.T.);
#2148 = VERTEX_POINT('',#2149);
#2149 = CARTESIAN_POINT('',(0.5,-0.4,4.5E-02));
#2150 = LINE('',#2151,#2152);
#2151 = CARTESIAN_POINT('',(-0.755,-0.4,4.5E-02));
#2152 = VECTOR('',#2153,1.);
#2153 = DIRECTION('',(1.,0.,0.));
#2154 = ORIENTED_EDGE('',*,*,#2155,.F.);
#2155 = EDGE_CURVE('',#1947,#2148,#2156,.T.);
#2156 = LINE('',#2157,#2158);
#2157 = CARTESIAN_POINT('',(-0.755,-0.4,4.5E-02));
#2158 = VECTOR('',#2159,1.);
#2159 = DIRECTION('',(1.,0.,0.));
#2160 = PLANE('',#2161);
#2161 = AXIS2_PLACEMENT_3D('',#2162,#2163,#2164);
#2162 = CARTESIAN_POINT('',(-0.755,-0.4,4.5E-02));
#2163 = DIRECTION('',(0.,1.,0.));
#2164 = DIRECTION('',(0.,-0.,1.));
#2165 = ADVANCED_FACE('',(#2166),#2177,.T.);
#2166 = FACE_BOUND('',#2167,.T.);
#2167 = EDGE_LOOP('',(#2168,#2169,#2170,#2171));
#2168 = ORIENTED_EDGE('',*,*,#2030,.F.);
#2169 = ORIENTED_EDGE('',*,*,#1995,.F.);
#2170 = ORIENTED_EDGE('',*,*,#1913,.T.);
#2171 = ORIENTED_EDGE('',*,*,#2172,.T.);
#2172 = EDGE_CURVE('',#1914,#2031,#2173,.T.);
#2173 = LINE('',#2174,#2175);
#2174 = CARTESIAN_POINT('',(-0.545,-0.4,0.45));
#2175 = VECTOR('',#2176,1.);
#2176 = DIRECTION('',(0.,1.,0.));
#2177 = PLANE('',#2178);
#2178 = AXIS2_PLACEMENT_3D('',#2179,#2180,#2181);
#2179 = CARTESIAN_POINT('',(-0.8,-0.4,0.45));
#2180 = DIRECTION('',(0.,0.,1.));
#2181 = DIRECTION('',(1.,0.,-0.));
#2182 = ADVANCED_FACE('',(#2183),#2194,.T.);
#2183 = FACE_BOUND('',#2184,.T.);
#2184 = EDGE_LOOP('',(#2185,#2191,#2192,#2193));
#2185 = ORIENTED_EDGE('',*,*,#2186,.T.);
#2186 = EDGE_CURVE('',#1922,#2039,#2187,.T.);
#2187 = LINE('',#2188,#2189);
#2188 = CARTESIAN_POINT('',(-0.5,-0.4,0.405));
#2189 = VECTOR('',#2190,1.);
#2190 = DIRECTION('',(0.,1.,0.));
#2191 = ORIENTED_EDGE('',*,*,#2038,.T.);
#2192 = ORIENTED_EDGE('',*,*,#2172,.F.);
#2193 = ORIENTED_EDGE('',*,*,#1921,.F.);
#2194 = CYLINDRICAL_SURFACE('',#2195,4.5E-02);
#2195 = AXIS2_PLACEMENT_3D('',#2196,#2197,#2198);
#2196 = CARTESIAN_POINT('',(-0.545,-0.4,0.405));
#2197 = DIRECTION('',(0.,1.,0.));
#2198 = DIRECTION('',(1.,0.,0.));
#2199 = ADVANCED_FACE('',(#2200),#2243,.T.);
#2200 = FACE_BOUND('',#2201,.T.);
#2201 = EDGE_LOOP('',(#2202,#2203,#2204,#2205,#2213,#2221,#2229,#2237));
#2202 = ORIENTED_EDGE('',*,*,#2063,.F.);
#2203 = ORIENTED_EDGE('',*,*,#2055,.T.);
#2204 = ORIENTED_EDGE('',*,*,#2047,.T.);
#2205 = ORIENTED_EDGE('',*,*,#2206,.T.);
#2206 = EDGE_CURVE('',#2039,#2207,#2209,.T.);
#2207 = VERTEX_POINT('',#2208);
#2208 = CARTESIAN_POINT('',(0.5,0.4,0.405));
#2209 = LINE('',#2210,#2211);
#2210 = CARTESIAN_POINT('',(-0.5,0.4,0.405));
#2211 = VECTOR('',#2212,1.);
#2212 = DIRECTION('',(1.,0.,0.));
#2213 = ORIENTED_EDGE('',*,*,#2214,.T.);
#2214 = EDGE_CURVE('',#2207,#2215,#2217,.T.);
#2215 = VERTEX_POINT('',#2216);
#2216 = CARTESIAN_POINT('',(0.755,0.4,0.405));
#2217 = LINE('',#2218,#2219);
#2218 = CARTESIAN_POINT('',(-0.755,0.4,0.405));
#2219 = VECTOR('',#2220,1.);
#2220 = DIRECTION('',(1.,0.,0.));
#2221 = ORIENTED_EDGE('',*,*,#2222,.F.);
#2222 = EDGE_CURVE('',#2223,#2215,#2225,.T.);
#2223 = VERTEX_POINT('',#2224);
#2224 = CARTESIAN_POINT('',(0.755,0.4,4.5E-02));
#2225 = LINE('',#2226,#2227);
#2226 = CARTESIAN_POINT('',(0.755,0.4,4.5E-02));
#2227 = VECTOR('',#2228,1.);
#2228 = DIRECTION('',(0.,0.,1.));
#2229 = ORIENTED_EDGE('',*,*,#2230,.F.);
#2230 = EDGE_CURVE('',#2231,#2223,#2233,.T.);
#2231 = VERTEX_POINT('',#2232);
#2232 = CARTESIAN_POINT('',(0.5,0.4,4.5E-02));
#2233 = LINE('',#2234,#2235);
#2234 = CARTESIAN_POINT('',(-0.755,0.4,4.5E-02));
#2235 = VECTOR('',#2236,1.);
#2236 = DIRECTION('',(1.,0.,0.));
#2237 = ORIENTED_EDGE('',*,*,#2238,.F.);
#2238 = EDGE_CURVE('',#2064,#2231,#2239,.T.);
#2239 = LINE('',#2240,#2241);
#2240 = CARTESIAN_POINT('',(-0.755,0.4,4.5E-02));
#2241 = VECTOR('',#2242,1.);
#2242 = DIRECTION('',(1.,0.,0.));
#2243 = PLANE('',#2244);
#2244 = AXIS2_PLACEMENT_3D('',#2245,#2246,#2247);
#2245 = CARTESIAN_POINT('',(-0.755,0.4,4.5E-02));
#2246 = DIRECTION('',(0.,1.,0.));
#2247 = DIRECTION('',(0.,-0.,1.));
#2248 = ADVANCED_FACE('',(#2249),#2260,.F.);
#2249 = FACE_BOUND('',#2250,.F.);
#2250 = EDGE_LOOP('',(#2251,#2252,#2253,#2259));
#2251 = ORIENTED_EDGE('',*,*,#2106,.F.);
#2252 = ORIENTED_EDGE('',*,*,#2155,.T.);
#2253 = ORIENTED_EDGE('',*,*,#2254,.T.);
#2254 = EDGE_CURVE('',#2148,#2231,#2255,.T.);
#2255 = LINE('',#2256,#2257);
#2256 = CARTESIAN_POINT('',(0.5,-0.4,4.5E-02));
#2257 = VECTOR('',#2258,1.);
#2258 = DIRECTION('',(0.,1.,0.));
#2259 = ORIENTED_EDGE('',*,*,#2238,.F.);
#2260 = PLANE('',#2261);
#2261 = AXIS2_PLACEMENT_3D('',#2262,#2263,#2264);
#2262 = CARTESIAN_POINT('',(-0.755,-0.4,4.5E-02));
#2263 = DIRECTION('',(0.,0.,1.));
#2264 = DIRECTION('',(1.,0.,-0.));
#2265 = ADVANCED_FACE('',(#2266),#2329,.F.);
#2266 = FACE_BOUND('',#2267,.F.);
#2267 = EDGE_LOOP('',(#2268,#2278,#2285,#2286,#2287,#2288,#2297,#2305,
    #2314,#2322));
#2268 = ORIENTED_EDGE('',*,*,#2269,.F.);
#2269 = EDGE_CURVE('',#2270,#2272,#2274,.T.);
#2270 = VERTEX_POINT('',#2271);
#2271 = CARTESIAN_POINT('',(0.545,-0.4,-2.775557561563E-17));
#2272 = VERTEX_POINT('',#2273);
#2273 = CARTESIAN_POINT('',(0.755,-0.4,-2.775557561563E-17));
#2274 = LINE('',#2275,#2276);
#2275 = CARTESIAN_POINT('',(0.5,-0.4,0.));
#2276 = VECTOR('',#2277,1.);
#2277 = DIRECTION('',(1.,0.,0.));
#2278 = ORIENTED_EDGE('',*,*,#2279,.F.);
#2279 = EDGE_CURVE('',#2148,#2270,#2280,.T.);
#2280 = CIRCLE('',#2281,4.5E-02);
#2281 = AXIS2_PLACEMENT_3D('',#2282,#2283,#2284);
#2282 = CARTESIAN_POINT('',(0.545,-0.4,4.5E-02));
#2283 = DIRECTION('',(0.,-1.,0.));
#2284 = DIRECTION('',(0.,0.,1.));
#2285 = ORIENTED_EDGE('',*,*,#2147,.T.);
#2286 = ORIENTED_EDGE('',*,*,#2139,.T.);
#2287 = ORIENTED_EDGE('',*,*,#2131,.F.);
#2288 = ORIENTED_EDGE('',*,*,#2289,.T.);
#2289 = EDGE_CURVE('',#2124,#2290,#2292,.T.);
#2290 = VERTEX_POINT('',#2291);
#2291 = CARTESIAN_POINT('',(0.545,-0.4,0.45));
#2292 = CIRCLE('',#2293,4.5E-02);
#2293 = AXIS2_PLACEMENT_3D('',#2294,#2295,#2296);
#2294 = CARTESIAN_POINT('',(0.545,-0.4,0.405));
#2295 = DIRECTION('',(0.,1.,0.));
#2296 = DIRECTION('',(0.,-0.,1.));
#2297 = ORIENTED_EDGE('',*,*,#2298,.T.);
#2298 = EDGE_CURVE('',#2290,#2299,#2301,.T.);
#2299 = VERTEX_POINT('',#2300);
#2300 = CARTESIAN_POINT('',(0.755,-0.4,0.45));
#2301 = LINE('',#2302,#2303);
#2302 = CARTESIAN_POINT('',(0.5,-0.4,0.45));
#2303 = VECTOR('',#2304,1.);
#2304 = DIRECTION('',(1.,0.,0.));
#2305 = ORIENTED_EDGE('',*,*,#2306,.F.);
#2306 = EDGE_CURVE('',#2307,#2299,#2309,.T.);
#2307 = VERTEX_POINT('',#2308);
#2308 = CARTESIAN_POINT('',(0.8,-0.4,0.405));
#2309 = CIRCLE('',#2310,4.5E-02);
#2310 = AXIS2_PLACEMENT_3D('',#2311,#2312,#2313);
#2311 = CARTESIAN_POINT('',(0.755,-0.4,0.405));
#2312 = DIRECTION('',(0.,-1.,0.));
#2313 = DIRECTION('',(0.,0.,1.));
#2314 = ORIENTED_EDGE('',*,*,#2315,.F.);
#2315 = EDGE_CURVE('',#2316,#2307,#2318,.T.);
#2316 = VERTEX_POINT('',#2317);
#2317 = CARTESIAN_POINT('',(0.8,-0.4,4.5E-02));
#2318 = LINE('',#2319,#2320);
#2319 = CARTESIAN_POINT('',(0.8,-0.4,0.));
#2320 = VECTOR('',#2321,1.);
#2321 = DIRECTION('',(0.,0.,1.));
#2322 = ORIENTED_EDGE('',*,*,#2323,.T.);
#2323 = EDGE_CURVE('',#2316,#2272,#2324,.T.);
#2324 = CIRCLE('',#2325,4.5E-02);
#2325 = AXIS2_PLACEMENT_3D('',#2326,#2327,#2328);
#2326 = CARTESIAN_POINT('',(0.755,-0.4,4.5E-02));
#2327 = DIRECTION('',(0.,1.,0.));
#2328 = DIRECTION('',(0.,-0.,1.));
#2329 = PLANE('',#2330);
#2330 = AXIS2_PLACEMENT_3D('',#2331,#2332,#2333);
#2331 = CARTESIAN_POINT('',(0.5,-0.4,0.));
#2332 = DIRECTION('',(0.,1.,0.));
#2333 = DIRECTION('',(0.,-0.,1.));
#2334 = ADVANCED_FACE('',(#2335),#2360,.F.);
#2335 = FACE_BOUND('',#2336,.F.);
#2336 = EDGE_LOOP('',(#2337,#2338,#2346,#2354));
#2337 = ORIENTED_EDGE('',*,*,#2123,.F.);
#2338 = ORIENTED_EDGE('',*,*,#2339,.T.);
#2339 = EDGE_CURVE('',#1922,#2340,#2342,.T.);
#2340 = VERTEX_POINT('',#2341);
#2341 = CARTESIAN_POINT('',(-0.5,-0.4,0.45));
#2342 = LINE('',#2343,#2344);
#2343 = CARTESIAN_POINT('',(-0.5,-0.4,0.405));
#2344 = VECTOR('',#2345,1.);
#2345 = DIRECTION('',(0.,0.,1.));
#2346 = ORIENTED_EDGE('',*,*,#2347,.T.);
#2347 = EDGE_CURVE('',#2340,#2348,#2350,.T.);
#2348 = VERTEX_POINT('',#2349);
#2349 = CARTESIAN_POINT('',(0.5,-0.4,0.45));
#2350 = LINE('',#2351,#2352);
#2351 = CARTESIAN_POINT('',(-0.5,-0.4,0.45));
#2352 = VECTOR('',#2353,1.);
#2353 = DIRECTION('',(1.,0.,0.));
#2354 = ORIENTED_EDGE('',*,*,#2355,.F.);
#2355 = EDGE_CURVE('',#2124,#2348,#2356,.T.);
#2356 = LINE('',#2357,#2358);
#2357 = CARTESIAN_POINT('',(0.5,-0.4,0.405));
#2358 = VECTOR('',#2359,1.);
#2359 = DIRECTION('',(0.,0.,1.));
#2360 = PLANE('',#2361);
#2361 = AXIS2_PLACEMENT_3D('',#2362,#2363,#2364);
#2362 = CARTESIAN_POINT('',(-0.5,-0.4,0.405));
#2363 = DIRECTION('',(0.,1.,0.));
#2364 = DIRECTION('',(0.,-0.,1.));
#2365 = ADVANCED_FACE('',(#2366),#2384,.F.);
#2366 = FACE_BOUND('',#2367,.F.);
#2367 = EDGE_LOOP('',(#2368,#2369,#2370,#2378));
#2368 = ORIENTED_EDGE('',*,*,#2339,.F.);
#2369 = ORIENTED_EDGE('',*,*,#2186,.T.);
#2370 = ORIENTED_EDGE('',*,*,#2371,.T.);
#2371 = EDGE_CURVE('',#2039,#2372,#2374,.T.);
#2372 = VERTEX_POINT('',#2373);
#2373 = CARTESIAN_POINT('',(-0.5,0.4,0.45));
#2374 = LINE('',#2375,#2376);
#2375 = CARTESIAN_POINT('',(-0.5,0.4,0.405));
#2376 = VECTOR('',#2377,1.);
#2377 = DIRECTION('',(0.,0.,1.));
#2378 = ORIENTED_EDGE('',*,*,#2379,.F.);
#2379 = EDGE_CURVE('',#2340,#2372,#2380,.T.);
#2380 = LINE('',#2381,#2382);
#2381 = CARTESIAN_POINT('',(-0.5,-0.4,0.45));
#2382 = VECTOR('',#2383,1.);
#2383 = DIRECTION('',(0.,1.,0.));
#2384 = PLANE('',#2385);
#2385 = AXIS2_PLACEMENT_3D('',#2386,#2387,#2388);
#2386 = CARTESIAN_POINT('',(-0.5,-0.4,0.405));
#2387 = DIRECTION('',(1.,0.,0.));
#2388 = DIRECTION('',(0.,0.,1.));
#2389 = ADVANCED_FACE('',(#2390),#2453,.T.);
#2390 = FACE_BOUND('',#2391,.T.);
#2391 = EDGE_LOOP('',(#2392,#2402,#2409,#2410,#2411,#2412,#2421,#2429,
    #2438,#2446));
#2392 = ORIENTED_EDGE('',*,*,#2393,.F.);
#2393 = EDGE_CURVE('',#2394,#2396,#2398,.T.);
#2394 = VERTEX_POINT('',#2395);
#2395 = CARTESIAN_POINT('',(0.545,0.4,-2.775557561563E-17));
#2396 = VERTEX_POINT('',#2397);
#2397 = CARTESIAN_POINT('',(0.755,0.4,-2.775557561563E-17));
#2398 = LINE('',#2399,#2400);
#2399 = CARTESIAN_POINT('',(0.5,0.4,0.));
#2400 = VECTOR('',#2401,1.);
#2401 = DIRECTION('',(1.,0.,0.));
#2402 = ORIENTED_EDGE('',*,*,#2403,.F.);
#2403 = EDGE_CURVE('',#2231,#2394,#2404,.T.);
#2404 = CIRCLE('',#2405,4.5E-02);
#2405 = AXIS2_PLACEMENT_3D('',#2406,#2407,#2408);
#2406 = CARTESIAN_POINT('',(0.545,0.4,4.5E-02));
#2407 = DIRECTION('',(0.,-1.,0.));
#2408 = DIRECTION('',(0.,0.,1.));
#2409 = ORIENTED_EDGE('',*,*,#2230,.T.);
#2410 = ORIENTED_EDGE('',*,*,#2222,.T.);
#2411 = ORIENTED_EDGE('',*,*,#2214,.F.);
#2412 = ORIENTED_EDGE('',*,*,#2413,.T.);
#2413 = EDGE_CURVE('',#2207,#2414,#2416,.T.);
#2414 = VERTEX_POINT('',#2415);
#2415 = CARTESIAN_POINT('',(0.545,0.4,0.45));
#2416 = CIRCLE('',#2417,4.5E-02);
#2417 = AXIS2_PLACEMENT_3D('',#2418,#2419,#2420);
#2418 = CARTESIAN_POINT('',(0.545,0.4,0.405));
#2419 = DIRECTION('',(0.,1.,0.));
#2420 = DIRECTION('',(0.,-0.,1.));
#2421 = ORIENTED_EDGE('',*,*,#2422,.T.);
#2422 = EDGE_CURVE('',#2414,#2423,#2425,.T.);
#2423 = VERTEX_POINT('',#2424);
#2424 = CARTESIAN_POINT('',(0.755,0.4,0.45));
#2425 = LINE('',#2426,#2427);
#2426 = CARTESIAN_POINT('',(0.5,0.4,0.45));
#2427 = VECTOR('',#2428,1.);
#2428 = DIRECTION('',(1.,0.,0.));
#2429 = ORIENTED_EDGE('',*,*,#2430,.F.);
#2430 = EDGE_CURVE('',#2431,#2423,#2433,.T.);
#2431 = VERTEX_POINT('',#2432);
#2432 = CARTESIAN_POINT('',(0.8,0.4,0.405));
#2433 = CIRCLE('',#2434,4.5E-02);
#2434 = AXIS2_PLACEMENT_3D('',#2435,#2436,#2437);
#2435 = CARTESIAN_POINT('',(0.755,0.4,0.405));
#2436 = DIRECTION('',(0.,-1.,0.));
#2437 = DIRECTION('',(0.,0.,1.));
#2438 = ORIENTED_EDGE('',*,*,#2439,.F.);
#2439 = EDGE_CURVE('',#2440,#2431,#2442,.T.);
#2440 = VERTEX_POINT('',#2441);
#2441 = CARTESIAN_POINT('',(0.8,0.4,4.5E-02));
#2442 = LINE('',#2443,#2444);
#2443 = CARTESIAN_POINT('',(0.8,0.4,0.));
#2444 = VECTOR('',#2445,1.);
#2445 = DIRECTION('',(0.,0.,1.));
#2446 = ORIENTED_EDGE('',*,*,#2447,.T.);
#2447 = EDGE_CURVE('',#2440,#2396,#2448,.T.);
#2448 = CIRCLE('',#2449,4.5E-02);
#2449 = AXIS2_PLACEMENT_3D('',#2450,#2451,#2452);
#2450 = CARTESIAN_POINT('',(0.755,0.4,4.5E-02));
#2451 = DIRECTION('',(0.,1.,0.));
#2452 = DIRECTION('',(0.,-0.,1.));
#2453 = PLANE('',#2454);
#2454 = AXIS2_PLACEMENT_3D('',#2455,#2456,#2457);
#2455 = CARTESIAN_POINT('',(0.5,0.4,0.));
#2456 = DIRECTION('',(0.,1.,0.));
#2457 = DIRECTION('',(0.,-0.,1.));
#2458 = ADVANCED_FACE('',(#2459),#2477,.T.);
#2459 = FACE_BOUND('',#2460,.T.);
#2460 = EDGE_LOOP('',(#2461,#2462,#2463,#2471));
#2461 = ORIENTED_EDGE('',*,*,#2206,.F.);
#2462 = ORIENTED_EDGE('',*,*,#2371,.T.);
#2463 = ORIENTED_EDGE('',*,*,#2464,.T.);
#2464 = EDGE_CURVE('',#2372,#2465,#2467,.T.);
#2465 = VERTEX_POINT('',#2466);
#2466 = CARTESIAN_POINT('',(0.5,0.4,0.45));
#2467 = LINE('',#2468,#2469);
#2468 = CARTESIAN_POINT('',(-0.5,0.4,0.45));
#2469 = VECTOR('',#2470,1.);
#2470 = DIRECTION('',(1.,0.,0.));
#2471 = ORIENTED_EDGE('',*,*,#2472,.F.);
#2472 = EDGE_CURVE('',#2207,#2465,#2473,.T.);
#2473 = LINE('',#2474,#2475);
#2474 = CARTESIAN_POINT('',(0.5,0.4,0.405));
#2475 = VECTOR('',#2476,1.);
#2476 = DIRECTION('',(0.,0.,1.));
#2477 = PLANE('',#2478);
#2478 = AXIS2_PLACEMENT_3D('',#2479,#2480,#2481);
#2479 = CARTESIAN_POINT('',(-0.5,0.4,0.405));
#2480 = DIRECTION('',(0.,1.,0.));
#2481 = DIRECTION('',(0.,-0.,1.));
#2482 = ADVANCED_FACE('',(#2483),#2494,.T.);
#2483 = FACE_BOUND('',#2484,.T.);
#2484 = EDGE_LOOP('',(#2485,#2486,#2487,#2493));
#2485 = ORIENTED_EDGE('',*,*,#2254,.T.);
#2486 = ORIENTED_EDGE('',*,*,#2403,.T.);
#2487 = ORIENTED_EDGE('',*,*,#2488,.F.);
#2488 = EDGE_CURVE('',#2270,#2394,#2489,.T.);
#2489 = LINE('',#2490,#2491);
#2490 = CARTESIAN_POINT('',(0.545,-0.4,-2.775557561563E-17));
#2491 = VECTOR('',#2492,1.);
#2492 = DIRECTION('',(0.,1.,0.));
#2493 = ORIENTED_EDGE('',*,*,#2279,.F.);
#2494 = CYLINDRICAL_SURFACE('',#2495,4.5E-02);
#2495 = AXIS2_PLACEMENT_3D('',#2496,#2497,#2498);
#2496 = CARTESIAN_POINT('',(0.545,-0.4,4.5E-02));
#2497 = DIRECTION('',(0.,1.,0.));
#2498 = DIRECTION('',(-1.,0.,0.));
#2499 = ADVANCED_FACE('',(#2500),#2511,.F.);
#2500 = FACE_BOUND('',#2501,.F.);
#2501 = EDGE_LOOP('',(#2502,#2503,#2504,#2505));
#2502 = ORIENTED_EDGE('',*,*,#2393,.F.);
#2503 = ORIENTED_EDGE('',*,*,#2488,.F.);
#2504 = ORIENTED_EDGE('',*,*,#2269,.T.);
#2505 = ORIENTED_EDGE('',*,*,#2506,.T.);
#2506 = EDGE_CURVE('',#2272,#2396,#2507,.T.);
#2507 = LINE('',#2508,#2509);
#2508 = CARTESIAN_POINT('',(0.755,-0.4,-2.775557561563E-17));
#2509 = VECTOR('',#2510,1.);
#2510 = DIRECTION('',(0.,1.,0.));
#2511 = PLANE('',#2512);
#2512 = AXIS2_PLACEMENT_3D('',#2513,#2514,#2515);
#2513 = CARTESIAN_POINT('',(0.5,-0.4,0.));
#2514 = DIRECTION('',(0.,0.,1.));
#2515 = DIRECTION('',(1.,0.,-0.));
#2516 = ADVANCED_FACE('',(#2517),#2528,.T.);
#2517 = FACE_BOUND('',#2518,.T.);
#2518 = EDGE_LOOP('',(#2519,#2520,#2521,#2522));
#2519 = ORIENTED_EDGE('',*,*,#2323,.T.);
#2520 = ORIENTED_EDGE('',*,*,#2506,.T.);
#2521 = ORIENTED_EDGE('',*,*,#2447,.F.);
#2522 = ORIENTED_EDGE('',*,*,#2523,.F.);
#2523 = EDGE_CURVE('',#2316,#2440,#2524,.T.);
#2524 = LINE('',#2525,#2526);
#2525 = CARTESIAN_POINT('',(0.8,-0.4,4.5E-02));
#2526 = VECTOR('',#2527,1.);
#2527 = DIRECTION('',(0.,1.,0.));
#2528 = CYLINDRICAL_SURFACE('',#2529,4.5E-02);
#2529 = AXIS2_PLACEMENT_3D('',#2530,#2531,#2532);
#2530 = CARTESIAN_POINT('',(0.755,-0.4,4.5E-02));
#2531 = DIRECTION('',(0.,1.,0.));
#2532 = DIRECTION('',(1.,0.,0.));
#2533 = ADVANCED_FACE('',(#2534),#2545,.T.);
#2534 = FACE_BOUND('',#2535,.T.);
#2535 = EDGE_LOOP('',(#2536,#2537,#2538,#2539));
#2536 = ORIENTED_EDGE('',*,*,#2315,.F.);
#2537 = ORIENTED_EDGE('',*,*,#2523,.T.);
#2538 = ORIENTED_EDGE('',*,*,#2439,.T.);
#2539 = ORIENTED_EDGE('',*,*,#2540,.F.);
#2540 = EDGE_CURVE('',#2307,#2431,#2541,.T.);
#2541 = LINE('',#2542,#2543);
#2542 = CARTESIAN_POINT('',(0.8,-0.4,0.405));
#2543 = VECTOR('',#2544,1.);
#2544 = DIRECTION('',(0.,1.,0.));
#2545 = PLANE('',#2546);
#2546 = AXIS2_PLACEMENT_3D('',#2547,#2548,#2549);
#2547 = CARTESIAN_POINT('',(0.8,-0.4,0.));
#2548 = DIRECTION('',(1.,0.,0.));
#2549 = DIRECTION('',(0.,0.,1.));
#2550 = ADVANCED_FACE('',(#2551),#2562,.T.);
#2551 = FACE_BOUND('',#2552,.T.);
#2552 = EDGE_LOOP('',(#2553,#2554,#2555,#2561));
#2553 = ORIENTED_EDGE('',*,*,#2540,.T.);
#2554 = ORIENTED_EDGE('',*,*,#2430,.T.);
#2555 = ORIENTED_EDGE('',*,*,#2556,.F.);
#2556 = EDGE_CURVE('',#2299,#2423,#2557,.T.);
#2557 = LINE('',#2558,#2559);
#2558 = CARTESIAN_POINT('',(0.755,-0.4,0.45));
#2559 = VECTOR('',#2560,1.);
#2560 = DIRECTION('',(0.,1.,0.));
#2561 = ORIENTED_EDGE('',*,*,#2306,.F.);
#2562 = CYLINDRICAL_SURFACE('',#2563,4.5E-02);
#2563 = AXIS2_PLACEMENT_3D('',#2564,#2565,#2566);
#2564 = CARTESIAN_POINT('',(0.755,-0.4,0.405));
#2565 = DIRECTION('',(0.,1.,0.));
#2566 = DIRECTION('',(1.,0.,0.));
#2567 = ADVANCED_FACE('',(#2568),#2579,.T.);
#2568 = FACE_BOUND('',#2569,.T.);
#2569 = EDGE_LOOP('',(#2570,#2571,#2577,#2578));
#2570 = ORIENTED_EDGE('',*,*,#2422,.F.);
#2571 = ORIENTED_EDGE('',*,*,#2572,.F.);
#2572 = EDGE_CURVE('',#2290,#2414,#2573,.T.);
#2573 = LINE('',#2574,#2575);
#2574 = CARTESIAN_POINT('',(0.545,-0.4,0.45));
#2575 = VECTOR('',#2576,1.);
#2576 = DIRECTION('',(0.,1.,0.));
#2577 = ORIENTED_EDGE('',*,*,#2298,.T.);
#2578 = ORIENTED_EDGE('',*,*,#2556,.T.);
#2579 = PLANE('',#2580);
#2580 = AXIS2_PLACEMENT_3D('',#2581,#2582,#2583);
#2581 = CARTESIAN_POINT('',(0.5,-0.4,0.45));
#2582 = DIRECTION('',(0.,0.,1.));
#2583 = DIRECTION('',(1.,0.,-0.));
#2584 = ADVANCED_FACE('',(#2585),#2596,.T.);
#2585 = FACE_BOUND('',#2586,.T.);
#2586 = EDGE_LOOP('',(#2587,#2588,#2589,#2590));
#2587 = ORIENTED_EDGE('',*,*,#2289,.T.);
#2588 = ORIENTED_EDGE('',*,*,#2572,.T.);
#2589 = ORIENTED_EDGE('',*,*,#2413,.F.);
#2590 = ORIENTED_EDGE('',*,*,#2591,.F.);
#2591 = EDGE_CURVE('',#2124,#2207,#2592,.T.);
#2592 = LINE('',#2593,#2594);
#2593 = CARTESIAN_POINT('',(0.5,-0.4,0.405));
#2594 = VECTOR('',#2595,1.);
#2595 = DIRECTION('',(0.,1.,0.));
#2596 = CYLINDRICAL_SURFACE('',#2597,4.5E-02);
#2597 = AXIS2_PLACEMENT_3D('',#2598,#2599,#2600);
#2598 = CARTESIAN_POINT('',(0.545,-0.4,0.405));
#2599 = DIRECTION('',(0.,1.,0.));
#2600 = DIRECTION('',(-1.,0.,0.));
#2601 = ADVANCED_FACE('',(#2602),#2613,.T.);
#2602 = FACE_BOUND('',#2603,.T.);
#2603 = EDGE_LOOP('',(#2604,#2605,#2606,#2607));
#2604 = ORIENTED_EDGE('',*,*,#2355,.F.);
#2605 = ORIENTED_EDGE('',*,*,#2591,.T.);
#2606 = ORIENTED_EDGE('',*,*,#2472,.T.);
#2607 = ORIENTED_EDGE('',*,*,#2608,.F.);
#2608 = EDGE_CURVE('',#2348,#2465,#2609,.T.);
#2609 = LINE('',#2610,#2611);
#2610 = CARTESIAN_POINT('',(0.5,-0.4,0.45));
#2611 = VECTOR('',#2612,1.);
#2612 = DIRECTION('',(0.,1.,0.));
#2613 = PLANE('',#2614);
#2614 = AXIS2_PLACEMENT_3D('',#2615,#2616,#2617);
#2615 = CARTESIAN_POINT('',(0.5,-0.4,0.405));
#2616 = DIRECTION('',(1.,0.,0.));
#2617 = DIRECTION('',(0.,0.,1.));
#2618 = ADVANCED_FACE('',(#2619),#2625,.T.);
#2619 = FACE_BOUND('',#2620,.T.);
#2620 = EDGE_LOOP('',(#2621,#2622,#2623,#2624));
#2621 = ORIENTED_EDGE('',*,*,#2379,.F.);
#2622 = ORIENTED_EDGE('',*,*,#2347,.T.);
#2623 = ORIENTED_EDGE('',*,*,#2608,.T.);
#2624 = ORIENTED_EDGE('',*,*,#2464,.F.);
#2625 = PLANE('',#2626);
#2626 = AXIS2_PLACEMENT_3D('',#2627,#2628,#2629);
#2627 = CARTESIAN_POINT('',(-0.5,-0.4,0.45));
#2628 = DIRECTION('',(0.,0.,1.));
#2629 = DIRECTION('',(1.,0.,-0.));
#2630 = ( GEOMETRIC_REPRESENTATION_CONTEXT(3) 
GLOBAL_UNCERTAINTY_ASSIGNED_CONTEXT((#2634)) 
GLOBAL_UNIT_ASSIGNED_CONTEXT((#2631,#2632,#2633)) REPRESENTATION_CONTEXT
('Context #1','3D Context with UNIT and UNCERTAINTY') );
#2631 = ( LENGTH_UNIT() NAMED_UNIT(*) SI_UNIT(.MILLI.,.METRE.) );
#2632 = ( NAMED_UNIT(*) PLANE_ANGLE_UNIT() SI_UNIT($,.RADIAN.) );
#2633 = ( NAMED_UNIT(*) SI_UNIT($,.STERADIAN.) SOLID_ANGLE_UNIT() );
#2634 = UNCERTAINTY_MEASURE_WITH_UNIT(LENGTH_MEASURE(1.E-07),#2631,
  'distance_accuracy_value','confusion accuracy');
#2635 = CONTEXT_DEPENDENT_SHAPE_REPRESENTATION(#2636,#2638);
#2636 = ( REPRESENTATION_RELATIONSHIP('','',#1839,#10) 
REPRESENTATION_RELATIONSHIP_WITH_TRANSFORMATION(#2637) 
SHAPE_REPRESENTATION_RELATIONSHIP() );
#2637 = ITEM_DEFINED_TRANSFORMATION('','',#11,#43);
#2638 = PRODUCT_DEFINITION_SHAPE('Placement','Placement of an item',
  #2639);
#2639 = NEXT_ASSEMBLY_USAGE_OCCURRENCE('8','FB3','',#5,#1834,$);
#2640 = PRODUCT_RELATED_PRODUCT_CATEGORY('part',$,(#1836));
#2641 = CONTEXT_DEPENDENT_SHAPE_REPRESENTATION(#2642,#2644);
#2642 = ( REPRESENTATION_RELATIONSHIP('','',#941,#10) 
REPRESENTATION_RELATIONSHIP_WITH_TRANSFORMATION(#2643) 
SHAPE_REPRESENTATION_RELATIONSHIP() );
#2643 = ITEM_DEFINED_TRANSFORMATION('','',#11,#47);
#2644 = PRODUCT_DEFINITION_SHAPE('Placement','Placement of an item',
  #2645);
#2645 = NEXT_ASSEMBLY_USAGE_OCCURRENCE('9','C9','',#5,#936,$);
#2646 = CONTEXT_DEPENDENT_SHAPE_REPRESENTATION(#2647,#2649);
#2647 = ( REPRESENTATION_RELATIONSHIP('','',#1839,#10) 
REPRESENTATION_RELATIONSHIP_WITH_TRANSFORMATION(#2648) 
SHAPE_REPRESENTATION_RELATIONSHIP() );
#2648 = ITEM_DEFINED_TRANSFORMATION('','',#11,#51);
#2649 = PRODUCT_DEFINITION_SHAPE('Placement','Placement of an item',
  #2650);
#2650 = NEXT_ASSEMBLY_USAGE_OCCURRENCE('10','R2','',#5,#1834,$);
#2651 = CONTEXT_DEPENDENT_SHAPE_REPRESENTATION(#2652,#2654);
#2652 = ( REPRESENTATION_RELATIONSHIP('','',#941,#10) 
REPRESENTATION_RELATIONSHIP_WITH_TRANSFORMATION(#2653) 
SHAPE_REPRESENTATION_RELATIONSHIP() );
#2653 = ITEM_DEFINED_TRANSFORMATION('','',#11,#55);
#2654 = PRODUCT_DEFINITION_SHAPE('Placement','Placement of an item',
  #2655);
#2655 = NEXT_ASSEMBLY_USAGE_OCCURRENCE('11','C11','',#5,#936,$);
#2656 = CONTEXT_DEPENDENT_SHAPE_REPRESENTATION(#2657,#2659);
#2657 = ( REPRESENTATION_RELATIONSHIP('','',#1839,#10) 
REPRESENTATION_RELATIONSHIP_WITH_TRANSFORMATION(#2658) 
SHAPE_REPRESENTATION_RELATIONSHIP() );
#2658 = ITEM_DEFINED_TRANSFORMATION('','',#11,#59);
#2659 = PRODUCT_DEFINITION_SHAPE('Placement','Placement of an item',
  #2660);
#2660 = NEXT_ASSEMBLY_USAGE_OCCURRENCE('12','R1','',#5,#1834,$);
#2661 = CONTEXT_DEPENDENT_SHAPE_REPRESENTATION(#2662,#2664);
#2662 = ( REPRESENTATION_RELATIONSHIP('','',#941,#10) 
REPRESENTATION_RELATIONSHIP_WITH_TRANSFORMATION(#2663) 
SHAPE_REPRESENTATION_RELATIONSHIP() );
#2663 = ITEM_DEFINED_TRANSFORMATION('','',#11,#63);
#2664 = PRODUCT_DEFINITION_SHAPE('Placement','Placement of an item',
  #2665);
#2665 = NEXT_ASSEMBLY_USAGE_OCCURRENCE('13','C4','',#5,#936,$);
#2666 = CONTEXT_DEPENDENT_SHAPE_REPRESENTATION(#2667,#2669);
#2667 = ( REPRESENTATION_RELATIONSHIP('','',#941,#10) 
REPRESENTATION_RELATIONSHIP_WITH_TRANSFORMATION(#2668) 
SHAPE_REPRESENTATION_RELATIONSHIP() );
#2668 = ITEM_DEFINED_TRANSFORMATION('','',#11,#67);
#2669 = PRODUCT_DEFINITION_SHAPE('Placement','Placement of an item',
  #2670);
#2670 = NEXT_ASSEMBLY_USAGE_OCCURRENCE('14','C3','',#5,#936,$);
#2671 = CONTEXT_DEPENDENT_SHAPE_REPRESENTATION(#2672,#2674);
#2672 = ( REPRESENTATION_RELATIONSHIP('','',#1839,#10) 
REPRESENTATION_RELATIONSHIP_WITH_TRANSFORMATION(#2673) 
SHAPE_REPRESENTATION_RELATIONSHIP() );
#2673 = ITEM_DEFINED_TRANSFORMATION('','',#11,#71);
#2674 = PRODUCT_DEFINITION_SHAPE('Placement','Placement of an item',
  #2675);
#2675 = NEXT_ASSEMBLY_USAGE_OCCURRENCE('15','R6','',#5,#1834,$);
#2676 = CONTEXT_DEPENDENT_SHAPE_REPRESENTATION(#2677,#2679);
#2677 = ( REPRESENTATION_RELATIONSHIP('','',#941,#10) 
REPRESENTATION_RELATIONSHIP_WITH_TRANSFORMATION(#2678) 
SHAPE_REPRESENTATION_RELATIONSHIP() );
#2678 = ITEM_DEFINED_TRANSFORMATION('','',#11,#75);
#2679 = PRODUCT_DEFINITION_SHAPE('Placement','Placement of an item',
  #2680);
#2680 = NEXT_ASSEMBLY_USAGE_OCCURRENCE('16','C5','',#5,#936,$);
#2681 = SHAPE_DEFINITION_REPRESENTATION(#2682,#2688);
#2682 = PRODUCT_DEFINITION_SHAPE('','',#2683);
#2683 = PRODUCT_DEFINITION('design','',#2684,#2687);
#2684 = PRODUCT_DEFINITION_FORMATION('','',#2685);
#2685 = PRODUCT('PJ301M-12','PJ301M-12','',(#2686));
#2686 = PRODUCT_CONTEXT('',#2,'mechanical');
#2687 = PRODUCT_DEFINITION_CONTEXT('part definition',#2,'design');
#2688 = SHAPE_REPRESENTATION('',(#11,#2689,#2693,#2697,#2701,#2705),
  #2709);
#2689 = AXIS2_PLACEMENT_3D('',#2690,#2691,#2692);
#2690 = CARTESIAN_POINT('',(0.,0.,0.));
#2691 = DIRECTION('',(0.,0.,1.));
#2692 = DIRECTION('',(1.,0.,-0.));
#2693 = AXIS2_PLACEMENT_3D('',#2694,#2695,#2696);
#2694 = CARTESIAN_POINT('',(0.,0.,0.));
#2695 = DIRECTION('',(0.,0.,1.));
#2696 = DIRECTION('',(1.,0.,-0.));
#2697 = AXIS2_PLACEMENT_3D('',#2698,#2699,#2700);
#2698 = CARTESIAN_POINT('',(0.,0.,0.));
#2699 = DIRECTION('',(0.,0.,1.));
#2700 = DIRECTION('',(1.,0.,-0.));
#2701 = AXIS2_PLACEMENT_3D('',#2702,#2703,#2704);
#2702 = CARTESIAN_POINT('',(0.,0.,0.));
#2703 = DIRECTION('',(0.,0.,1.));
#2704 = DIRECTION('',(1.,0.,-0.));
#2705 = AXIS2_PLACEMENT_3D('',#2706,#2707,#2708);
#2706 = CARTESIAN_POINT('',(0.,0.,0.));
#2707 = DIRECTION('',(0.,0.,1.));
#2708 = DIRECTION('',(1.,0.,-0.));
#2709 = ( GEOMETRIC_REPRESENTATION_CONTEXT(3) 
GLOBAL_UNCERTAINTY_ASSIGNED_CONTEXT((#2713)) 
GLOBAL_UNIT_ASSIGNED_CONTEXT((#2710,#2711,#2712)) REPRESENTATION_CONTEXT
('Context #1','3D Context with UNIT and UNCERTAINTY') );
#2710 = ( LENGTH_UNIT() NAMED_UNIT(*) SI_UNIT(.MILLI.,.METRE.) );
#2711 = ( NAMED_UNIT(*) PLANE_ANGLE_UNIT() SI_UNIT($,.RADIAN.) );
#2712 = ( NAMED_UNIT(*) SI_UNIT($,.STERADIAN.) SOLID_ANGLE_UNIT() );
#2713 = UNCERTAINTY_MEASURE_WITH_UNIT(LENGTH_MEASURE(1.E-07),#2710,
  'distance_accuracy_value','confusion accuracy');
#2714 = CONTEXT_DEPENDENT_SHAPE_REPRESENTATION(#2715,#2717);
#2715 = ( REPRESENTATION_RELATIONSHIP('','',#2688,#10) 
REPRESENTATION_RELATIONSHIP_WITH_TRANSFORMATION(#2716) 
SHAPE_REPRESENTATION_RELATIONSHIP() );
#2716 = ITEM_DEFINED_TRANSFORMATION('','',#11,#79);
#2717 = PRODUCT_DEFINITION_SHAPE('Placement','Placement of an item',
  #2718);
#2718 = NEXT_ASSEMBLY_USAGE_OCCURRENCE('22','J1','',#5,#2683,$);
#2719 = PRODUCT_RELATED_PRODUCT_CATEGORY('part',$,(#2685));
#2720 = SHAPE_DEFINITION_REPRESENTATION(#2721,#2727);
#2721 = PRODUCT_DEFINITION_SHAPE('','',#2722);
#2722 = PRODUCT_DEFINITION('design','',#2723,#2726);
#2723 = PRODUCT_DEFINITION_FORMATION('','',#2724);
#2724 = PRODUCT('T','T','',(#2725));
#2725 = PRODUCT_CONTEXT('',#2,'mechanical');
#2726 = PRODUCT_DEFINITION_CONTEXT('part definition',#2,'design');
#2727 = ADVANCED_BREP_SHAPE_REPRESENTATION('',(#11,#2728),#3110);
#2728 = MANIFOLD_SOLID_BREP('',#2729);
#2729 = CLOSED_SHELL('',(#2730,#2788,#2819,#2844,#2891,#2915,#2946,#2964
    ,#2983,#3007,#3031,#3062,#3079,#3096));
#2730 = ADVANCED_FACE('',(#2731),#2783,.T.);
#2731 = FACE_BOUND('',#2732,.T.);
#2732 = EDGE_LOOP('',(#2733,#2743,#2752,#2760,#2769,#2777));
#2733 = ORIENTED_EDGE('',*,*,#2734,.T.);
#2734 = EDGE_CURVE('',#2735,#2737,#2739,.T.);
#2735 = VERTEX_POINT('',#2736);
#2736 = CARTESIAN_POINT('',(-0.5,4.67,0.));
#2737 = VERTEX_POINT('',#2738);
#2738 = CARTESIAN_POINT('',(-0.5,4.67,-3.05));
#2739 = LINE('',#2740,#2741);
#2740 = CARTESIAN_POINT('',(-0.5,4.67,0.));
#2741 = VECTOR('',#2742,1.);
#2742 = DIRECTION('',(0.,0.,-1.));
#2743 = ORIENTED_EDGE('',*,*,#2744,.T.);
#2744 = EDGE_CURVE('',#2737,#2745,#2747,.T.);
#2745 = VERTEX_POINT('',#2746);
#2746 = CARTESIAN_POINT('',(-5.E-02,4.67,-3.5));
#2747 = CIRCLE('',#2748,0.45);
#2748 = AXIS2_PLACEMENT_3D('',#2749,#2750,#2751);
#2749 = CARTESIAN_POINT('',(-5.E-02,4.67,-3.05));
#2750 = DIRECTION('',(0.,-1.,0.));
#2751 = DIRECTION('',(0.,0.,-1.));
#2752 = ORIENTED_EDGE('',*,*,#2753,.T.);
#2753 = EDGE_CURVE('',#2745,#2754,#2756,.T.);
#2754 = VERTEX_POINT('',#2755);
#2755 = CARTESIAN_POINT('',(5.E-02,4.67,-3.5));
#2756 = LINE('',#2757,#2758);
#2757 = CARTESIAN_POINT('',(-0.5,4.67,-3.5));
#2758 = VECTOR('',#2759,1.);
#2759 = DIRECTION('',(1.,0.,0.));
#2760 = ORIENTED_EDGE('',*,*,#2761,.F.);
#2761 = EDGE_CURVE('',#2762,#2754,#2764,.T.);
#2762 = VERTEX_POINT('',#2763);
#2763 = CARTESIAN_POINT('',(0.5,4.67,-3.05));
#2764 = CIRCLE('',#2765,0.45);
#2765 = AXIS2_PLACEMENT_3D('',#2766,#2767,#2768);
#2766 = CARTESIAN_POINT('',(5.E-02,4.67,-3.05));
#2767 = DIRECTION('',(0.,1.,0.));
#2768 = DIRECTION('',(0.,-0.,1.));
#2769 = ORIENTED_EDGE('',*,*,#2770,.F.);
#2770 = EDGE_CURVE('',#2771,#2762,#2773,.T.);
#2771 = VERTEX_POINT('',#2772);
#2772 = CARTESIAN_POINT('',(0.5,4.67,0.));
#2773 = LINE('',#2774,#2775);
#2774 = CARTESIAN_POINT('',(0.5,4.67,0.));
#2775 = VECTOR('',#2776,1.);
#2776 = DIRECTION('',(0.,0.,-1.));
#2777 = ORIENTED_EDGE('',*,*,#2778,.F.);
#2778 = EDGE_CURVE('',#2735,#2771,#2779,.T.);
#2779 = LINE('',#2780,#2781);
#2780 = CARTESIAN_POINT('',(-0.5,4.67,0.));
#2781 = VECTOR('',#2782,1.);
#2782 = DIRECTION('',(1.,0.,0.));
#2783 = PLANE('',#2784);
#2784 = AXIS2_PLACEMENT_3D('',#2785,#2786,#2787);
#2785 = CARTESIAN_POINT('',(-0.5,4.67,0.));
#2786 = DIRECTION('',(0.,-1.,0.));
#2787 = DIRECTION('',(1.,0.,0.));
#2788 = ADVANCED_FACE('',(#2789),#2814,.T.);
#2789 = FACE_BOUND('',#2790,.T.);
#2790 = EDGE_LOOP('',(#2791,#2801,#2807,#2808));
#2791 = ORIENTED_EDGE('',*,*,#2792,.T.);
#2792 = EDGE_CURVE('',#2793,#2795,#2797,.T.);
#2793 = VERTEX_POINT('',#2794);
#2794 = CARTESIAN_POINT('',(-0.5,5.17,0.));
#2795 = VERTEX_POINT('',#2796);
#2796 = CARTESIAN_POINT('',(-0.5,5.17,-3.05));
#2797 = LINE('',#2798,#2799);
#2798 = CARTESIAN_POINT('',(-0.5,5.17,0.));
#2799 = VECTOR('',#2800,1.);
#2800 = DIRECTION('',(0.,0.,-1.));
#2801 = ORIENTED_EDGE('',*,*,#2802,.T.);
#2802 = EDGE_CURVE('',#2795,#2737,#2803,.T.);
#2803 = LINE('',#2804,#2805);
#2804 = CARTESIAN_POINT('',(-0.5,5.17,-3.05));
#2805 = VECTOR('',#2806,1.);
#2806 = DIRECTION('',(0.,-1.,0.));
#2807 = ORIENTED_EDGE('',*,*,#2734,.F.);
#2808 = ORIENTED_EDGE('',*,*,#2809,.F.);
#2809 = EDGE_CURVE('',#2793,#2735,#2810,.T.);
#2810 = LINE('',#2811,#2812);
#2811 = CARTESIAN_POINT('',(-0.5,5.17,0.));
#2812 = VECTOR('',#2813,1.);
#2813 = DIRECTION('',(0.,-1.,0.));
#2814 = PLANE('',#2815);
#2815 = AXIS2_PLACEMENT_3D('',#2816,#2817,#2818);
#2816 = CARTESIAN_POINT('',(-0.5,5.17,0.));
#2817 = DIRECTION('',(-1.,-0.,-0.));
#2818 = DIRECTION('',(0.,-1.,0.));
#2819 = ADVANCED_FACE('',(#2820),#2839,.T.);
#2820 = FACE_BOUND('',#2821,.T.);
#2821 = EDGE_LOOP('',(#2822,#2831,#2837,#2838));
#2822 = ORIENTED_EDGE('',*,*,#2823,.T.);
#2823 = EDGE_CURVE('',#2795,#2824,#2826,.T.);
#2824 = VERTEX_POINT('',#2825);
#2825 = CARTESIAN_POINT('',(-5.E-02,5.17,-3.5));
#2826 = CIRCLE('',#2827,0.45);
#2827 = AXIS2_PLACEMENT_3D('',#2828,#2829,#2830);
#2828 = CARTESIAN_POINT('',(-5.E-02,5.17,-3.05));
#2829 = DIRECTION('',(0.,-1.,0.));
#2830 = DIRECTION('',(0.,0.,-1.));
#2831 = ORIENTED_EDGE('',*,*,#2832,.T.);
#2832 = EDGE_CURVE('',#2824,#2745,#2833,.T.);
#2833 = LINE('',#2834,#2835);
#2834 = CARTESIAN_POINT('',(-5.E-02,5.17,-3.5));
#2835 = VECTOR('',#2836,1.);
#2836 = DIRECTION('',(0.,-1.,0.));
#2837 = ORIENTED_EDGE('',*,*,#2744,.F.);
#2838 = ORIENTED_EDGE('',*,*,#2802,.F.);
#2839 = CYLINDRICAL_SURFACE('',#2840,0.45);
#2840 = AXIS2_PLACEMENT_3D('',#2841,#2842,#2843);
#2841 = CARTESIAN_POINT('',(-5.E-02,5.17,-3.05));
#2842 = DIRECTION('',(0.,-1.,0.));
#2843 = DIRECTION('',(-1.,0.,0.));
#2844 = ADVANCED_FACE('',(#2845),#2886,.F.);
#2845 = FACE_BOUND('',#2846,.F.);
#2846 = EDGE_LOOP('',(#2847,#2857,#2865,#2873,#2879,#2880));
#2847 = ORIENTED_EDGE('',*,*,#2848,.T.);
#2848 = EDGE_CURVE('',#2849,#2851,#2853,.T.);
#2849 = VERTEX_POINT('',#2850);
#2850 = CARTESIAN_POINT('',(-3.75,4.67,0.));
#2851 = VERTEX_POINT('',#2852);
#2852 = CARTESIAN_POINT('',(-3.75,4.67,5.));
#2853 = LINE('',#2854,#2855);
#2854 = CARTESIAN_POINT('',(-3.75,4.67,0.));
#2855 = VECTOR('',#2856,1.);
#2856 = DIRECTION('',(0.,0.,1.));
#2857 = ORIENTED_EDGE('',*,*,#2858,.T.);
#2858 = EDGE_CURVE('',#2851,#2859,#2861,.T.);
#2859 = VERTEX_POINT('',#2860);
#2860 = CARTESIAN_POINT('',(3.75,4.67,5.));
#2861 = LINE('',#2862,#2863);
#2862 = CARTESIAN_POINT('',(-3.75,4.67,5.));
#2863 = VECTOR('',#2864,1.);
#2864 = DIRECTION('',(1.,0.,0.));
#2865 = ORIENTED_EDGE('',*,*,#2866,.F.);
#2866 = EDGE_CURVE('',#2867,#2859,#2869,.T.);
#2867 = VERTEX_POINT('',#2868);
#2868 = CARTESIAN_POINT('',(3.75,4.67,0.));
#2869 = LINE('',#2870,#2871);
#2870 = CARTESIAN_POINT('',(3.75,4.67,0.));
#2871 = VECTOR('',#2872,1.);
#2872 = DIRECTION('',(0.,0.,1.));
#2873 = ORIENTED_EDGE('',*,*,#2874,.F.);
#2874 = EDGE_CURVE('',#2771,#2867,#2875,.T.);
#2875 = LINE('',#2876,#2877);
#2876 = CARTESIAN_POINT('',(-3.75,4.67,0.));
#2877 = VECTOR('',#2878,1.);
#2878 = DIRECTION('',(1.,0.,0.));
#2879 = ORIENTED_EDGE('',*,*,#2778,.F.);
#2880 = ORIENTED_EDGE('',*,*,#2881,.F.);
#2881 = EDGE_CURVE('',#2849,#2735,#2882,.T.);
#2882 = LINE('',#2883,#2884);
#2883 = CARTESIAN_POINT('',(-3.75,4.67,0.));
#2884 = VECTOR('',#2885,1.);
#2885 = DIRECTION('',(1.,0.,0.));
#2886 = PLANE('',#2887);
#2887 = AXIS2_PLACEMENT_3D('',#2888,#2889,#2890);
#2888 = CARTESIAN_POINT('',(-3.75,4.67,0.));
#2889 = DIRECTION('',(0.,1.,0.));
#2890 = DIRECTION('',(1.,0.,0.));
#2891 = ADVANCED_FACE('',(#2892),#2910,.F.);
#2892 = FACE_BOUND('',#2893,.F.);
#2893 = EDGE_LOOP('',(#2894,#2895,#2903,#2909));
#2894 = ORIENTED_EDGE('',*,*,#2753,.T.);
#2895 = ORIENTED_EDGE('',*,*,#2896,.T.);
#2896 = EDGE_CURVE('',#2754,#2897,#2899,.T.);
#2897 = VERTEX_POINT('',#2898);
#2898 = CARTESIAN_POINT('',(5.E-02,5.17,-3.5));
#2899 = LINE('',#2900,#2901);
#2900 = CARTESIAN_POINT('',(5.E-02,4.67,-3.5));
#2901 = VECTOR('',#2902,1.);
#2902 = DIRECTION('',(0.,1.,0.));
#2903 = ORIENTED_EDGE('',*,*,#2904,.T.);
#2904 = EDGE_CURVE('',#2897,#2824,#2905,.T.);
#2905 = LINE('',#2906,#2907);
#2906 = CARTESIAN_POINT('',(0.5,5.17,-3.5));
#2907 = VECTOR('',#2908,1.);
#2908 = DIRECTION('',(-1.,0.,0.));
#2909 = ORIENTED_EDGE('',*,*,#2832,.T.);
#2910 = PLANE('',#2911);
#2911 = AXIS2_PLACEMENT_3D('',#2912,#2913,#2914);
#2912 = CARTESIAN_POINT('',(0.,4.92,-3.5));
#2913 = DIRECTION('',(0.,0.,1.));
#2914 = DIRECTION('',(1.,0.,-0.));
#2915 = ADVANCED_FACE('',(#2916),#2941,.T.);
#2916 = FACE_BOUND('',#2917,.T.);
#2917 = EDGE_LOOP('',(#2918,#2919,#2927,#2935));
#2918 = ORIENTED_EDGE('',*,*,#2770,.T.);
#2919 = ORIENTED_EDGE('',*,*,#2920,.T.);
#2920 = EDGE_CURVE('',#2762,#2921,#2923,.T.);
#2921 = VERTEX_POINT('',#2922);
#2922 = CARTESIAN_POINT('',(0.5,5.17,-3.05));
#2923 = LINE('',#2924,#2925);
#2924 = CARTESIAN_POINT('',(0.5,4.67,-3.05));
#2925 = VECTOR('',#2926,1.);
#2926 = DIRECTION('',(0.,1.,0.));
#2927 = ORIENTED_EDGE('',*,*,#2928,.F.);
#2928 = EDGE_CURVE('',#2929,#2921,#2931,.T.);
#2929 = VERTEX_POINT('',#2930);
#2930 = CARTESIAN_POINT('',(0.5,5.17,0.));
#2931 = LINE('',#2932,#2933);
#2932 = CARTESIAN_POINT('',(0.5,5.17,0.));
#2933 = VECTOR('',#2934,1.);
#2934 = DIRECTION('',(0.,0.,-1.));
#2935 = ORIENTED_EDGE('',*,*,#2936,.F.);
#2936 = EDGE_CURVE('',#2771,#2929,#2937,.T.);
#2937 = LINE('',#2938,#2939);
#2938 = CARTESIAN_POINT('',(0.5,4.67,0.));
#2939 = VECTOR('',#2940,1.);
#2940 = DIRECTION('',(0.,1.,0.));
#2941 = PLANE('',#2942);
#2942 = AXIS2_PLACEMENT_3D('',#2943,#2944,#2945);
#2943 = CARTESIAN_POINT('',(0.5,4.67,0.));
#2944 = DIRECTION('',(1.,0.,0.));
#2945 = DIRECTION('',(-0.,1.,0.));
#2946 = ADVANCED_FACE('',(#2947),#2959,.T.);
#2947 = FACE_BOUND('',#2948,.T.);
#2948 = EDGE_LOOP('',(#2949,#2950,#2951,#2958));
#2949 = ORIENTED_EDGE('',*,*,#2761,.T.);
#2950 = ORIENTED_EDGE('',*,*,#2896,.T.);
#2951 = ORIENTED_EDGE('',*,*,#2952,.F.);
#2952 = EDGE_CURVE('',#2921,#2897,#2953,.T.);
#2953 = CIRCLE('',#2954,0.45);
#2954 = AXIS2_PLACEMENT_3D('',#2955,#2956,#2957);
#2955 = CARTESIAN_POINT('',(5.E-02,5.17,-3.05));
#2956 = DIRECTION('',(0.,1.,0.));
#2957 = DIRECTION('',(0.,-0.,1.));
#2958 = ORIENTED_EDGE('',*,*,#2920,.F.);
#2959 = CYLINDRICAL_SURFACE('',#2960,0.45);
#2960 = AXIS2_PLACEMENT_3D('',#2961,#2962,#2963);
#2961 = CARTESIAN_POINT('',(5.E-02,4.67,-3.05));
#2962 = DIRECTION('',(0.,1.,0.));
#2963 = DIRECTION('',(1.,0.,0.));
#2964 = ADVANCED_FACE('',(#2965),#2978,.T.);
#2965 = FACE_BOUND('',#2966,.T.);
#2966 = EDGE_LOOP('',(#2967,#2968,#2969,#2970,#2971,#2972));
#2967 = ORIENTED_EDGE('',*,*,#2928,.T.);
#2968 = ORIENTED_EDGE('',*,*,#2952,.T.);
#2969 = ORIENTED_EDGE('',*,*,#2904,.T.);
#2970 = ORIENTED_EDGE('',*,*,#2823,.F.);
#2971 = ORIENTED_EDGE('',*,*,#2792,.F.);
#2972 = ORIENTED_EDGE('',*,*,#2973,.F.);
#2973 = EDGE_CURVE('',#2929,#2793,#2974,.T.);
#2974 = LINE('',#2975,#2976);
#2975 = CARTESIAN_POINT('',(0.5,5.17,0.));
#2976 = VECTOR('',#2977,1.);
#2977 = DIRECTION('',(-1.,0.,0.));
#2978 = PLANE('',#2979);
#2979 = AXIS2_PLACEMENT_3D('',#2980,#2981,#2982);
#2980 = CARTESIAN_POINT('',(0.5,5.17,0.));
#2981 = DIRECTION('',(0.,1.,0.));
#2982 = DIRECTION('',(-1.,0.,0.));
#2983 = ADVANCED_FACE('',(#2984),#3002,.F.);
#2984 = FACE_BOUND('',#2985,.F.);
#2985 = EDGE_LOOP('',(#2986,#2994,#2995,#2996));
#2986 = ORIENTED_EDGE('',*,*,#2987,.T.);
#2987 = EDGE_CURVE('',#2988,#2849,#2990,.T.);
#2988 = VERTEX_POINT('',#2989);
#2989 = CARTESIAN_POINT('',(-3.75,5.17,0.));
#2990 = LINE('',#2991,#2992);
#2991 = CARTESIAN_POINT('',(-3.75,5.17,0.));
#2992 = VECTOR('',#2993,1.);
#2993 = DIRECTION('',(0.,-1.,0.));
#2994 = ORIENTED_EDGE('',*,*,#2881,.T.);
#2995 = ORIENTED_EDGE('',*,*,#2809,.F.);
#2996 = ORIENTED_EDGE('',*,*,#2997,.T.);
#2997 = EDGE_CURVE('',#2793,#2988,#2998,.T.);
#2998 = LINE('',#2999,#3000);
#2999 = CARTESIAN_POINT('',(3.75,5.17,0.));
#3000 = VECTOR('',#3001,1.);
#3001 = DIRECTION('',(-1.,0.,0.));
#3002 = PLANE('',#3003);
#3003 = AXIS2_PLACEMENT_3D('',#3004,#3005,#3006);
#3004 = CARTESIAN_POINT('',(0.,4.92,0.));
#3005 = DIRECTION('',(0.,0.,1.));
#3006 = DIRECTION('',(1.,0.,-0.));
#3007 = ADVANCED_FACE('',(#3008),#3026,.F.);
#3008 = FACE_BOUND('',#3009,.F.);
#3009 = EDGE_LOOP('',(#3010,#3018,#3024,#3025));
#3010 = ORIENTED_EDGE('',*,*,#3011,.T.);
#3011 = EDGE_CURVE('',#2988,#3012,#3014,.T.);
#3012 = VERTEX_POINT('',#3013);
#3013 = CARTESIAN_POINT('',(-3.75,5.17,5.));
#3014 = LINE('',#3015,#3016);
#3015 = CARTESIAN_POINT('',(-3.75,5.17,0.));
#3016 = VECTOR('',#3017,1.);
#3017 = DIRECTION('',(0.,0.,1.));
#3018 = ORIENTED_EDGE('',*,*,#3019,.T.);
#3019 = EDGE_CURVE('',#3012,#2851,#3020,.T.);
#3020 = LINE('',#3021,#3022);
#3021 = CARTESIAN_POINT('',(-3.75,5.17,5.));
#3022 = VECTOR('',#3023,1.);
#3023 = DIRECTION('',(0.,-1.,0.));
#3024 = ORIENTED_EDGE('',*,*,#2848,.F.);
#3025 = ORIENTED_EDGE('',*,*,#2987,.F.);
#3026 = PLANE('',#3027);
#3027 = AXIS2_PLACEMENT_3D('',#3028,#3029,#3030);
#3028 = CARTESIAN_POINT('',(-3.75,5.17,0.));
#3029 = DIRECTION('',(1.,0.,0.));
#3030 = DIRECTION('',(0.,-1.,0.));
#3031 = ADVANCED_FACE('',(#3032),#3057,.F.);
#3032 = FACE_BOUND('',#3033,.F.);
#3033 = EDGE_LOOP('',(#3034,#3035,#3043,#3051));
#3034 = ORIENTED_EDGE('',*,*,#2866,.T.);
#3035 = ORIENTED_EDGE('',*,*,#3036,.T.);
#3036 = EDGE_CURVE('',#2859,#3037,#3039,.T.);
#3037 = VERTEX_POINT('',#3038);
#3038 = CARTESIAN_POINT('',(3.75,5.17,5.));
#3039 = LINE('',#3040,#3041);
#3040 = CARTESIAN_POINT('',(3.75,4.67,5.));
#3041 = VECTOR('',#3042,1.);
#3042 = DIRECTION('',(0.,1.,0.));
#3043 = ORIENTED_EDGE('',*,*,#3044,.F.);
#3044 = EDGE_CURVE('',#3045,#3037,#3047,.T.);
#3045 = VERTEX_POINT('',#3046);
#3046 = CARTESIAN_POINT('',(3.75,5.17,0.));
#3047 = LINE('',#3048,#3049);
#3048 = CARTESIAN_POINT('',(3.75,5.17,0.));
#3049 = VECTOR('',#3050,1.);
#3050 = DIRECTION('',(0.,0.,1.));
#3051 = ORIENTED_EDGE('',*,*,#3052,.F.);
#3052 = EDGE_CURVE('',#2867,#3045,#3053,.T.);
#3053 = LINE('',#3054,#3055);
#3054 = CARTESIAN_POINT('',(3.75,4.67,0.));
#3055 = VECTOR('',#3056,1.);
#3056 = DIRECTION('',(0.,1.,0.));
#3057 = PLANE('',#3058);
#3058 = AXIS2_PLACEMENT_3D('',#3059,#3060,#3061);
#3059 = CARTESIAN_POINT('',(3.75,4.67,0.));
#3060 = DIRECTION('',(-1.,0.,0.));
#3061 = DIRECTION('',(0.,1.,0.));
#3062 = ADVANCED_FACE('',(#3063),#3074,.F.);
#3063 = FACE_BOUND('',#3064,.F.);
#3064 = EDGE_LOOP('',(#3065,#3066,#3067,#3068));
#3065 = ORIENTED_EDGE('',*,*,#2936,.F.);
#3066 = ORIENTED_EDGE('',*,*,#2874,.T.);
#3067 = ORIENTED_EDGE('',*,*,#3052,.T.);
#3068 = ORIENTED_EDGE('',*,*,#3069,.T.);
#3069 = EDGE_CURVE('',#3045,#2929,#3070,.T.);
#3070 = LINE('',#3071,#3072);
#3071 = CARTESIAN_POINT('',(3.75,5.17,0.));
#3072 = VECTOR('',#3073,1.);
#3073 = DIRECTION('',(-1.,0.,0.));
#3074 = PLANE('',#3075);
#3075 = AXIS2_PLACEMENT_3D('',#3076,#3077,#3078);
#3076 = CARTESIAN_POINT('',(0.,4.92,0.));
#3077 = DIRECTION('',(0.,0.,1.));
#3078 = DIRECTION('',(1.,0.,-0.));
#3079 = ADVANCED_FACE('',(#3080),#3091,.T.);
#3080 = FACE_BOUND('',#3081,.T.);
#3081 = EDGE_LOOP('',(#3082,#3083,#3084,#3090));
#3082 = ORIENTED_EDGE('',*,*,#2858,.T.);
#3083 = ORIENTED_EDGE('',*,*,#3036,.T.);
#3084 = ORIENTED_EDGE('',*,*,#3085,.T.);
#3085 = EDGE_CURVE('',#3037,#3012,#3086,.T.);
#3086 = LINE('',#3087,#3088);
#3087 = CARTESIAN_POINT('',(3.75,5.17,5.));
#3088 = VECTOR('',#3089,1.);
#3089 = DIRECTION('',(-1.,0.,0.));
#3090 = ORIENTED_EDGE('',*,*,#3019,.T.);
#3091 = PLANE('',#3092);
#3092 = AXIS2_PLACEMENT_3D('',#3093,#3094,#3095);
#3093 = CARTESIAN_POINT('',(0.,4.92,5.));
#3094 = DIRECTION('',(0.,0.,1.));
#3095 = DIRECTION('',(1.,0.,-0.));
#3096 = ADVANCED_FACE('',(#3097),#3105,.F.);
#3097 = FACE_BOUND('',#3098,.F.);
#3098 = EDGE_LOOP('',(#3099,#3100,#3101,#3102,#3103,#3104));
#3099 = ORIENTED_EDGE('',*,*,#3044,.T.);
#3100 = ORIENTED_EDGE('',*,*,#3085,.T.);
#3101 = ORIENTED_EDGE('',*,*,#3011,.F.);
#3102 = ORIENTED_EDGE('',*,*,#2997,.F.);
#3103 = ORIENTED_EDGE('',*,*,#2973,.F.);
#3104 = ORIENTED_EDGE('',*,*,#3069,.F.);
#3105 = PLANE('',#3106);
#3106 = AXIS2_PLACEMENT_3D('',#3107,#3108,#3109);
#3107 = CARTESIAN_POINT('',(3.75,5.17,0.));
#3108 = DIRECTION('',(0.,-1.,0.));
#3109 = DIRECTION('',(-1.,0.,0.));
#3110 = ( GEOMETRIC_REPRESENTATION_CONTEXT(3) 
GLOBAL_UNCERTAINTY_ASSIGNED_CONTEXT((#3114)) 
GLOBAL_UNIT_ASSIGNED_CONTEXT((#3111,#3112,#3113)) REPRESENTATION_CONTEXT
('Context #1','3D Context with UNIT and UNCERTAINTY') );
#3111 = ( LENGTH_UNIT() NAMED_UNIT(*) SI_UNIT(.MILLI.,.METRE.) );
#3112 = ( NAMED_UNIT(*) PLANE_ANGLE_UNIT() SI_UNIT($,.RADIAN.) );
#3113 = ( NAMED_UNIT(*) SI_UNIT($,.STERADIAN.) SOLID_ANGLE_UNIT() );
#3114 = UNCERTAINTY_MEASURE_WITH_UNIT(LENGTH_MEASURE(1.E-07),#3111,
  'distance_accuracy_value','confusion accuracy');
#3115 = CONTEXT_DEPENDENT_SHAPE_REPRESENTATION(#3116,#3118);
#3116 = ( REPRESENTATION_RELATIONSHIP('','',#2727,#2688) 
REPRESENTATION_RELATIONSHIP_WITH_TRANSFORMATION(#3117) 
SHAPE_REPRESENTATION_RELATIONSHIP() );
#3117 = ITEM_DEFINED_TRANSFORMATION('','',#11,#2689);
#3118 = PRODUCT_DEFINITION_SHAPE('Placement','Placement of an item',
  #3119);
#3119 = NEXT_ASSEMBLY_USAGE_OCCURRENCE('17','=>[0:1:1:6]','',#2683,#2722
  ,$);
#3120 = PRODUCT_RELATED_PRODUCT_CATEGORY('part',$,(#2724));
#3121 = SHAPE_DEFINITION_REPRESENTATION(#3122,#3128);
#3122 = PRODUCT_DEFINITION_SHAPE('','',#3123);
#3123 = PRODUCT_DEFINITION('design','',#3124,#3127);
#3124 = PRODUCT_DEFINITION_FORMATION('','',#3125);
#3125 = PRODUCT('R','R','',(#3126));
#3126 = PRODUCT_CONTEXT('',#2,'mechanical');
#3127 = PRODUCT_DEFINITION_CONTEXT('part definition',#2,'design');
#3128 = ADVANCED_BREP_SHAPE_REPRESENTATION('',(#11,#3129),#3511);
#3129 = MANIFOLD_SOLID_BREP('',#3130);
#3130 = CLOSED_SHELL('',(#3131,#3189,#3220,#3245,#3292,#3316,#3347,#3365
    ,#3384,#3408,#3432,#3463,#3480,#3497));
#3131 = ADVANCED_FACE('',(#3132),#3184,.T.);
#3132 = FACE_BOUND('',#3133,.T.);
#3133 = EDGE_LOOP('',(#3134,#3144,#3153,#3161,#3170,#3178));
#3134 = ORIENTED_EDGE('',*,*,#3135,.T.);
#3135 = EDGE_CURVE('',#3136,#3138,#3140,.T.);
#3136 = VERTEX_POINT('',#3137);
#3137 = CARTESIAN_POINT('',(-0.5,-3.63,0.));
#3138 = VERTEX_POINT('',#3139);
#3139 = CARTESIAN_POINT('',(-0.5,-3.63,-3.05));
#3140 = LINE('',#3141,#3142);
#3141 = CARTESIAN_POINT('',(-0.5,-3.63,0.));
#3142 = VECTOR('',#3143,1.);
#3143 = DIRECTION('',(0.,0.,-1.));
#3144 = ORIENTED_EDGE('',*,*,#3145,.T.);
#3145 = EDGE_CURVE('',#3138,#3146,#3148,.T.);
#3146 = VERTEX_POINT('',#3147);
#3147 = CARTESIAN_POINT('',(-5.E-02,-3.63,-3.5));
#3148 = CIRCLE('',#3149,0.45);
#3149 = AXIS2_PLACEMENT_3D('',#3150,#3151,#3152);
#3150 = CARTESIAN_POINT('',(-5.E-02,-3.63,-3.05));
#3151 = DIRECTION('',(0.,-1.,0.));
#3152 = DIRECTION('',(0.,0.,-1.));
#3153 = ORIENTED_EDGE('',*,*,#3154,.T.);
#3154 = EDGE_CURVE('',#3146,#3155,#3157,.T.);
#3155 = VERTEX_POINT('',#3156);
#3156 = CARTESIAN_POINT('',(5.E-02,-3.63,-3.5));
#3157 = LINE('',#3158,#3159);
#3158 = CARTESIAN_POINT('',(-0.5,-3.63,-3.5));
#3159 = VECTOR('',#3160,1.);
#3160 = DIRECTION('',(1.,0.,0.));
#3161 = ORIENTED_EDGE('',*,*,#3162,.F.);
#3162 = EDGE_CURVE('',#3163,#3155,#3165,.T.);
#3163 = VERTEX_POINT('',#3164);
#3164 = CARTESIAN_POINT('',(0.5,-3.63,-3.05));
#3165 = CIRCLE('',#3166,0.45);
#3166 = AXIS2_PLACEMENT_3D('',#3167,#3168,#3169);
#3167 = CARTESIAN_POINT('',(5.E-02,-3.63,-3.05));
#3168 = DIRECTION('',(0.,1.,0.));
#3169 = DIRECTION('',(0.,-0.,1.));
#3170 = ORIENTED_EDGE('',*,*,#3171,.F.);
#3171 = EDGE_CURVE('',#3172,#3163,#3174,.T.);
#3172 = VERTEX_POINT('',#3173);
#3173 = CARTESIAN_POINT('',(0.5,-3.63,0.));
#3174 = LINE('',#3175,#3176);
#3175 = CARTESIAN_POINT('',(0.5,-3.63,0.));
#3176 = VECTOR('',#3177,1.);
#3177 = DIRECTION('',(0.,0.,-1.));
#3178 = ORIENTED_EDGE('',*,*,#3179,.F.);
#3179 = EDGE_CURVE('',#3136,#3172,#3180,.T.);
#3180 = LINE('',#3181,#3182);
#3181 = CARTESIAN_POINT('',(-0.5,-3.63,0.));
#3182 = VECTOR('',#3183,1.);
#3183 = DIRECTION('',(1.,0.,0.));
#3184 = PLANE('',#3185);
#3185 = AXIS2_PLACEMENT_3D('',#3186,#3187,#3188);
#3186 = CARTESIAN_POINT('',(-0.5,-3.63,0.));
#3187 = DIRECTION('',(0.,-1.,0.));
#3188 = DIRECTION('',(1.,0.,0.));
#3189 = ADVANCED_FACE('',(#3190),#3215,.T.);
#3190 = FACE_BOUND('',#3191,.T.);
#3191 = EDGE_LOOP('',(#3192,#3202,#3208,#3209));
#3192 = ORIENTED_EDGE('',*,*,#3193,.T.);
#3193 = EDGE_CURVE('',#3194,#3196,#3198,.T.);
#3194 = VERTEX_POINT('',#3195);
#3195 = CARTESIAN_POINT('',(-0.5,-3.13,0.));
#3196 = VERTEX_POINT('',#3197);
#3197 = CARTESIAN_POINT('',(-0.5,-3.13,-3.05));
#3198 = LINE('',#3199,#3200);
#3199 = CARTESIAN_POINT('',(-0.5,-3.13,0.));
#3200 = VECTOR('',#3201,1.);
#3201 = DIRECTION('',(0.,0.,-1.));
#3202 = ORIENTED_EDGE('',*,*,#3203,.T.);
#3203 = EDGE_CURVE('',#3196,#3138,#3204,.T.);
#3204 = LINE('',#3205,#3206);
#3205 = CARTESIAN_POINT('',(-0.5,-3.13,-3.05));
#3206 = VECTOR('',#3207,1.);
#3207 = DIRECTION('',(0.,-1.,0.));
#3208 = ORIENTED_EDGE('',*,*,#3135,.F.);
#3209 = ORIENTED_EDGE('',*,*,#3210,.F.);
#3210 = EDGE_CURVE('',#3194,#3136,#3211,.T.);
#3211 = LINE('',#3212,#3213);
#3212 = CARTESIAN_POINT('',(-0.5,-3.13,0.));
#3213 = VECTOR('',#3214,1.);
#3214 = DIRECTION('',(0.,-1.,0.));
#3215 = PLANE('',#3216);
#3216 = AXIS2_PLACEMENT_3D('',#3217,#3218,#3219);
#3217 = CARTESIAN_POINT('',(-0.5,-3.13,0.));
#3218 = DIRECTION('',(-1.,-0.,-0.));
#3219 = DIRECTION('',(0.,-1.,0.));
#3220 = ADVANCED_FACE('',(#3221),#3240,.T.);
#3221 = FACE_BOUND('',#3222,.T.);
#3222 = EDGE_LOOP('',(#3223,#3232,#3238,#3239));
#3223 = ORIENTED_EDGE('',*,*,#3224,.T.);
#3224 = EDGE_CURVE('',#3196,#3225,#3227,.T.);
#3225 = VERTEX_POINT('',#3226);
#3226 = CARTESIAN_POINT('',(-5.E-02,-3.13,-3.5));
#3227 = CIRCLE('',#3228,0.45);
#3228 = AXIS2_PLACEMENT_3D('',#3229,#3230,#3231);
#3229 = CARTESIAN_POINT('',(-5.E-02,-3.13,-3.05));
#3230 = DIRECTION('',(0.,-1.,0.));
#3231 = DIRECTION('',(0.,0.,-1.));
#3232 = ORIENTED_EDGE('',*,*,#3233,.T.);
#3233 = EDGE_CURVE('',#3225,#3146,#3234,.T.);
#3234 = LINE('',#3235,#3236);
#3235 = CARTESIAN_POINT('',(-5.E-02,-3.13,-3.5));
#3236 = VECTOR('',#3237,1.);
#3237 = DIRECTION('',(0.,-1.,0.));
#3238 = ORIENTED_EDGE('',*,*,#3145,.F.);
#3239 = ORIENTED_EDGE('',*,*,#3203,.F.);
#3240 = CYLINDRICAL_SURFACE('',#3241,0.45);
#3241 = AXIS2_PLACEMENT_3D('',#3242,#3243,#3244);
#3242 = CARTESIAN_POINT('',(-5.E-02,-3.13,-3.05));
#3243 = DIRECTION('',(0.,-1.,0.));
#3244 = DIRECTION('',(-1.,0.,0.));
#3245 = ADVANCED_FACE('',(#3246),#3287,.F.);
#3246 = FACE_BOUND('',#3247,.F.);
#3247 = EDGE_LOOP('',(#3248,#3258,#3266,#3274,#3280,#3281));
#3248 = ORIENTED_EDGE('',*,*,#3249,.T.);
#3249 = EDGE_CURVE('',#3250,#3252,#3254,.T.);
#3250 = VERTEX_POINT('',#3251);
#3251 = CARTESIAN_POINT('',(-3.75,-3.63,0.));
#3252 = VERTEX_POINT('',#3253);
#3253 = CARTESIAN_POINT('',(-3.75,-3.63,5.));
#3254 = LINE('',#3255,#3256);
#3255 = CARTESIAN_POINT('',(-3.75,-3.63,0.));
#3256 = VECTOR('',#3257,1.);
#3257 = DIRECTION('',(0.,0.,1.));
#3258 = ORIENTED_EDGE('',*,*,#3259,.T.);
#3259 = EDGE_CURVE('',#3252,#3260,#3262,.T.);
#3260 = VERTEX_POINT('',#3261);
#3261 = CARTESIAN_POINT('',(3.75,-3.63,5.));
#3262 = LINE('',#3263,#3264);
#3263 = CARTESIAN_POINT('',(-3.75,-3.63,5.));
#3264 = VECTOR('',#3265,1.);
#3265 = DIRECTION('',(1.,0.,0.));
#3266 = ORIENTED_EDGE('',*,*,#3267,.F.);
#3267 = EDGE_CURVE('',#3268,#3260,#3270,.T.);
#3268 = VERTEX_POINT('',#3269);
#3269 = CARTESIAN_POINT('',(3.75,-3.63,0.));
#3270 = LINE('',#3271,#3272);
#3271 = CARTESIAN_POINT('',(3.75,-3.63,0.));
#3272 = VECTOR('',#3273,1.);
#3273 = DIRECTION('',(0.,0.,1.));
#3274 = ORIENTED_EDGE('',*,*,#3275,.F.);
#3275 = EDGE_CURVE('',#3172,#3268,#3276,.T.);
#3276 = LINE('',#3277,#3278);
#3277 = CARTESIAN_POINT('',(-3.75,-3.63,0.));
#3278 = VECTOR('',#3279,1.);
#3279 = DIRECTION('',(1.,0.,0.));
#3280 = ORIENTED_EDGE('',*,*,#3179,.F.);
#3281 = ORIENTED_EDGE('',*,*,#3282,.F.);
#3282 = EDGE_CURVE('',#3250,#3136,#3283,.T.);
#3283 = LINE('',#3284,#3285);
#3284 = CARTESIAN_POINT('',(-3.75,-3.63,0.));
#3285 = VECTOR('',#3286,1.);
#3286 = DIRECTION('',(1.,0.,0.));
#3287 = PLANE('',#3288);
#3288 = AXIS2_PLACEMENT_3D('',#3289,#3290,#3291);
#3289 = CARTESIAN_POINT('',(-3.75,-3.63,0.));
#3290 = DIRECTION('',(0.,1.,0.));
#3291 = DIRECTION('',(1.,0.,0.));
#3292 = ADVANCED_FACE('',(#3293),#3311,.F.);
#3293 = FACE_BOUND('',#3294,.F.);
#3294 = EDGE_LOOP('',(#3295,#3296,#3304,#3310));
#3295 = ORIENTED_EDGE('',*,*,#3154,.T.);
#3296 = ORIENTED_EDGE('',*,*,#3297,.T.);
#3297 = EDGE_CURVE('',#3155,#3298,#3300,.T.);
#3298 = VERTEX_POINT('',#3299);
#3299 = CARTESIAN_POINT('',(5.E-02,-3.13,-3.5));
#3300 = LINE('',#3301,#3302);
#3301 = CARTESIAN_POINT('',(5.E-02,-3.63,-3.5));
#3302 = VECTOR('',#3303,1.);
#3303 = DIRECTION('',(0.,1.,0.));
#3304 = ORIENTED_EDGE('',*,*,#3305,.T.);
#3305 = EDGE_CURVE('',#3298,#3225,#3306,.T.);
#3306 = LINE('',#3307,#3308);
#3307 = CARTESIAN_POINT('',(0.5,-3.13,-3.5));
#3308 = VECTOR('',#3309,1.);
#3309 = DIRECTION('',(-1.,0.,0.));
#3310 = ORIENTED_EDGE('',*,*,#3233,.T.);
#3311 = PLANE('',#3312);
#3312 = AXIS2_PLACEMENT_3D('',#3313,#3314,#3315);
#3313 = CARTESIAN_POINT('',(0.,-3.38,-3.5));
#3314 = DIRECTION('',(0.,0.,1.));
#3315 = DIRECTION('',(1.,0.,-0.));
#3316 = ADVANCED_FACE('',(#3317),#3342,.T.);
#3317 = FACE_BOUND('',#3318,.T.);
#3318 = EDGE_LOOP('',(#3319,#3320,#3328,#3336));
#3319 = ORIENTED_EDGE('',*,*,#3171,.T.);
#3320 = ORIENTED_EDGE('',*,*,#3321,.T.);
#3321 = EDGE_CURVE('',#3163,#3322,#3324,.T.);
#3322 = VERTEX_POINT('',#3323);
#3323 = CARTESIAN_POINT('',(0.5,-3.13,-3.05));
#3324 = LINE('',#3325,#3326);
#3325 = CARTESIAN_POINT('',(0.5,-3.63,-3.05));
#3326 = VECTOR('',#3327,1.);
#3327 = DIRECTION('',(0.,1.,0.));
#3328 = ORIENTED_EDGE('',*,*,#3329,.F.);
#3329 = EDGE_CURVE('',#3330,#3322,#3332,.T.);
#3330 = VERTEX_POINT('',#3331);
#3331 = CARTESIAN_POINT('',(0.5,-3.13,0.));
#3332 = LINE('',#3333,#3334);
#3333 = CARTESIAN_POINT('',(0.5,-3.13,0.));
#3334 = VECTOR('',#3335,1.);
#3335 = DIRECTION('',(0.,0.,-1.));
#3336 = ORIENTED_EDGE('',*,*,#3337,.F.);
#3337 = EDGE_CURVE('',#3172,#3330,#3338,.T.);
#3338 = LINE('',#3339,#3340);
#3339 = CARTESIAN_POINT('',(0.5,-3.63,0.));
#3340 = VECTOR('',#3341,1.);
#3341 = DIRECTION('',(0.,1.,0.));
#3342 = PLANE('',#3343);
#3343 = AXIS2_PLACEMENT_3D('',#3344,#3345,#3346);
#3344 = CARTESIAN_POINT('',(0.5,-3.63,0.));
#3345 = DIRECTION('',(1.,0.,0.));
#3346 = DIRECTION('',(-0.,1.,0.));
#3347 = ADVANCED_FACE('',(#3348),#3360,.T.);
#3348 = FACE_BOUND('',#3349,.T.);
#3349 = EDGE_LOOP('',(#3350,#3351,#3352,#3359));
#3350 = ORIENTED_EDGE('',*,*,#3162,.T.);
#3351 = ORIENTED_EDGE('',*,*,#3297,.T.);
#3352 = ORIENTED_EDGE('',*,*,#3353,.F.);
#3353 = EDGE_CURVE('',#3322,#3298,#3354,.T.);
#3354 = CIRCLE('',#3355,0.45);
#3355 = AXIS2_PLACEMENT_3D('',#3356,#3357,#3358);
#3356 = CARTESIAN_POINT('',(5.E-02,-3.13,-3.05));
#3357 = DIRECTION('',(0.,1.,0.));
#3358 = DIRECTION('',(0.,-0.,1.));
#3359 = ORIENTED_EDGE('',*,*,#3321,.F.);
#3360 = CYLINDRICAL_SURFACE('',#3361,0.45);
#3361 = AXIS2_PLACEMENT_3D('',#3362,#3363,#3364);
#3362 = CARTESIAN_POINT('',(5.E-02,-3.63,-3.05));
#3363 = DIRECTION('',(0.,1.,0.));
#3364 = DIRECTION('',(1.,0.,0.));
#3365 = ADVANCED_FACE('',(#3366),#3379,.T.);
#3366 = FACE_BOUND('',#3367,.T.);
#3367 = EDGE_LOOP('',(#3368,#3369,#3370,#3371,#3372,#3373));
#3368 = ORIENTED_EDGE('',*,*,#3329,.T.);
#3369 = ORIENTED_EDGE('',*,*,#3353,.T.);
#3370 = ORIENTED_EDGE('',*,*,#3305,.T.);
#3371 = ORIENTED_EDGE('',*,*,#3224,.F.);
#3372 = ORIENTED_EDGE('',*,*,#3193,.F.);
#3373 = ORIENTED_EDGE('',*,*,#3374,.F.);
#3374 = EDGE_CURVE('',#3330,#3194,#3375,.T.);
#3375 = LINE('',#3376,#3377);
#3376 = CARTESIAN_POINT('',(0.5,-3.13,0.));
#3377 = VECTOR('',#3378,1.);
#3378 = DIRECTION('',(-1.,0.,0.));
#3379 = PLANE('',#3380);
#3380 = AXIS2_PLACEMENT_3D('',#3381,#3382,#3383);
#3381 = CARTESIAN_POINT('',(0.5,-3.13,0.));
#3382 = DIRECTION('',(0.,1.,0.));
#3383 = DIRECTION('',(-1.,0.,0.));
#3384 = ADVANCED_FACE('',(#3385),#3403,.F.);
#3385 = FACE_BOUND('',#3386,.F.);
#3386 = EDGE_LOOP('',(#3387,#3395,#3396,#3397));
#3387 = ORIENTED_EDGE('',*,*,#3388,.T.);
#3388 = EDGE_CURVE('',#3389,#3250,#3391,.T.);
#3389 = VERTEX_POINT('',#3390);
#3390 = CARTESIAN_POINT('',(-3.75,-3.13,0.));
#3391 = LINE('',#3392,#3393);
#3392 = CARTESIAN_POINT('',(-3.75,-3.13,0.));
#3393 = VECTOR('',#3394,1.);
#3394 = DIRECTION('',(0.,-1.,0.));
#3395 = ORIENTED_EDGE('',*,*,#3282,.T.);
#3396 = ORIENTED_EDGE('',*,*,#3210,.F.);
#3397 = ORIENTED_EDGE('',*,*,#3398,.T.);
#3398 = EDGE_CURVE('',#3194,#3389,#3399,.T.);
#3399 = LINE('',#3400,#3401);
#3400 = CARTESIAN_POINT('',(3.75,-3.13,0.));
#3401 = VECTOR('',#3402,1.);
#3402 = DIRECTION('',(-1.,0.,0.));
#3403 = PLANE('',#3404);
#3404 = AXIS2_PLACEMENT_3D('',#3405,#3406,#3407);
#3405 = CARTESIAN_POINT('',(0.,-3.38,0.));
#3406 = DIRECTION('',(0.,0.,1.));
#3407 = DIRECTION('',(1.,0.,-0.));
#3408 = ADVANCED_FACE('',(#3409),#3427,.F.);
#3409 = FACE_BOUND('',#3410,.F.);
#3410 = EDGE_LOOP('',(#3411,#3419,#3425,#3426));
#3411 = ORIENTED_EDGE('',*,*,#3412,.T.);
#3412 = EDGE_CURVE('',#3389,#3413,#3415,.T.);
#3413 = VERTEX_POINT('',#3414);
#3414 = CARTESIAN_POINT('',(-3.75,-3.13,5.));
#3415 = LINE('',#3416,#3417);
#3416 = CARTESIAN_POINT('',(-3.75,-3.13,0.));
#3417 = VECTOR('',#3418,1.);
#3418 = DIRECTION('',(0.,0.,1.));
#3419 = ORIENTED_EDGE('',*,*,#3420,.T.);
#3420 = EDGE_CURVE('',#3413,#3252,#3421,.T.);
#3421 = LINE('',#3422,#3423);
#3422 = CARTESIAN_POINT('',(-3.75,-3.13,5.));
#3423 = VECTOR('',#3424,1.);
#3424 = DIRECTION('',(0.,-1.,0.));
#3425 = ORIENTED_EDGE('',*,*,#3249,.F.);
#3426 = ORIENTED_EDGE('',*,*,#3388,.F.);
#3427 = PLANE('',#3428);
#3428 = AXIS2_PLACEMENT_3D('',#3429,#3430,#3431);
#3429 = CARTESIAN_POINT('',(-3.75,-3.13,0.));
#3430 = DIRECTION('',(1.,0.,0.));
#3431 = DIRECTION('',(0.,-1.,0.));
#3432 = ADVANCED_FACE('',(#3433),#3458,.F.);
#3433 = FACE_BOUND('',#3434,.F.);
#3434 = EDGE_LOOP('',(#3435,#3436,#3444,#3452));
#3435 = ORIENTED_EDGE('',*,*,#3267,.T.);
#3436 = ORIENTED_EDGE('',*,*,#3437,.T.);
#3437 = EDGE_CURVE('',#3260,#3438,#3440,.T.);
#3438 = VERTEX_POINT('',#3439);
#3439 = CARTESIAN_POINT('',(3.75,-3.13,5.));
#3440 = LINE('',#3441,#3442);
#3441 = CARTESIAN_POINT('',(3.75,-3.63,5.));
#3442 = VECTOR('',#3443,1.);
#3443 = DIRECTION('',(0.,1.,0.));
#3444 = ORIENTED_EDGE('',*,*,#3445,.F.);
#3445 = EDGE_CURVE('',#3446,#3438,#3448,.T.);
#3446 = VERTEX_POINT('',#3447);
#3447 = CARTESIAN_POINT('',(3.75,-3.13,0.));
#3448 = LINE('',#3449,#3450);
#3449 = CARTESIAN_POINT('',(3.75,-3.13,0.));
#3450 = VECTOR('',#3451,1.);
#3451 = DIRECTION('',(0.,0.,1.));
#3452 = ORIENTED_EDGE('',*,*,#3453,.F.);
#3453 = EDGE_CURVE('',#3268,#3446,#3454,.T.);
#3454 = LINE('',#3455,#3456);
#3455 = CARTESIAN_POINT('',(3.75,-3.63,0.));
#3456 = VECTOR('',#3457,1.);
#3457 = DIRECTION('',(0.,1.,0.));
#3458 = PLANE('',#3459);
#3459 = AXIS2_PLACEMENT_3D('',#3460,#3461,#3462);
#3460 = CARTESIAN_POINT('',(3.75,-3.63,0.));
#3461 = DIRECTION('',(-1.,0.,0.));
#3462 = DIRECTION('',(0.,1.,0.));
#3463 = ADVANCED_FACE('',(#3464),#3475,.F.);
#3464 = FACE_BOUND('',#3465,.F.);
#3465 = EDGE_LOOP('',(#3466,#3467,#3468,#3469));
#3466 = ORIENTED_EDGE('',*,*,#3337,.F.);
#3467 = ORIENTED_EDGE('',*,*,#3275,.T.);
#3468 = ORIENTED_EDGE('',*,*,#3453,.T.);
#3469 = ORIENTED_EDGE('',*,*,#3470,.T.);
#3470 = EDGE_CURVE('',#3446,#3330,#3471,.T.);
#3471 = LINE('',#3472,#3473);
#3472 = CARTESIAN_POINT('',(3.75,-3.13,0.));
#3473 = VECTOR('',#3474,1.);
#3474 = DIRECTION('',(-1.,0.,0.));
#3475 = PLANE('',#3476);
#3476 = AXIS2_PLACEMENT_3D('',#3477,#3478,#3479);
#3477 = CARTESIAN_POINT('',(0.,-3.38,0.));
#3478 = DIRECTION('',(0.,0.,1.));
#3479 = DIRECTION('',(1.,0.,-0.));
#3480 = ADVANCED_FACE('',(#3481),#3492,.T.);
#3481 = FACE_BOUND('',#3482,.T.);
#3482 = EDGE_LOOP('',(#3483,#3484,#3485,#3491));
#3483 = ORIENTED_EDGE('',*,*,#3259,.T.);
#3484 = ORIENTED_EDGE('',*,*,#3437,.T.);
#3485 = ORIENTED_EDGE('',*,*,#3486,.T.);
#3486 = EDGE_CURVE('',#3438,#3413,#3487,.T.);
#3487 = LINE('',#3488,#3489);
#3488 = CARTESIAN_POINT('',(3.75,-3.13,5.));
#3489 = VECTOR('',#3490,1.);
#3490 = DIRECTION('',(-1.,0.,0.));
#3491 = ORIENTED_EDGE('',*,*,#3420,.T.);
#3492 = PLANE('',#3493);
#3493 = AXIS2_PLACEMENT_3D('',#3494,#3495,#3496);
#3494 = CARTESIAN_POINT('',(0.,-3.38,5.));
#3495 = DIRECTION('',(0.,0.,1.));
#3496 = DIRECTION('',(1.,0.,-0.));
#3497 = ADVANCED_FACE('',(#3498),#3506,.F.);
#3498 = FACE_BOUND('',#3499,.F.);
#3499 = EDGE_LOOP('',(#3500,#3501,#3502,#3503,#3504,#3505));
#3500 = ORIENTED_EDGE('',*,*,#3445,.T.);
#3501 = ORIENTED_EDGE('',*,*,#3486,.T.);
#3502 = ORIENTED_EDGE('',*,*,#3412,.F.);
#3503 = ORIENTED_EDGE('',*,*,#3398,.F.);
#3504 = ORIENTED_EDGE('',*,*,#3374,.F.);
#3505 = ORIENTED_EDGE('',*,*,#3470,.F.);
#3506 = PLANE('',#3507);
#3507 = AXIS2_PLACEMENT_3D('',#3508,#3509,#3510);
#3508 = CARTESIAN_POINT('',(3.75,-3.13,0.));
#3509 = DIRECTION('',(0.,-1.,0.));
#3510 = DIRECTION('',(-1.,0.,0.));
#3511 = ( GEOMETRIC_REPRESENTATION_CONTEXT(3) 
GLOBAL_UNCERTAINTY_ASSIGNED_CONTEXT((#3515)) 
GLOBAL_UNIT_ASSIGNED_CONTEXT((#3512,#3513,#3514)) REPRESENTATION_CONTEXT
('Context #1','3D Context with UNIT and UNCERTAINTY') );
#3512 = ( LENGTH_UNIT() NAMED_UNIT(*) SI_UNIT(.MILLI.,.METRE.) );
#3513 = ( NAMED_UNIT(*) PLANE_ANGLE_UNIT() SI_UNIT($,.RADIAN.) );
#3514 = ( NAMED_UNIT(*) SI_UNIT($,.STERADIAN.) SOLID_ANGLE_UNIT() );
#3515 = UNCERTAINTY_MEASURE_WITH_UNIT(LENGTH_MEASURE(1.E-07),#3512,
  'distance_accuracy_value','confusion accuracy');
#3516 = CONTEXT_DEPENDENT_SHAPE_REPRESENTATION(#3517,#3519);
#3517 = ( REPRESENTATION_RELATIONSHIP('','',#3128,#2688) 
REPRESENTATION_RELATIONSHIP_WITH_TRANSFORMATION(#3518) 
SHAPE_REPRESENTATION_RELATIONSHIP() );
#3518 = ITEM_DEFINED_TRANSFORMATION('','',#11,#2693);
#3519 = PRODUCT_DEFINITION_SHAPE('Placement','Placement of an item',
  #3520);
#3520 = NEXT_ASSEMBLY_USAGE_OCCURRENCE('18','=>[0:1:1:7]','',#2683,#3123
  ,$);
#3521 = PRODUCT_RELATED_PRODUCT_CATEGORY('part',$,(#3125));
#3522 = SHAPE_DEFINITION_REPRESENTATION(#3523,#3529);
#3523 = PRODUCT_DEFINITION_SHAPE('','',#3524);
#3524 = PRODUCT_DEFINITION('design','',#3525,#3528);
#3525 = PRODUCT_DEFINITION_FORMATION('','',#3526);
#3526 = PRODUCT('Hole','Hole','',(#3527));
#3527 = PRODUCT_CONTEXT('',#2,'mechanical');
#3528 = PRODUCT_DEFINITION_CONTEXT('part definition',#2,'design');
#3529 = ADVANCED_BREP_SHAPE_REPRESENTATION('',(#11,#3530),#5794);
#3530 = MANIFOLD_SOLID_BREP('',#3531);
#3531 = CLOSED_SHELL('',(#3532,#3565,#3590,#3667,#3760,#3820,#3917,#4086
    ,#4097,#4278,#4375,#4468,#4479,#4574,#4671,#4835,#4940,#5125,#5191,
    #5286,#5383,#5545,#5644,#5732));
#3532 = ADVANCED_FACE('',(#3533),#3560,.F.);
#3533 = FACE_BOUND('',#3534,.F.);
#3534 = EDGE_LOOP('',(#3535,#3545,#3552,#3553));
#3535 = ORIENTED_EDGE('',*,*,#3536,.F.);
#3536 = EDGE_CURVE('',#3537,#3539,#3541,.T.);
#3537 = VERTEX_POINT('',#3538);
#3538 = CARTESIAN_POINT('',(1.8,0.,13.7));
#3539 = VERTEX_POINT('',#3540);
#3540 = CARTESIAN_POINT('',(1.8,0.,10.));
#3541 = LINE('',#3542,#3543);
#3542 = CARTESIAN_POINT('',(1.8,0.,14.));
#3543 = VECTOR('',#3544,1.);
#3544 = DIRECTION('',(0.,0.,-1.));
#3545 = ORIENTED_EDGE('',*,*,#3546,.F.);
#3546 = EDGE_CURVE('',#3537,#3537,#3547,.T.);
#3547 = CIRCLE('',#3548,1.8);
#3548 = AXIS2_PLACEMENT_3D('',#3549,#3550,#3551);
#3549 = CARTESIAN_POINT('',(0.,0.,13.7));
#3550 = DIRECTION('',(0.,0.,1.));
#3551 = DIRECTION('',(1.,0.,-0.));
#3552 = ORIENTED_EDGE('',*,*,#3536,.T.);
#3553 = ORIENTED_EDGE('',*,*,#3554,.T.);
#3554 = EDGE_CURVE('',#3539,#3539,#3555,.T.);
#3555 = CIRCLE('',#3556,1.8);
#3556 = AXIS2_PLACEMENT_3D('',#3557,#3558,#3559);
#3557 = CARTESIAN_POINT('',(0.,0.,10.));
#3558 = DIRECTION('',(0.,0.,1.));
#3559 = DIRECTION('',(1.,0.,-0.));
#3560 = CYLINDRICAL_SURFACE('',#3561,1.8);
#3561 = AXIS2_PLACEMENT_3D('',#3562,#3563,#3564);
#3562 = CARTESIAN_POINT('',(0.,0.,14.));
#3563 = DIRECTION('',(0.,0.,1.));
#3564 = DIRECTION('',(1.,0.,-0.));
#3565 = ADVANCED_FACE('',(#3566),#3585,.F.);
#3566 = FACE_BOUND('',#3567,.F.);
#3567 = EDGE_LOOP('',(#3568,#3576,#3577,#3578));
#3568 = ORIENTED_EDGE('',*,*,#3569,.F.);
#3569 = EDGE_CURVE('',#3537,#3570,#3572,.T.);
#3570 = VERTEX_POINT('',#3571);
#3571 = CARTESIAN_POINT('',(2.1,0.,14.));
#3572 = LINE('',#3573,#3574);
#3573 = CARTESIAN_POINT('',(1.8,0.,13.7));
#3574 = VECTOR('',#3575,1.);
#3575 = DIRECTION('',(0.707106781187,0.,0.707106781187));
#3576 = ORIENTED_EDGE('',*,*,#3546,.T.);
#3577 = ORIENTED_EDGE('',*,*,#3569,.T.);
#3578 = ORIENTED_EDGE('',*,*,#3579,.F.);
#3579 = EDGE_CURVE('',#3570,#3570,#3580,.T.);
#3580 = CIRCLE('',#3581,2.1);
#3581 = AXIS2_PLACEMENT_3D('',#3582,#3583,#3584);
#3582 = CARTESIAN_POINT('',(0.,0.,14.));
#3583 = DIRECTION('',(0.,0.,1.));
#3584 = DIRECTION('',(1.,0.,-0.));
#3585 = CONICAL_SURFACE('',#3586,1.8,0.785398163397);
#3586 = AXIS2_PLACEMENT_3D('',#3587,#3588,#3589);
#3587 = CARTESIAN_POINT('',(0.,0.,13.7));
#3588 = DIRECTION('',(0.,0.,1.));
#3589 = DIRECTION('',(1.,0.,-0.));
#3590 = ADVANCED_FACE('',(#3591,#3659),#3662,.F.);
#3591 = FACE_BOUND('',#3592,.F.);
#3592 = EDGE_LOOP('',(#3593,#3604,#3612,#3629));
#3593 = ORIENTED_EDGE('',*,*,#3594,.T.);
#3594 = EDGE_CURVE('',#3595,#3597,#3599,.T.);
#3595 = VERTEX_POINT('',#3596);
#3596 = CARTESIAN_POINT('',(-2.971811868659,-0.410285531425,10.));
#3597 = VERTEX_POINT('',#3598);
#3598 = CARTESIAN_POINT('',(3.,0.,10.));
#3599 = CIRCLE('',#3600,3.);
#3600 = AXIS2_PLACEMENT_3D('',#3601,#3602,#3603);
#3601 = CARTESIAN_POINT('',(0.,0.,10.));
#3602 = DIRECTION('',(0.,0.,1.));
#3603 = DIRECTION('',(1.,0.,-0.));
#3604 = ORIENTED_EDGE('',*,*,#3605,.T.);
#3605 = EDGE_CURVE('',#3597,#3606,#3608,.T.);
#3606 = VERTEX_POINT('',#3607);
#3607 = CARTESIAN_POINT('',(2.867593855042,-1.83202271E-07,10.));
#3608 = LINE('',#3609,#3610);
#3609 = CARTESIAN_POINT('',(1.473941743437,-1.98091461002E-06,10.));
#3610 = VECTOR('',#3611,1.);
#3611 = DIRECTION('',(-0.999999999999,-1.28992904594E-06,0.));
#3612 = ORIENTED_EDGE('',*,*,#3613,.T.);
#3613 = EDGE_CURVE('',#3606,#3614,#3616,.T.);
#3614 = VERTEX_POINT('',#3615);
#3615 = CARTESIAN_POINT('',(0.910085053296,2.513174686027,10.));
#3616 = B_SPLINE_CURVE_WITH_KNOTS('',6,(#3617,#3618,#3619,#3620,#3621,
    #3622,#3623,#3624,#3625,#3626,#3627,#3628),.UNSPECIFIED.,.F.,.F.,(7,
    5,7),(0.,0.517186231004,1.),.UNSPECIFIED.);
#3617 = CARTESIAN_POINT('',(2.867593855042,-1.832022711E-07,10.));
#3618 = CARTESIAN_POINT('',(2.851314347103,0.293305872793,10.));
#3619 = CARTESIAN_POINT('',(2.798937774735,0.584488674826,10.));
#3620 = CARTESIAN_POINT('',(2.710518666815,0.867741649135,10.));
#3621 = CARTESIAN_POINT('',(2.587432079221,1.137540406738,10.));
#3622 = CARTESIAN_POINT('',(2.431973376318,1.388551970377,10.));
#3623 = CARTESIAN_POINT('',(2.075959555856,1.828161222147,10.));
#3624 = CARTESIAN_POINT('',(1.878989546587,2.019920762125,10.));
#3625 = CARTESIAN_POINT('',(1.659911042695,2.187180724353,10.));
#3626 = CARTESIAN_POINT('',(1.422438172306,2.32672937644,10.));
#3627 = CARTESIAN_POINT('',(1.170833015055,2.43594275825,10.));
#3628 = CARTESIAN_POINT('',(0.910085053296,2.513174686027,10.));
#3629 = ORIENTED_EDGE('',*,*,#3630,.T.);
#3630 = EDGE_CURVE('',#3614,#3595,#3631,.T.);
#3631 = B_SPLINE_CURVE_WITH_KNOTS('',6,(#3632,#3633,#3634,#3635,#3636,
    #3637,#3638,#3639,#3640,#3641,#3642,#3643,#3644,#3645,#3646,#3647,
    #3648,#3649,#3650,#3651,#3652,#3653,#3654,#3655,#3656,#3657,#3658),
  .UNSPECIFIED.,.F.,.F.,(7,5,5,5,5,7),(0.,0.2229691248,0.462619770885,
    0.719882685209,0.85673957989,1.),.UNSPECIFIED.);
#3632 = CARTESIAN_POINT('',(0.910085053296,2.513174686027,10.));
#3633 = CARTESIAN_POINT('',(0.665397109588,2.61862562745,10.));
#3634 = CARTESIAN_POINT('',(0.407796869238,2.694873683323,10.));
#3635 = CARTESIAN_POINT('',(0.141875514548,2.74010681194,10.));
#3636 = CARTESIAN_POINT('',(-0.127709831472,2.753628652758,10.));
#3637 = CARTESIAN_POINT('',(-0.396337615419,2.735489555341,10.));
#3638 = CARTESIAN_POINT('',(-0.942213332631,2.634341739145,10.));
#3639 = CARTESIAN_POINT('',(-1.218763133829,2.546551086274,10.));
#3640 = CARTESIAN_POINT('',(-1.483407004753,2.424598158121,10.));
#3641 = CARTESIAN_POINT('',(-1.731178245082,2.270899692751,10.));
#3642 = CARTESIAN_POINT('',(-1.957652142872,2.088583193883,10.));
#3643 = CARTESIAN_POINT('',(-2.375457811711,1.659747135447,10.));
#3644 = CARTESIAN_POINT('',(-2.563128828283,1.40934406043,10.));
#3645 = CARTESIAN_POINT('',(-2.717562824471,1.135565891755,10.));
#3646 = CARTESIAN_POINT('',(-2.835718437424,0.844097736005,10.));
#3647 = CARTESIAN_POINT('',(-2.915570298126,0.540928562665,10.));
#3648 = CARTESIAN_POINT('',(-2.9783484625,6.841765346588E-02,10.));
#3649 = CARTESIAN_POINT('',(-2.989151927076,-9.71888774472E-02,10.));
#3650 = CARTESIAN_POINT('',(-2.988869947899,-0.263387192458,10.));
#3651 = CARTESIAN_POINT('',(-2.977518480516,-0.429253973406,10.));
#3652 = CARTESIAN_POINT('',(-2.955214535089,-0.593881909412,10.));
#3653 = CARTESIAN_POINT('',(-2.887583185973,-0.92648594925,10.));
#3654 = CARTESIAN_POINT('',(-2.841225415671,-1.094267519951,10.));
#3655 = CARTESIAN_POINT('',(-2.78334512339,-1.258708165007,10.));
#3656 = CARTESIAN_POINT('',(-2.714297883231,-1.418843459658,10.));
#3657 = CARTESIAN_POINT('',(-2.634542615375,-1.573764547291,10.));
#3658 = CARTESIAN_POINT('',(-2.544635900231,-1.722619345994,10.));
#3659 = FACE_BOUND('',#3660,.F.);
#3660 = EDGE_LOOP('',(#3661));
#3661 = ORIENTED_EDGE('',*,*,#3554,.F.);
#3662 = PLANE('',#3663);
#3663 = AXIS2_PLACEMENT_3D('',#3664,#3665,#3666);
#3664 = CARTESIAN_POINT('',(-1.7E-16,-1.E-17,10.));
#3665 = DIRECTION('',(0.,0.,1.));
#3666 = DIRECTION('',(0.,1.,0.));
#3667 = ADVANCED_FACE('',(#3668,#3671),#3755,.T.);
#3668 = FACE_BOUND('',#3669,.T.);
#3669 = EDGE_LOOP('',(#3670));
#3670 = ORIENTED_EDGE('',*,*,#3579,.F.);
#3671 = FACE_BOUND('',#3672,.T.);
#3672 = EDGE_LOOP('',(#3673,#3684,#3693,#3725));
#3673 = ORIENTED_EDGE('',*,*,#3674,.T.);
#3674 = EDGE_CURVE('',#3675,#3677,#3679,.T.);
#3675 = VERTEX_POINT('',#3676);
#3676 = CARTESIAN_POINT('',(1.841236177296,-2.368512051778,14.));
#3677 = VERTEX_POINT('',#3678);
#3678 = CARTESIAN_POINT('',(3.,0.,14.));
#3679 = CIRCLE('',#3680,3.);
#3680 = AXIS2_PLACEMENT_3D('',#3681,#3682,#3683);
#3681 = CARTESIAN_POINT('',(0.,0.,14.));
#3682 = DIRECTION('',(0.,0.,1.));
#3683 = DIRECTION('',(1.,0.,-0.));
#3684 = ORIENTED_EDGE('',*,*,#3685,.T.);
#3685 = EDGE_CURVE('',#3677,#3686,#3688,.T.);
#3686 = VERTEX_POINT('',#3687);
#3687 = CARTESIAN_POINT('',(0.910501122377,2.85849395769,14.));
#3688 = CIRCLE('',#3689,3.);
#3689 = AXIS2_PLACEMENT_3D('',#3690,#3691,#3692);
#3690 = CARTESIAN_POINT('',(0.,0.,14.));
#3691 = DIRECTION('',(0.,0.,1.));
#3692 = DIRECTION('',(1.,0.,-0.));
#3693 = ORIENTED_EDGE('',*,*,#3694,.T.);
#3694 = EDGE_CURVE('',#3686,#3695,#3697,.T.);
#3695 = VERTEX_POINT('',#3696);
#3696 = CARTESIAN_POINT('',(-2.631490328798,-0.468531341922,14.));
#3697 = B_SPLINE_CURVE_WITH_KNOTS('',6,(#3698,#3699,#3700,#3701,#3702,
    #3703,#3704,#3705,#3706,#3707,#3708,#3709,#3710,#3711,#3712,#3713,
    #3714,#3715,#3716,#3717,#3718,#3719,#3720,#3721,#3722,#3723,#3724),
  .UNSPECIFIED.,.F.,.F.,(7,5,5,5,5,7),(0.,0.142215247626,0.279088334381,
    0.537380166574,0.776063849489,1.),.UNSPECIFIED.);
#3698 = CARTESIAN_POINT('',(2.130889237604,2.214019820685,14.));
#3699 = CARTESIAN_POINT('',(2.000486088869,2.327133896284,14.));
#3700 = CARTESIAN_POINT('',(1.862488867085,2.43140919644,14.));
#3701 = CARTESIAN_POINT('',(1.717625940408,2.52616730031,14.));
#3702 = CARTESIAN_POINT('',(1.566696231066,2.610813727428,14.));
#3703 = CARTESIAN_POINT('',(1.410569058379,2.684843574875,14.));
#3704 = CARTESIAN_POINT('',(1.095823595902,2.808484073196,14.));
#3705 = CARTESIAN_POINT('',(0.937511260846,2.858910698922,14.));
#3706 = CARTESIAN_POINT('',(0.776085466972,2.898762765111,14.));
#3707 = CARTESIAN_POINT('',(0.612419704391,2.927768168336,14.));
#3708 = CARTESIAN_POINT('',(0.447420706125,2.945751622476,14.));
#3709 = CARTESIAN_POINT('',(-3.00866989349E-02,2.965637004659,14.));
#3710 = CARTESIAN_POINT('',(-0.34374783642,2.939128389868,14.));
#3711 = CARTESIAN_POINT('',(-0.652440163421,2.872555087361,14.));
#3712 = CARTESIAN_POINT('',(-0.949842008983,2.766895255166,14.));
#3713 = CARTESIAN_POINT('',(-1.229758158877,2.624194448371,14.));
#3714 = CARTESIAN_POINT('',(-1.723554976583,2.285523578663,14.));
#3715 = CARTESIAN_POINT('',(-1.94098368625,2.094318916092,14.));
#3716 = CARTESIAN_POINT('',(-2.134059815252,1.877450602929,14.));
#3717 = CARTESIAN_POINT('',(-2.298990242381,1.6386948526,14.));
#3718 = CARTESIAN_POINT('',(-2.432580883402,1.382474411859,14.));
#3719 = CARTESIAN_POINT('',(-2.626566681169,0.862306351151,14.));
#3720 = CARTESIAN_POINT('',(-2.691024666818,0.599680627289,14.));
#3721 = CARTESIAN_POINT('',(-2.724190910832,0.330602472681,14.));
#3722 = CARTESIAN_POINT('',(-2.725211478831,5.967407449165E-02,14.));
#3723 = CARTESIAN_POINT('',(-2.693972463461,-0.208336027391,14.));
#3724 = CARTESIAN_POINT('',(-2.631490328798,-0.468531341922,14.));
#3725 = ORIENTED_EDGE('',*,*,#3726,.T.);
#3726 = EDGE_CURVE('',#3695,#3675,#3727,.T.);
#3727 = B_SPLINE_CURVE_WITH_KNOTS('',6,(#3728,#3729,#3730,#3731,#3732,
    #3733,#3734,#3735,#3736,#3737,#3738,#3739,#3740,#3741,#3742,#3743,
    #3744,#3745,#3746,#3747,#3748,#3749,#3750,#3751,#3752,#3753,#3754),
  .UNSPECIFIED.,.F.,.F.,(7,5,5,5,5,7),(0.,0.223936188274,0.462619653707,
    0.720910610883,0.856738521126,1.),.UNSPECIFIED.);
#3728 = CARTESIAN_POINT('',(-2.631490328798,-0.468531341922,14.));
#3729 = CARTESIAN_POINT('',(-2.600326381772,-0.734304508952,14.));
#3730 = CARTESIAN_POINT('',(-2.537141563089,-0.996628683152,14.));
#3731 = CARTESIAN_POINT('',(-2.442671437306,-1.250557063957,14.));
#3732 = CARTESIAN_POINT('',(-2.318668599916,-1.491653231855,14.));
#3733 = CARTESIAN_POINT('',(-2.167523158587,-1.715892352975,14.));
#3734 = CARTESIAN_POINT('',(-1.805914994916,-2.137138844916,14.));
#3735 = CARTESIAN_POINT('',(-1.592095402423,-2.331503187371,14.));
#3736 = CARTESIAN_POINT('',(-1.354889961916,-2.498658586394,14.));
#3737 = CARTESIAN_POINT('',(-1.098823440284,-2.635557087256,14.));
#3738 = CARTESIAN_POINT('',(-0.828759337362,-2.739963856371,14.));
#3739 = CARTESIAN_POINT('',(-0.248411335687,-2.887383345246,14.));
#3740 = CARTESIAN_POINT('',(6.355777266053E-02,-2.924699109448,14.));
#3741 = CARTESIAN_POINT('',(0.379152943723,-2.92121476327,14.));
#3742 = CARTESIAN_POINT('',(0.691853360098,-2.877148121821,14.));
#3743 = CARTESIAN_POINT('',(0.995388265787,-2.793762642599,14.));
#3744 = CARTESIAN_POINT('',(1.435519713672,-2.610764800622,14.));
#3745 = CARTESIAN_POINT('',(1.583068423609,-2.537575688983,14.));
#3746 = CARTESIAN_POINT('',(1.725644781312,-2.454649492594,14.));
#3747 = CARTESIAN_POINT('',(1.862475862313,-2.362452319165,14.));
#3748 = CARTESIAN_POINT('',(1.992851333711,-2.261527330047,14.));
#3749 = CARTESIAN_POINT('',(2.246141987534,-2.037485089658,14.));
#3750 = CARTESIAN_POINT('',(2.368265311612,-1.91344937672,14.));
#3751 = CARTESIAN_POINT('',(2.481734574405,-1.781105671664,14.));
#3752 = CARTESIAN_POINT('',(2.585892402453,-1.641244073405,14.));
#3753 = CARTESIAN_POINT('',(2.68018108586,-1.494716327373,14.));
#3754 = CARTESIAN_POINT('',(2.764140765495,-1.342430282069,14.));
#3755 = PLANE('',#3756);
#3756 = AXIS2_PLACEMENT_3D('',#3757,#3758,#3759);
#3757 = CARTESIAN_POINT('',(-1.7E-16,-1.E-17,14.));
#3758 = DIRECTION('',(0.,0.,1.));
#3759 = DIRECTION('',(0.,1.,0.));
#3760 = ADVANCED_FACE('',(#3761),#3815,.T.);
#3761 = FACE_BOUND('',#3762,.T.);
#3762 = EDGE_LOOP('',(#3763,#3773,#3808,#3809));
#3763 = ORIENTED_EDGE('',*,*,#3764,.T.);
#3764 = EDGE_CURVE('',#3765,#3767,#3769,.T.);
#3765 = VERTEX_POINT('',#3766);
#3766 = CARTESIAN_POINT('',(3.,-7.435969E-09,10.09930092043));
#3767 = VERTEX_POINT('',#3768);
#3768 = CARTESIAN_POINT('',(3.,-1.347583E-09,10.358625917031));
#3769 = LINE('',#3770,#3771);
#3770 = CARTESIAN_POINT('',(3.,0.,10.));
#3771 = VECTOR('',#3772,1.);
#3772 = DIRECTION('',(0.,0.,1.));
#3773 = ORIENTED_EDGE('',*,*,#3774,.F.);
#3774 = EDGE_CURVE('',#3595,#3767,#3775,.T.);
#3775 = B_SPLINE_CURVE_WITH_KNOTS('',6,(#3776,#3777,#3778,#3779,#3780,
    #3781,#3782,#3783,#3784,#3785,#3786,#3787,#3788,#3789,#3790,#3791,
    #3792,#3793,#3794,#3795,#3796,#3797,#3798,#3799,#3800,#3801,#3802,
    #3803,#3804,#3805,#3806,#3807),.UNSPECIFIED.,.F.,.F.,(7,5,5,5,5,5,7)
  ,(0.,0.215614012556,0.436949901827,0.543961174621,0.722920832408,
    0.904214065384,1.),.UNSPECIFIED.);
#3776 = CARTESIAN_POINT('',(-2.971813930862,-0.410270594038,9.9999994));
#3777 = CARTESIAN_POINT('',(-2.927521643543,-0.73110381634,
    10.012886517618));
#3778 = CARTESIAN_POINT('',(-2.841649252359,-1.046311259743,
    10.025778449471));
#3779 = CARTESIAN_POINT('',(-2.715111311744,-1.348898198963,
    10.03866542877));
#3780 = CARTESIAN_POINT('',(-2.550411231006,-1.63252572409,
    10.051552223229));
#3781 = CARTESIAN_POINT('',(-2.351088379319,-1.891369661759,
    10.064443679303));
#3782 = CARTESIAN_POINT('',(-1.887165584577,-2.355661914496,
    10.090558952571));
#3783 = CARTESIAN_POINT('',(-1.620797868773,-2.559686827773,
    10.103792163131));
#3784 = CARTESIAN_POINT('',(-1.328424120089,-2.727100119545,
    10.117019121253));
#3785 = CARTESIAN_POINT('',(-1.016371487372,-2.854114891039,
    10.130246240633));
#3786 = CARTESIAN_POINT('',(-0.691521573708,-2.938083541079,
    10.143479597481));
#3787 = CARTESIAN_POINT('',(-0.201901109775,-2.997511331912,
    10.163103914801));
#3788 = CARTESIAN_POINT('',(-4.108075901577E-02,-3.006619533228,
    10.169499848172));
#3789 = CARTESIAN_POINT('',(0.120156413163,-3.005367332548,
    10.175895670453));
#3790 = CARTESIAN_POINT('',(0.280978876148,-2.993743386712,
    10.182291506576));
#3791 = CARTESIAN_POINT('',(0.440558690322,-2.971825409833,
    10.188687473528));
#3792 = CARTESIAN_POINT('',(0.861495868596,-2.886189100511,
    10.205779170367));
#3793 = CARTESIAN_POINT('',(1.119198479024,-2.804264278092,
    10.21647668096));
#3794 = CARTESIAN_POINT('',(1.367273113085,-2.694783461032,
    10.227171835404));
#3795 = CARTESIAN_POINT('',(1.602123566305,-2.55923886826,
    10.237866735578));
#3796 = CARTESIAN_POINT('',(1.820422028796,-2.399651301742,
    10.248563891985));
#3797 = CARTESIAN_POINT('',(2.220634006842,-2.03542236212,
    10.270095122663));
#3798 = CARTESIAN_POINT('',(2.402105503424,-1.830157339529,
    10.280932857331));
#3799 = CARTESIAN_POINT('',(2.560566941931,-1.60569897139,
    10.291769079824));
#3800 = CARTESIAN_POINT('',(2.693610646724,-1.365301574706,
    10.30260644432));
#3801 = CARTESIAN_POINT('',(2.79935582151,-1.112549553926,
    10.313445253028));
#3802 = CARTESIAN_POINT('',(2.917477807787,-0.713459879388,
    10.330005563012));
#3803 = CARTESIAN_POINT('',(2.950372652961,-0.573143001856,10.3357300989
    ));
#3804 = CARTESIAN_POINT('',(2.975157679743,-0.431049366367,
    10.341454070478));
#3805 = CARTESIAN_POINT('',(2.991719161637,-0.287764237423,
    10.347177549133));
#3806 = CARTESIAN_POINT('',(2.999999992792,-0.143881114593,
    10.352901088948));
#3807 = CARTESIAN_POINT('',(3.,-2.69516631E-09,10.358625917031));
#3808 = ORIENTED_EDGE('',*,*,#3594,.T.);
#3809 = ORIENTED_EDGE('',*,*,#3810,.T.);
#3810 = EDGE_CURVE('',#3597,#3765,#3811,.T.);
#3811 = LINE('',#3812,#3813);
#3812 = CARTESIAN_POINT('',(3.,0.,10.));
#3813 = VECTOR('',#3814,1.);
#3814 = DIRECTION('',(0.,0.,1.));
#3815 = CYLINDRICAL_SURFACE('',#3816,3.);
#3816 = AXIS2_PLACEMENT_3D('',#3817,#3818,#3819);
#3817 = CARTESIAN_POINT('',(0.,0.,10.));
#3818 = DIRECTION('',(-0.,-0.,-1.));
#3819 = DIRECTION('',(1.,0.,0.));
#3820 = ADVANCED_FACE('',(#3821),#3862,.F.);
#3821 = FACE_BOUND('',#3822,.F.);
#3822 = EDGE_LOOP('',(#3823,#3830,#3831,#3832));
#3823 = ORIENTED_EDGE('',*,*,#3824,.F.);
#3824 = EDGE_CURVE('',#3767,#3825,#3827,.T.);
#3825 = VERTEX_POINT('',#3826);
#3826 = CARTESIAN_POINT('',(2.672882472328,-3.93434777E-07,
    10.603971710119));
#3827 = B_SPLINE_CURVE_WITH_KNOTS('',1,(#3828,#3829),.UNSPECIFIED.,.F.,
  .F.,(2,2),(0.,0.5),.PIECEWISE_BEZIER_KNOTS.);
#3828 = CARTESIAN_POINT('',(3.072877983768,8.435706622E-08,
    10.303965725468));
#3829 = CARTESIAN_POINT('',(2.672882472328,-3.9343472391E-07,
    10.603971710119));
#3830 = ORIENTED_EDGE('',*,*,#3774,.F.);
#3831 = ORIENTED_EDGE('',*,*,#3630,.F.);
#3832 = ORIENTED_EDGE('',*,*,#3833,.T.);
#3833 = EDGE_CURVE('',#3614,#3825,#3834,.T.);
#3834 = B_SPLINE_CURVE_WITH_KNOTS('',8,(#3835,#3836,#3837,#3838,#3839,
    #3840,#3841,#3842,#3843,#3844,#3845,#3846,#3847,#3848,#3849,#3850,
    #3851,#3852,#3853,#3854,#3855,#3856,#3857,#3858,#3859,#3860,#3861),
  .UNSPECIFIED.,.F.,.F.,(9,6,6,6,9),(0.,1.581947328539,3.163894657078,
    4.745841985618,6.327789314157),.UNSPECIFIED.);
#3835 = CARTESIAN_POINT('',(2.672883486912,-4.3074109324E-07,
    9.853972647729));
#3836 = CARTESIAN_POINT('',(2.672883134481,0.524832745888,9.877409743896
    ));
#3837 = CARTESIAN_POINT('',(2.555133435811,1.049617304019,9.900844615976
    ));
#3838 = CARTESIAN_POINT('',(2.319577106766,1.543626389017,9.924286201572
    ));
#3839 = CARTESIAN_POINT('',(1.975936787382,1.97596018072,9.947723145197)
  );
#3840 = CARTESIAN_POINT('',(1.543620407951,2.319574330192,9.971159985231
    ));
#3841 = CARTESIAN_POINT('',(1.049640133553,2.555112711987,9.994596967918
    ));
#3842 = CARTESIAN_POINT('',(6.83512309593E-06,2.790651406395,
    10.041471713241));
#3843 = CARTESIAN_POINT('',(-1.049639137003,2.555114551604,
    10.088347270806));
#3844 = CARTESIAN_POINT('',(-1.543631981797,2.31957679057,
    10.111785101372));
#3845 = CARTESIAN_POINT('',(-1.975958062776,1.975951300465,
    10.135222436664));
#3846 = CARTESIAN_POINT('',(-2.319576946331,1.543627271596,
    10.158659606424));
#3847 = CARTESIAN_POINT('',(-2.555111882264,1.049640373032,
    10.182097068805));
#3848 = CARTESIAN_POINT('',(-2.79064733378,4.5117624639E-07,
    10.228972178925));
#3849 = CARTESIAN_POINT('',(-2.555112449922,-1.049639598059,
    10.275847289044));
#3850 = CARTESIAN_POINT('',(-2.319577623535,-1.54362666116,
    10.299284751426));
#3851 = CARTESIAN_POINT('',(-1.975957966132,-1.975950541599,
    10.322721921186));
#3852 = CARTESIAN_POINT('',(-1.543632322581,-2.319575444455,
    10.346159256477));
#3853 = CARTESIAN_POINT('',(-1.04963987131,-2.555114061042,
    10.369597087045));
#3854 = CARTESIAN_POINT('',(5.9561891054E-06,-2.79065238918,
    10.416472644608));
#3855 = CARTESIAN_POINT('',(1.049639399247,-2.555113510449,
    10.463347389931));
#3856 = CARTESIAN_POINT('',(1.543619676896,-2.319574905456,
    10.486784372613));
#3857 = CARTESIAN_POINT('',(1.975935245972,-1.975956342743,
    10.510221212667));
#3858 = CARTESIAN_POINT('',(2.319572747948,-1.543629484163,
    10.533658156261));
#3859 = CARTESIAN_POINT('',(2.555138614157,-1.049618287975,
    10.557099741881));
#3860 = CARTESIAN_POINT('',(2.672882832081,-0.524833570064,
    10.580534613954));
#3861 = CARTESIAN_POINT('',(2.672882472328,-3.9343472391E-07,
    10.603971710119));
#3862 = B_SPLINE_SURFACE_WITH_KNOTS('',1,8,(
    (#3863,#3864,#3865,#3866,#3867,#3868,#3869,#3870,#3871,#3872,#3873
      ,#3874,#3875,#3876,#3877,#3878,#3879,#3880,#3881,#3882,#3883,#3884
      ,#3885,#3886,#3887,#3888,#3889)
    ,(#3890,#3891,#3892,#3893,#3894,#3895,#3896,#3897,#3898,#3899,#3900
      ,#3901,#3902,#3903,#3904,#3905,#3906,#3907,#3908,#3909,#3910,#3911
      ,#3912,#3913,#3914,#3915,#3916
    )),.UNSPECIFIED.,.F.,.F.,.F.,(2,2),(9,6,6,6,9),(0.,0.5),(0.,
    1.581947328539,3.163894657078,4.745841985618,6.327789314157),
  .UNSPECIFIED.);
#3863 = CARTESIAN_POINT('',(3.072878138449,9.266844536E-08,
    9.553965516578));
#3864 = CARTESIAN_POINT('',(3.072878053636,0.603355207695,9.577403106548
    ));
#3865 = CARTESIAN_POINT('',(2.937514155841,1.206715288033,9.600841192021
    ));
#3866 = CARTESIAN_POINT('',(2.666679259727,1.774634103563,9.624277781791
    ));
#3867 = CARTESIAN_POINT('',(2.271645514176,2.271650338922,9.647715405751
    ));
#3868 = CARTESIAN_POINT('',(1.774622417984,2.666699341147,9.67115305278)
  );
#3869 = CARTESIAN_POINT('',(1.206717837199,2.937484076515,9.694590668033
    ));
#3870 = CARTESIAN_POINT('',(6.07573867903E-06,3.208270924063,
    9.741465724772));
#3871 = CARTESIAN_POINT('',(-1.206716326302,2.937485441129,
    9.788340600553));
#3872 = CARTESIAN_POINT('',(-1.774632811349,2.666699832516,
    9.811778026906));
#3873 = CARTESIAN_POINT('',(-2.271659253783,2.271652207523,
    9.835215563602));
#3874 = CARTESIAN_POINT('',(-2.66670199619,1.774626882546,9.858653137176
    ));
#3875 = CARTESIAN_POINT('',(-2.937483708442,1.20671527686,9.882090645556
    ));
#3876 = CARTESIAN_POINT('',(-3.208265970567,-8.922132011E-08,
    9.928965621023));
#3877 = CARTESIAN_POINT('',(-2.937483676127,-1.206715448051,
    9.97584059649));
#3878 = CARTESIAN_POINT('',(-2.666701924637,-1.77462705215,
    9.999278104871));
#3879 = CARTESIAN_POINT('',(-2.271659015291,-2.271652315586,
    10.022715678444));
#3880 = CARTESIAN_POINT('',(-1.774632600635,-2.666699802089,
    10.04615321514));
#3881 = CARTESIAN_POINT('',(-1.206716148911,-2.937485485199,
    10.069590641493));
#3882 = CARTESIAN_POINT('',(6.25775199198E-06,-3.208271073896,
    10.116465517274));
#3883 = CARTESIAN_POINT('',(1.206718014589,-2.937484079384,
    10.163340574013));
#3884 = CARTESIAN_POINT('',(1.774622569199,-2.66669925405,
    10.186778189265));
#3885 = CARTESIAN_POINT('',(2.271645502928,-2.271649530031,
    10.210215836297));
#3886 = CARTESIAN_POINT('',(2.666678769997,-1.774634312786,
    10.233653460252));
#3887 = CARTESIAN_POINT('',(2.937515064194,-1.206715148697,
    10.257090050026));
#3888 = CARTESIAN_POINT('',(3.07287806695,-0.60335503067,10.280528135498
    ));
#3889 = CARTESIAN_POINT('',(3.072877983768,8.435706622E-08,
    10.303965725468));
#3890 = CARTESIAN_POINT('',(2.672883486912,-4.3074109324E-07,
    9.853972647729));
#3891 = CARTESIAN_POINT('',(2.672883134481,0.524832745888,9.877409743896
    ));
#3892 = CARTESIAN_POINT('',(2.555133435811,1.049617304019,9.900844615976
    ));
#3893 = CARTESIAN_POINT('',(2.319577106766,1.543626389017,9.924286201572
    ));
#3894 = CARTESIAN_POINT('',(1.975936787382,1.97596018072,9.947723145197)
  );
#3895 = CARTESIAN_POINT('',(1.543620407951,2.319574330192,9.971159985231
    ));
#3896 = CARTESIAN_POINT('',(1.049640133553,2.555112711987,9.994596967918
    ));
#3897 = CARTESIAN_POINT('',(6.83512309593E-06,2.790651406395,
    10.041471713241));
#3898 = CARTESIAN_POINT('',(-1.049639137003,2.555114551604,
    10.088347270806));
#3899 = CARTESIAN_POINT('',(-1.543631981797,2.31957679057,
    10.111785101372));
#3900 = CARTESIAN_POINT('',(-1.975958062776,1.975951300465,
    10.135222436664));
#3901 = CARTESIAN_POINT('',(-2.319576946331,1.543627271596,
    10.158659606424));
#3902 = CARTESIAN_POINT('',(-2.555111882264,1.049640373032,
    10.182097068805));
#3903 = CARTESIAN_POINT('',(-2.79064733378,4.5117624639E-07,
    10.228972178925));
#3904 = CARTESIAN_POINT('',(-2.555112449922,-1.049639598059,
    10.275847289044));
#3905 = CARTESIAN_POINT('',(-2.319577623535,-1.54362666116,
    10.299284751426));
#3906 = CARTESIAN_POINT('',(-1.975957966132,-1.975950541599,
    10.322721921186));
#3907 = CARTESIAN_POINT('',(-1.543632322581,-2.319575444455,
    10.346159256477));
#3908 = CARTESIAN_POINT('',(-1.04963987131,-2.555114061042,
    10.369597087045));
#3909 = CARTESIAN_POINT('',(5.9561891054E-06,-2.79065238918,
    10.416472644608));
#3910 = CARTESIAN_POINT('',(1.049639399247,-2.555113510449,
    10.463347389931));
#3911 = CARTESIAN_POINT('',(1.543619676896,-2.319574905456,
    10.486784372613));
#3912 = CARTESIAN_POINT('',(1.975935245972,-1.975956342743,
    10.510221212667));
#3913 = CARTESIAN_POINT('',(2.319572747948,-1.543629484163,
    10.533658156261));
#3914 = CARTESIAN_POINT('',(2.555138614157,-1.049618287975,
    10.557099741881));
#3915 = CARTESIAN_POINT('',(2.672882832081,-0.524833570064,
    10.580534613954));
#3916 = CARTESIAN_POINT('',(2.672882472328,-3.9343472391E-07,
    10.603971710119));
#3917 = ADVANCED_FACE('',(#3918),#4023,.F.);
#3918 = FACE_BOUND('',#3919,.F.);
#3919 = EDGE_LOOP('',(#3920,#3921,#3922,#3927,#4018));
#3920 = ORIENTED_EDGE('',*,*,#3833,.F.);
#3921 = ORIENTED_EDGE('',*,*,#3613,.F.);
#3922 = ORIENTED_EDGE('',*,*,#3923,.T.);
#3923 = EDGE_CURVE('',#3606,#3765,#3924,.T.);
#3924 = B_SPLINE_CURVE_WITH_KNOTS('',1,(#3925,#3926),.UNSPECIFIED.,.F.,
  .F.,(2,2),(0.,0.5),.PIECEWISE_BEZIER_KNOTS.);
#3925 = CARTESIAN_POINT('',(2.672883486912,-4.3074109302E-07,
    9.853972647729));
#3926 = CARTESIAN_POINT('',(3.072888835247,7.779295963E-08,
    10.153965516483));
#3927 = ORIENTED_EDGE('',*,*,#3928,.T.);
#3928 = EDGE_CURVE('',#3765,#3929,#3931,.T.);
#3929 = VERTEX_POINT('',#3930);
#3930 = CARTESIAN_POINT('',(3.,-7.434897E-09,10.849302208712));
#3931 = B_SPLINE_CURVE_WITH_KNOTS('',7,(#3932,#3933,#3934,#3935,#3936,
    #3937,#3938,#3939,#3940,#3941,#3942,#3943,#3944,#3945,#3946,#3947,
    #3948,#3949,#3950,#3951,#3952,#3953,#3954,#3955,#3956,#3957,#3958,
    #3959,#3960,#3961,#3962,#3963,#3964,#3965,#3966,#3967,#3968,#3969,
    #3970,#3971,#3972,#3973,#3974,#3975,#3976,#3977,#3978,#3979,#3980,
    #3981,#3982,#3983,#3984,#3985,#3986,#3987,#3988,#3989,#3990,#3991,
    #3992,#3993,#3994,#3995,#3996,#3997,#3998,#3999,#4000,#4001,#4002,
    #4003,#4004,#4005,#4006,#4007,#4008,#4009,#4010,#4011,#4012,#4013,
    #4014,#4015,#4016,#4017),.UNSPECIFIED.,.F.,.F.,(8,6,6,6,6,6,6,6,6,6,
    6,6,6,6,8),(0.,4.336292091885E-02,0.133369210749,0.205366833096,
    0.258399230183,0.373489621597,0.484417545139,0.501288134893,
    0.575290451574,0.623292919183,0.720237985188,0.77669864411,
    0.867142323619,0.955953433993,1.),.UNSPECIFIED.);
#3932 = CARTESIAN_POINT('',(3.,0.,10.099300921021));
#3933 = CARTESIAN_POINT('',(3.,0.116760729182,10.103946794139));
#3934 = CARTESIAN_POINT('',(2.994698182413,0.233522554207,
    10.108591987522));
#3935 = CARTESIAN_POINT('',(2.984094632755,0.349994725401,
    10.113236972098));
#3936 = CARTESIAN_POINT('',(2.968209033718,0.465888620245,
    10.117882049504));
#3937 = CARTESIAN_POINT('',(2.947080608367,0.580918116383,
    10.122527371087));
#3938 = CARTESIAN_POINT('',(2.92076806333,0.69479996462,10.127172956911)
  );
#3939 = CARTESIAN_POINT('',(2.824135626263,1.040669828142,
    10.141461686644));
#3940 = CARTESIAN_POINT('',(2.736911346396,1.267978741276,10.15110719384
    ));
#3941 = CARTESIAN_POINT('',(2.628379212115,1.486617702361,
    10.160752119337));
#3942 = CARTESIAN_POINT('',(2.499605595101,1.69422003036,10.170395996185
    ));
#3943 = CARTESIAN_POINT('',(2.351951180225,1.888591982121,
    10.180039975026));
#3944 = CARTESIAN_POINT('',(2.187062408678,2.067726701986,
    10.189684790284));
#3945 = CARTESIAN_POINT('',(1.862827927882,2.359545553487,
    10.207041278936));
#3946 = CARTESIAN_POINT('',(1.70894435836,2.478380862849,10.214755208333
    ));
#3947 = CARTESIAN_POINT('',(1.546271650128,2.585458245265,
    10.222468676955));
#3948 = CARTESIAN_POINT('',(1.375893503316,2.680012574356,
    10.230181930769));
#3949 = CARTESIAN_POINT('',(1.198965248432,2.761402687668,
    10.237895526344));
#3950 = CARTESIAN_POINT('',(1.016709500885,2.829113794083,10.24560960654
    ));
#3951 = CARTESIAN_POINT('',(0.693203757066,2.922303808235,
    10.259004961023));
#3952 = CARTESIAN_POINT('',(0.553788591943,2.954211630733,
    10.264686850668));
#3953 = CARTESIAN_POINT('',(0.412688169082,2.97835269596,10.270368686765
    ));
#3954 = CARTESIAN_POINT('',(0.270421749471,2.994623248415,
    10.276050478027));
#3955 = CARTESIAN_POINT('',(0.127514162668,3.002963259813,
    10.281732304588));
#3956 = CARTESIAN_POINT('',(-1.550530527386E-02,3.003356558043,
    10.287414175085));
#3957 = CARTESIAN_POINT('',(-0.467570373526,2.979498968148,
    10.305426272484));
#3958 = CARTESIAN_POINT('',(-0.775207002687,2.925863712276,
    10.317761946568));
#3959 = CARTESIAN_POINT('',(-1.075364882204,2.83516647663,
    10.330092759541));
#3960 = CARTESIAN_POINT('',(-1.362763233204,2.708773671558,
    10.342421886434));
#3961 = CARTESIAN_POINT('',(-1.632477043518,2.548851327242,
    10.354752543882));
#3962 = CARTESIAN_POINT('',(-1.879930177754,2.358367781633,
    10.367088129366));
#3963 = CARTESIAN_POINT('',(-2.314323154786,1.932129229467,
    10.391303079873));
#3964 = CARTESIAN_POINT('',(-2.503302522245,1.698089480803,
    10.403192546847));
#3965 = CARTESIAN_POINT('',(-2.664431038034,1.442705829057,
    10.415078661338));
#3966 = CARTESIAN_POINT('',(-2.794941483076,1.169997866588,
    10.426963737906));
#3967 = CARTESIAN_POINT('',(-2.892753461336,0.884312644653,
    10.438850003467));
#3968 = CARTESIAN_POINT('',(-2.956472457149,0.59032673185,
    10.450739743757));
#3969 = CARTESIAN_POINT('',(-2.990088676104,0.247857353703,
    10.464431996389));
#3970 = CARTESIAN_POINT('',(-2.993727673056,0.202569812562,
    10.466239491881));
#3971 = CARTESIAN_POINT('',(-2.996566350671,0.157220815006,
    10.46804697817));
#3972 = CARTESIAN_POINT('',(-2.998603495961,0.111827331565,
    10.469854455051));
#3973 = CARTESIAN_POINT('',(-2.999838346381,6.640635468285E-02,
    10.471661922397));
#3974 = CARTESIAN_POINT('',(-3.000270589817,2.097489871794E-02,
    10.473469380156));
#3975 = CARTESIAN_POINT('',(-2.998276383187,-0.2237049042,
    10.483205143594));
#3976 = CARTESIAN_POINT('',(-2.981211868284,-0.422849554241,
    10.491133891495));
#3977 = CARTESIAN_POINT('',(-2.948714585995,-0.620420343787,
    10.499062014609));
#3978 = CARTESIAN_POINT('',(-2.900970982545,-0.814988629408,
    10.506989738511));
#3979 = CARTESIAN_POINT('',(-2.838322987761,-1.005160960259,
    10.514917706661));
#3980 = CARTESIAN_POINT('',(-2.761266643035,-1.189584664459,
    10.522846142624));
#3981 = CARTESIAN_POINT('',(-2.61157790659,-1.482014593255,
    10.535916562696));
#3982 = CARTESIAN_POINT('',(-2.546899061611,-1.594111525662,
    10.541059185303));
#3983 = CARTESIAN_POINT('',(-2.476616096038,-1.702898154233,
    10.546201801659));
#3984 = CARTESIAN_POINT('',(-2.40093367686,-1.808039515212,
    10.551344440964));
#3985 = CARTESIAN_POINT('',(-2.320080672043,-1.909217655992,
    10.556487173889));
#3986 = CARTESIAN_POINT('',(-2.234309761737,-2.006132174793,
    10.561630019033));
#3987 = CARTESIAN_POINT('',(-1.961300887395,-2.285046974943,
    10.577159232683));
#3988 = CARTESIAN_POINT('',(-1.759725609638,-2.45309948775,
    10.587548160304));
#3989 = CARTESIAN_POINT('',(-1.541490686303,-2.600259719522,
    10.597935559194));
#3990 = CARTESIAN_POINT('',(-1.309214809739,-2.724610208897,
    10.608321874965));
#3991 = CARTESIAN_POINT('',(-1.065741969506,-2.824628381426,
    10.618709135516));
#3992 = CARTESIAN_POINT('',(-0.814119896492,-2.89919811266,
    10.629097923292));
#3993 = CARTESIAN_POINT('',(-0.408252061089,-2.975977625948,
    10.645533240648));
#3994 = CARTESIAN_POINT('',(-0.25719867419,-2.995404983644,
    10.651582337859));
#3995 = CARTESIAN_POINT('',(-0.105103928778,-3.005881790125,
    10.657631282307));
#3996 = CARTESIAN_POINT('',(4.739604731988E-02,-3.007345302055,
    10.663680140376));
#3997 = CARTESIAN_POINT('',(0.199663800285,-2.999789409358,
    10.669729091624));
#3998 = CARTESIAN_POINT('',(0.351062138886,-2.983264643547,
    10.675778210085));
#3999 = CARTESIAN_POINT('',(0.741068529851,-2.917211912065,
    10.691517125828));
#4000 = CARTESIAN_POINT('',(0.977371573625,-2.853798110708,
    10.701208841478));
#4001 = CARTESIAN_POINT('',(1.20720287548,-2.768073944044,10.71089959655
    ));
#4002 = CARTESIAN_POINT('',(1.428061820506,-2.660866698749,
    10.720589865494));
#4003 = CARTESIAN_POINT('',(1.637592109915,-2.533320146013,
    10.730280978344));
#4004 = CARTESIAN_POINT('',(1.833596859324,-2.386887204093,
    10.739972990051));
#4005 = CARTESIAN_POINT('',(2.191316879717,-2.06284185703,
    10.759177769632));
#4006 = CARTESIAN_POINT('',(2.353645863706,-1.885786893214,
    10.768693690085));
#4007 = CARTESIAN_POINT('',(2.499173905381,-1.693927790972,
    10.778207872326));
#4008 = CARTESIAN_POINT('',(2.626321278712,-1.489193858375,
    10.78772052838));
#4009 = CARTESIAN_POINT('',(2.733779520121,-1.273691824247,
    10.79723369053));
#4010 = CARTESIAN_POINT('',(2.820519570263,-1.049692991193,10.8067489524
    ));
#4011 = CARTESIAN_POINT('',(2.918260052694,-0.705566828422,
    10.820983160934));
#4012 = CARTESIAN_POINT('',(2.94540228074,-0.589982365654,
    10.825702641756));
#4013 = CARTESIAN_POINT('',(2.967199496053,-0.473195418083,
    10.830422445914));
#4014 = CARTESIAN_POINT('',(2.983589219223,-0.35550265672,
    10.835142579035));
#4015 = CARTESIAN_POINT('',(2.994529702438,-0.237203843189,
    10.839862932867));
#4016 = CARTESIAN_POINT('',(2.999999993524,-0.118601405676,
    10.844583103355));
#4017 = CARTESIAN_POINT('',(3.,-1.486979517E-08,10.849302208712));
#4018 = ORIENTED_EDGE('',*,*,#4019,.F.);
#4019 = EDGE_CURVE('',#3825,#3929,#4020,.T.);
#4020 = B_SPLINE_CURVE_WITH_KNOTS('',1,(#4021,#4022),.UNSPECIFIED.,.F.,
  .F.,(2,2),(0.,0.5),.PIECEWISE_BEZIER_KNOTS.);
#4021 = CARTESIAN_POINT('',(2.672882472328,-3.9343472358E-07,
    10.603971710119));
#4022 = CARTESIAN_POINT('',(3.072886960797,6.94804614E-08,10.9039657254)
  );
#4023 = B_SPLINE_SURFACE_WITH_KNOTS('',1,9,(
    (#4024,#4025,#4026,#4027,#4028,#4029,#4030,#4031,#4032,#4033,#4034
      ,#4035,#4036,#4037,#4038,#4039,#4040,#4041,#4042,#4043,#4044,#4045
      ,#4046,#4047,#4048,#4049,#4050,#4051,#4052,#4053,#4054)
    ,(#4055,#4056,#4057,#4058,#4059,#4060,#4061,#4062,#4063,#4064,#4065
      ,#4066,#4067,#4068,#4069,#4070,#4071,#4072,#4073,#4074,#4075,#4076
      ,#4077,#4078,#4079,#4080,#4081,#4082,#4083,#4084,#4085
  )),.UNSPECIFIED.,.F.,.F.,.F.,(2,2),(10,7,7,7,10),(0.,0.5),(0.,
    1.581947328539,3.163894657078,4.745841985618,6.327789314157),
  .UNSPECIFIED.);
#4024 = CARTESIAN_POINT('',(2.672883486912,-4.3074109302E-07,
    9.853972647729));
#4025 = CARTESIAN_POINT('',(2.67288317364,0.466517948485,9.874805622099)
  );
#4026 = CARTESIAN_POINT('',(2.581300035516,0.932998513324,9.895636866625
    ));
#4027 = CARTESIAN_POINT('',(2.398095883114,1.378956694018,9.916472339707
    ));
#4028 = CARTESIAN_POINT('',(2.12866581822,1.783811828852,9.937306725808)
  );
#4029 = CARTESIAN_POINT('',(1.783796174302,2.128677580485,9.958139518545
    ));
#4030 = CARTESIAN_POINT('',(1.378960316486,2.398087124124,9.978972312793
    ));
#4031 = CARTESIAN_POINT('',(0.933014211506,2.581283678033,9.999805272954
    ));
#4032 = CARTESIAN_POINT('',(6.13102890123E-06,2.764480542551,
    10.041471758366));
#4033 = CARTESIAN_POINT('',(-0.933011806767,2.581285313247,
    10.083138875521));
#4034 = CARTESIAN_POINT('',(-1.378967700199,2.398089377581,
    10.103972491183));
#4035 = CARTESIAN_POINT('',(-1.783813137896,2.128673740512,
    10.124805843201));
#4036 = CARTESIAN_POINT('',(-2.128677566578,1.783807287634,
    10.145638956557));
#4037 = CARTESIAN_POINT('',(-2.398088591642,1.378964972075,
    10.166472093884));
#4038 = CARTESIAN_POINT('',(-2.581282487988,0.933013715048,
    10.187305414374));
#4039 = CARTESIAN_POINT('',(-2.764476759593,4.4409960415E-07,
    10.228972178925));
#4040 = CARTESIAN_POINT('',(-2.581282992573,-0.933012925922,
    10.270638943476));
#4041 = CARTESIAN_POINT('',(-2.39808923233,-1.378964306793,
    10.291472263966));
#4042 = CARTESIAN_POINT('',(-2.128677813867,-1.783806594737,
    10.312305401293));
#4043 = CARTESIAN_POINT('',(-1.783813235664,-2.128672720646,
    10.333138514648));
#4044 = CARTESIAN_POINT('',(-1.378968172157,-2.398088316651,
    10.353971866666));
#4045 = CARTESIAN_POINT('',(-0.933012557143,-2.581284986391,
    10.374805482329));
#4046 = CARTESIAN_POINT('',(5.26816454214E-06,-2.764481433243,
    10.416472599483));
#4047 = CARTESIAN_POINT('',(0.93301346113,-2.581284496975,
    10.458139084895));
#4048 = CARTESIAN_POINT('',(1.378959791042,-2.398088451732,
    10.478972045088));
#4049 = CARTESIAN_POINT('',(1.783794461546,-2.128673960661,
    10.499804839218));
#4050 = CARTESIAN_POINT('',(2.12866355613,-1.78381281555,10.520637632134
    ));
#4051 = CARTESIAN_POINT('',(2.398094496656,-1.378958407489,
    10.541472018099));
#4052 = CARTESIAN_POINT('',(2.581303995918,-0.932999461772,
    10.56230749123));
#4053 = CARTESIAN_POINT('',(2.672882792108,-0.466518772661,
    10.58313873575));
#4054 = CARTESIAN_POINT('',(2.672882472328,-3.9343472358E-07,
    10.603971710119));
#4055 = CARTESIAN_POINT('',(3.072888835247,7.779295963E-08,
    10.153965516483));
#4056 = CARTESIAN_POINT('',(3.07288810404,0.53631745209,10.174798929801)
  );
#4057 = CARTESIAN_POINT('',(2.967600926781,1.072638560577,
    10.195632728567));
#4058 = CARTESIAN_POINT('',(2.756967030953,1.585331493441,
    10.216465585108));
#4059 = CARTESIAN_POINT('',(2.447225813164,2.050761984792,
    10.237298683874));
#4060 = CARTESIAN_POINT('',(2.050753382027,2.447237553888,
    10.258132137668));
#4061 = CARTESIAN_POINT('',(1.58532597316,2.756969547316,10.27896559111)
  );
#4062 = CARTESIAN_POINT('',(1.072642162088,2.967580548387,
    10.299799007597));
#4063 = CARTESIAN_POINT('',(5.50883000248E-06,3.178192991504,
    10.34146571465));
#4064 = CARTESIAN_POINT('',(-1.072639517361,2.967582255208,
    10.38313228094));
#4065 = CARTESIAN_POINT('',(-1.585332604596,2.756971074139,
    10.403965551365));
#4066 = CARTESIAN_POINT('',(-2.050765639161,2.447237171974,
    10.424798880535));
#4067 = CARTESIAN_POINT('',(-2.447241886735,2.050758670763,
    10.445632262884));
#4068 = CARTESIAN_POINT('',(-2.75697120226,1.585328039362,
    10.466465639891));
#4069 = CARTESIAN_POINT('',(-2.967579937256,1.072639234016,
    10.487298976086));
#4070 = CARTESIAN_POINT('',(-3.178189224767,-4.310816621E-08,
    10.528965620942));
#4071 = CARTESIAN_POINT('',(-2.967580286567,-1.072639388819,
    10.570632265799));
#4072 = CARTESIAN_POINT('',(-2.756971524408,-1.585328308515,
    10.591465601994));
#4073 = CARTESIAN_POINT('',(-2.44724122913,-2.050758720574,
    10.612298979001));
#4074 = CARTESIAN_POINT('',(-2.050764489846,-2.447236402239,
    10.633132361349));
#4075 = CARTESIAN_POINT('',(-1.585331978281,-2.756969975596,
    10.653965690519));
#4076 = CARTESIAN_POINT('',(-1.072639290971,-2.967582234256,
    10.674798960945));
#4077 = CARTESIAN_POINT('',(5.64185414E-06,-3.178194637064,
    10.716465527233));
#4078 = CARTESIAN_POINT('',(1.072642388479,-2.967581478465,
    10.758132234287));
#4079 = CARTESIAN_POINT('',(1.585327224176,-2.756968319683,
    10.778965650772));
#4080 = CARTESIAN_POINT('',(2.050749687164,-2.447237000239,
    10.799799104217));
#4081 = CARTESIAN_POINT('',(2.447224608862,-2.050755229309,
    10.820632558022));
#4082 = CARTESIAN_POINT('',(2.756964607526,-1.585335979729,
    10.841465656756));
#4083 = CARTESIAN_POINT('',(2.967608826615,-1.072638700102,
    10.862298513329));
#4084 = CARTESIAN_POINT('',(3.072887690554,-0.536317304817,
    10.883132312084));
#4085 = CARTESIAN_POINT('',(3.072886960797,6.94804614E-08,10.9039657254)
  );
#4086 = ADVANCED_FACE('',(#4087),#4092,.T.);
#4087 = FACE_BOUND('',#4088,.T.);
#4088 = EDGE_LOOP('',(#4089,#4090,#4091));
#4089 = ORIENTED_EDGE('',*,*,#3923,.T.);
#4090 = ORIENTED_EDGE('',*,*,#3810,.F.);
#4091 = ORIENTED_EDGE('',*,*,#3605,.T.);
#4092 = PLANE('',#4093);
#4093 = AXIS2_PLACEMENT_3D('',#4094,#4095,#4096);
#4094 = CARTESIAN_POINT('',(2.947883486868,-7.601048359E-08,
    9.85396774503));
#4095 = DIRECTION('',(-1.28992904594E-06,0.999999999999,2.481547354E-08)
  );
#4096 = DIRECTION('',(0.999999999999,1.28992904594E-06,
    6.310887241768E-30));
#4097 = ADVANCED_FACE('',(#4098),#4273,.T.);
#4098 = FACE_BOUND('',#4099,.T.);
#4099 = EDGE_LOOP('',(#4100,#4108,#4109,#4176,#4184));
#4100 = ORIENTED_EDGE('',*,*,#4101,.T.);
#4101 = EDGE_CURVE('',#4102,#3677,#4104,.T.);
#4102 = VERTEX_POINT('',#4103);
#4103 = CARTESIAN_POINT('',(3.,-7.431709E-09,13.849307361945));
#4104 = LINE('',#4105,#4106);
#4105 = CARTESIAN_POINT('',(3.,0.,10.));
#4106 = VECTOR('',#4107,1.);
#4107 = DIRECTION('',(0.,0.,1.));
#4108 = ORIENTED_EDGE('',*,*,#3674,.F.);
#4109 = ORIENTED_EDGE('',*,*,#4110,.F.);
#4110 = EDGE_CURVE('',#4111,#3675,#4113,.T.);
#4111 = VERTEX_POINT('',#4112);
#4112 = CARTESIAN_POINT('',(3.,-1.346986E-09,13.358624982959));
#4113 = B_SPLINE_CURVE_WITH_KNOTS('',7,(#4114,#4115,#4116,#4117,#4118,
    #4119,#4120,#4121,#4122,#4123,#4124,#4125,#4126,#4127,#4128,#4129,
    #4130,#4131,#4132,#4133,#4134,#4135,#4136,#4137,#4138,#4139,#4140,
    #4141,#4142,#4143,#4144,#4145,#4146,#4147,#4148,#4149,#4150,#4151,
    #4152,#4153,#4154,#4155,#4156,#4157,#4158,#4159,#4160,#4161,#4162,
    #4163,#4164,#4165,#4166,#4167,#4168,#4169,#4170,#4171,#4172,#4173,
    #4174,#4175),.UNSPECIFIED.,.F.,.F.,(8,6,6,6,6,6,6,6,6,6,8),(0.,
    5.172073742558E-02,0.156557318566,0.252379234834,0.310591448124,
    0.439214154962,0.585369018165,0.730895012479,0.854028720036,
    0.914353049317,1.),.UNSPECIFIED.);
#4114 = CARTESIAN_POINT('',(3.,-2.69401745E-09,13.358624982959));
#4115 = CARTESIAN_POINT('',(2.999999994141,0.119090615235,
    13.363363423608));
#4116 = CARTESIAN_POINT('',(2.994484479715,0.238182339643,
    13.368102791134));
#4117 = CARTESIAN_POINT('',(2.983453546201,0.356966668878,
    13.372842324137));
#4118 = CARTESIAN_POINT('',(2.966928494321,0.475137405143,
    13.377581677815));
#4119 = CARTESIAN_POINT('',(2.94495176672,0.592391083589,13.382320762879
    ));
#4120 = CARTESIAN_POINT('',(2.917586878655,0.708427401422,
    13.387059584479));
#4121 = CARTESIAN_POINT('',(2.818700093388,1.055083241543,
    13.401402889802));
#4122 = CARTESIAN_POINT('',(2.73067899643,1.28103954543,13.411008133657)
  );
#4123 = CARTESIAN_POINT('',(2.62156296619,1.498289985267,13.420611440872
    ));
#4124 = CARTESIAN_POINT('',(2.492416877878,1.704500928328,
    13.430214280536));
#4125 = CARTESIAN_POINT('',(2.344594716741,1.897510407464,13.43981860994
    ));
#4126 = CARTESIAN_POINT('',(2.179731064961,2.075341742985,13.4494245906)
  );
#4127 = CARTESIAN_POINT('',(1.835325366121,2.383329887006,13.46780826153
    ));
#4128 = CARTESIAN_POINT('',(1.658219960084,2.516311115356,
    13.476588474057));
#4129 = CARTESIAN_POINT('',(1.469958273056,2.633861825592,
    13.485368108464));
#4130 = CARTESIAN_POINT('',(1.272162619454,2.734887144436,
    13.494147237808));
#4131 = CARTESIAN_POINT('',(1.066567578989,2.818501130702,
    13.502926685392));
#4132 = CARTESIAN_POINT('',(0.855011193432,2.884031270567,
    13.511706708862));
#4133 = CARTESIAN_POINT('',(0.508487398989,2.959629479868,
    13.525818802248));
#4134 = CARTESIAN_POINT('',(0.376038640185,2.981373416094,
    13.531152047062));
#4135 = CARTESIAN_POINT('',(0.242529115628,2.996197666891,
    13.536485198116));
#4136 = CARTESIAN_POINT('',(0.108392573851,3.004042591132,
    13.541818296618));
#4137 = CARTESIAN_POINT('',(-2.593483669184E-02,3.004882678526,
    13.547151439959));
#4138 = CARTESIAN_POINT('',(-0.160015374566,2.998726596079,
    13.552484667012));
#4139 = CARTESIAN_POINT('',(-0.588153534809,2.956651464855,
    13.569601755203));
#4140 = CARTESIAN_POINT('',(-0.879670682843,2.893727660971,
    13.581390235042));
#4141 = CARTESIAN_POINT('',(-1.163065738337,2.79728329152,13.59317534179
    ));
#4142 = CARTESIAN_POINT('',(-1.433778035966,2.668669348052,
    13.604959434437));
#4143 = CARTESIAN_POINT('',(-1.687563769292,2.509902158612,
    13.616744746291));
#4144 = CARTESIAN_POINT('',(-1.920494738756,2.323663555908,
    13.628533394338));
#4145 = CARTESIAN_POINT('',(-2.366222307622,1.874632124631,
    13.65370745309));
#4146 = CARTESIAN_POINT('',(-2.57219431359,1.604614600319,
    13.667105499197));
#4147 = CARTESIAN_POINT('',(-2.741846736428,1.308536602867,
    13.680496059502));
#4148 = CARTESIAN_POINT('',(-2.871459166223,0.992327511594,
    13.693884449406));
#4149 = CARTESIAN_POINT('',(-2.958421424146,0.662355183062,
    13.707274936795));
#4150 = CARTESIAN_POINT('',(-3.001221926712,0.325454442974,
    13.720672918604));
#4151 = CARTESIAN_POINT('',(-2.998742533134,-0.346156552236,
    13.747395682442));
#4152 = CARTESIAN_POINT('',(-2.953839335304,-0.681281023981,
    13.760736900484));
#4153 = CARTESIAN_POINT('',(-2.865206939532,-1.00924531297,
    13.774071830937));
#4154 = CARTESIAN_POINT('',(-2.734379317871,-1.323312724876,
    13.78740497688));
#4155 = CARTESIAN_POINT('',(-2.563969023592,-1.617211617171,
    13.800739824022));
#4156 = CARTESIAN_POINT('',(-2.357678255823,-1.885108579567,
    13.814080953448));
#4157 = CARTESIAN_POINT('',(-1.920121496658,-2.322395156703,
    13.838694611864));
#4158 = CARTESIAN_POINT('',(-1.697416052891,-2.50076621674,
    13.84997886499));
#4159 = CARTESIAN_POINT('',(-1.455567623758,-2.65402538138,
    13.861260273102));
#4160 = CARTESIAN_POINT('',(-1.198000131751,-2.779806470822,
    13.872540004029));
#4161 = CARTESIAN_POINT('',(-0.928428161903,-2.876295297862,
    13.88382154341));
#4162 = CARTESIAN_POINT('',(-0.650822755691,-2.94224665354,
    13.895105905592));
#4163 = CARTESIAN_POINT('',(-0.231613952423,-2.994269261428,
    13.911913600621));
#4164 = CARTESIAN_POINT('',(-9.284396092991E-02,-3.003929472443,
    13.91744041934));
#4165 = CARTESIAN_POINT('',(4.63655984992E-02,-3.006083728207,
    13.922967200607));
#4166 = CARTESIAN_POINT('',(0.185527840058,-3.000711340163,
    13.928493954963));
#4167 = CARTESIAN_POINT('',(0.324156932583,-2.987831072737,
    13.934020754672));
#4168 = CARTESIAN_POINT('',(0.461769072754,-2.967501095435,
    13.939547603629));
#4169 = CARTESIAN_POINT('',(0.79113520607,-2.900516506523,
    13.952920980761));
#4170 = CARTESIAN_POINT('',(0.981387281041,-2.846390256055,
    13.960768145939));
#4171 = CARTESIAN_POINT('',(1.167249097664,-2.777718990607,
    13.968614746335));
#4172 = CARTESIAN_POINT('',(1.347395361707,-2.694943229249,
    13.97646093391));
#4173 = CARTESIAN_POINT('',(1.520562232294,-2.598643689578,
    13.984307317136));
#4174 = CARTESIAN_POINT('',(1.685552257434,-2.489539022668,
    13.99215416972));
#4175 = CARTESIAN_POINT('',(1.841248083051,-2.368502796422,14.0000006));
#4176 = ORIENTED_EDGE('',*,*,#4177,.F.);
#4177 = EDGE_CURVE('',#4178,#4111,#4180,.T.);
#4178 = VERTEX_POINT('',#4179);
#4179 = CARTESIAN_POINT('',(3.,-7.432362E-09,13.09930607362));
#4180 = LINE('',#4181,#4182);
#4181 = CARTESIAN_POINT('',(3.,0.,10.));
#4182 = VECTOR('',#4183,1.);
#4183 = DIRECTION('',(0.,0.,1.));
#4184 = ORIENTED_EDGE('',*,*,#4185,.T.);
#4185 = EDGE_CURVE('',#4178,#4102,#4186,.T.);
#4186 = B_SPLINE_CURVE_WITH_KNOTS('',7,(#4187,#4188,#4189,#4190,#4191,
    #4192,#4193,#4194,#4195,#4196,#4197,#4198,#4199,#4200,#4201,#4202,
    #4203,#4204,#4205,#4206,#4207,#4208,#4209,#4210,#4211,#4212,#4213,
    #4214,#4215,#4216,#4217,#4218,#4219,#4220,#4221,#4222,#4223,#4224,
    #4225,#4226,#4227,#4228,#4229,#4230,#4231,#4232,#4233,#4234,#4235,
    #4236,#4237,#4238,#4239,#4240,#4241,#4242,#4243,#4244,#4245,#4246,
    #4247,#4248,#4249,#4250,#4251,#4252,#4253,#4254,#4255,#4256,#4257,
    #4258,#4259,#4260,#4261,#4262,#4263,#4264,#4265,#4266,#4267,#4268,
    #4269,#4270,#4271,#4272),.UNSPECIFIED.,.F.,.F.,(8,6,6,6,6,6,6,6,6,6,
    6,6,6,6,8),(0.,4.336286482422E-02,0.133367918017,0.20536494146,
    0.258460434307,0.372807334817,0.484587575487,0.50247595289,
    0.574478381804,0.623480872832,0.721105627394,0.77623424853,
    0.867170079555,0.954617736218,1.),.UNSPECIFIED.);
#4187 = CARTESIAN_POINT('',(3.,-4.4E-16,13.099306074212));
#4188 = CARTESIAN_POINT('',(3.,0.11676059996,13.103951942191));
#4189 = CARTESIAN_POINT('',(2.994698194149,0.233522295759,
    13.108597130421));
#4190 = CARTESIAN_POINT('',(2.984094667961,0.349994338691,13.11324210984
    ));
#4191 = CARTESIAN_POINT('',(2.968209104042,0.465888107194,13.11788718209
    ));
#4192 = CARTESIAN_POINT('',(2.947080725283,0.580917479855,
    13.122532498521));
#4193 = CARTESIAN_POINT('',(2.920768238053,0.694799208409,
    13.127178079198));
#4194 = CARTESIAN_POINT('',(2.824136823859,1.040665813232,
    13.141466673098));
#4195 = CARTESIAN_POINT('',(2.736914093406,1.267971753161,13.15111204949
    ));
#4196 = CARTESIAN_POINT('',(2.628384074347,1.486608017747,
    13.160756844271));
#4197 = CARTESIAN_POINT('',(2.499613088756,1.694208019681,
    13.170400590477));
#4198 = CARTESIAN_POINT('',(2.351961757082,1.888578099392,
    13.180044438642));
#4199 = CARTESIAN_POINT('',(2.187076441995,2.067711473677,
    13.189689123136));
#4200 = CARTESIAN_POINT('',(1.862847899403,2.359529656591,13.20704541841
    ));
#4201 = CARTESIAN_POINT('',(1.708966607847,2.478365313759,13.21475928507
    ));
#4202 = CARTESIAN_POINT('',(1.54629621871,2.585443312684,13.222472690961
    ));
#4203 = CARTESIAN_POINT('',(1.375920398762,2.679998535919,
    13.230185882045));
#4204 = CARTESIAN_POINT('',(1.198994444055,2.761389825321,
    13.237899414878));
#4205 = CARTESIAN_POINT('',(1.016740934647,2.829102389392,
    13.245613432314));
#4206 = CARTESIAN_POINT('',(0.693074510319,2.922342771959,
    13.259015485017));
#4207 = CARTESIAN_POINT('',(0.553491192347,2.954281112982,
    13.264704136386));
#4208 = CARTESIAN_POINT('',(0.412219125412,2.978434045122,
    13.270392733776));
#4209 = CARTESIAN_POINT('',(0.269779438431,2.994697487069,
    13.276081285983));
#4210 = CARTESIAN_POINT('',(0.126698848071,3.00301129435,13.281769873666
    ));
#4211 = CARTESIAN_POINT('',(-1.649146073178E-02,3.003359388816,
    13.287458505583));
#4212 = CARTESIAN_POINT('',(-0.466717923372,2.979425075484,
    13.305397710099));
#4213 = CARTESIAN_POINT('',(-0.772355995413,2.926258237547,
    13.31765355996));
#4214 = CARTESIAN_POINT('',(-1.070634275349,2.836508987065,
    13.329904702085));
#4215 = CARTESIAN_POINT('',(-1.356372884294,2.711511288928,
    13.34215419521));
#4216 = CARTESIAN_POINT('',(-1.624737127253,2.553380172641,
    13.354405178223));
#4217 = CARTESIAN_POINT('',(-1.871231619054,2.365014071,13.366660927747)
  );
#4218 = CARTESIAN_POINT('',(-2.307659090914,1.9404383091,13.390887516245
    ));
#4219 = CARTESIAN_POINT('',(-2.498915638635,1.70522420544,
    13.402868469981));
#4220 = CARTESIAN_POINT('',(-2.66195521948,1.448242748199,
    13.414845930334));
#4221 = CARTESIAN_POINT('',(-2.793935394844,1.173600310631,
    13.426822325659));
#4222 = CARTESIAN_POINT('',(-2.8927204563,0.885741135214,13.438799946214
    ));
#4223 = CARTESIAN_POINT('',(-2.956880073668,0.589450219158,
    13.450781187597));
#4224 = CARTESIAN_POINT('',(-2.990616735363,0.241933044685,
    13.464673801903));
#4225 = CARTESIAN_POINT('',(-2.994372841259,0.193904259772,
    13.466590341865));
#4226 = CARTESIAN_POINT('',(-2.99722896423,0.1458084916,13.468506871491)
  );
#4227 = CARTESIAN_POINT('',(-2.999183711744,9.76659822363E-02,
    13.470423390284));
#4228 = CARTESIAN_POINT('',(-3.000236261175,4.949699373292E-02,
    13.472339898033));
#4229 = CARTESIAN_POINT('',(-3.0003863598,1.32180812271E-03,
    13.474256394812));
#4230 = CARTESIAN_POINT('',(-2.996607312063,-0.240692225905,
    13.483886920974));
#4231 = CARTESIAN_POINT('',(-2.978964241565,-0.434330554274,
    13.49160132572));
#4232 = CARTESIAN_POINT('',(-2.946722598569,-0.626407613362,
    13.499315176169));
#4233 = CARTESIAN_POINT('',(-2.900059230154,-0.815608379051,
    13.507028671708));
#4234 = CARTESIAN_POINT('',(-2.839290606329,-1.000649702037,
    13.51474237681));
#4235 = CARTESIAN_POINT('',(-2.764871627679,-1.180285137885,
    13.522456490008));
#4236 = CARTESIAN_POINT('',(-2.617891492813,-1.471072359706,
    13.535419789125));
#4237 = CARTESIAN_POINT('',(-2.552326578624,-1.585777822525,
    13.540669549986));
#4238 = CARTESIAN_POINT('',(-2.480907961906,-1.697055798438,
    13.545919300322));
#4239 = CARTESIAN_POINT('',(-2.4038521251,-1.804549156264,
    13.551169072237));
#4240 = CARTESIAN_POINT('',(-2.321401875387,-1.907919179488,
    13.556418943882));
#4241 = CARTESIAN_POINT('',(-2.233825911875,-2.006846169535,
    13.561668935904));
#4242 = CARTESIAN_POINT('',(-1.957320376966,-2.288667002338,
    13.577378115507));
#4243 = CARTESIAN_POINT('',(-1.753997429203,-2.457528212495,
    13.587839951589));
#4244 = CARTESIAN_POINT('',(-1.533821880481,-2.605165650612,
    13.598300199815));
#4245 = CARTESIAN_POINT('',(-1.299472913701,-2.729627782703,
    13.60875932245));
#4246 = CARTESIAN_POINT('',(-1.053859929653,-2.829369410562,
    13.61921942161));
#4247 = CARTESIAN_POINT('',(-0.800100114284,-2.903263606095,
    13.629681104338));
#4248 = CARTESIAN_POINT('',(-0.395547280714,-2.977511920821,
    13.646046523588));
#4249 = CARTESIAN_POINT('',(-0.247994079525,-2.995880092828,
    13.651952892314));
#4250 = CARTESIAN_POINT('',(-9.948034493904E-02,-3.005712390592,
    13.657859123522));
#4251 = CARTESIAN_POINT('',(4.940165482015E-02,-3.006952407037,
    13.663765278159));
#4252 = CARTESIAN_POINT('',(0.19805852438,-2.999595203566,
    13.669671517556));
#4253 = CARTESIAN_POINT('',(0.345897141044,-2.98368732108,
    13.675577908697));
#4254 = CARTESIAN_POINT('',(0.733863656455,-2.91914357943,
    13.691226831034));
#4255 = CARTESIAN_POINT('',(0.971617696572,-2.855953355185,
    13.700971312784));
#4256 = CARTESIAN_POINT('',(1.202880337687,-2.770192486224,
    13.710714803781));
#4257 = CARTESIAN_POINT('',(1.425108125777,-2.662696822775,
    13.720457793908));
#4258 = CARTESIAN_POINT('',(1.635904490245,-2.534625624674,
    13.730201653446));
#4259 = CARTESIAN_POINT('',(1.833035295385,-2.387454035687,
    13.739946442825));
#4260 = CARTESIAN_POINT('',(2.188959717719,-2.064921098069,
    13.759057870616));
#4261 = CARTESIAN_POINT('',(2.348989980376,-1.89080678879,
    13.768427621956));
#4262 = CARTESIAN_POINT('',(2.492757561471,-1.702317018257,
    13.777795733605));
#4263 = CARTESIAN_POINT('',(2.618750201846,-1.501289795257,
    13.787162405348));
#4264 = CARTESIAN_POINT('',(2.72571054501,-1.28973116285,13.796529512466
    ));
#4265 = CARTESIAN_POINT('',(2.8126436643,-1.069803383914,13.805898531484
    ));
#4266 = CARTESIAN_POINT('',(2.913247687383,-0.726581208119,
    13.820129588163));
#4267 = CARTESIAN_POINT('',(2.942047473716,-0.607682252151,
    13.824992137631));
#4268 = CARTESIAN_POINT('',(2.965181302924,-0.487468614341,
    13.829855029389));
#4269 = CARTESIAN_POINT('',(2.982578783876,-0.366264400387,
    13.834718283418));
#4270 = CARTESIAN_POINT('',(2.994192883235,-0.244397290737,
    13.839581799246));
#4271 = CARTESIAN_POINT('',(2.999999993328,-0.122198046418,
    13.844445147583));
#4272 = CARTESIAN_POINT('',(3.,-1.48634185E-08,13.849307361945));
#4273 = CYLINDRICAL_SURFACE('',#4274,3.);
#4274 = AXIS2_PLACEMENT_3D('',#4275,#4276,#4277);
#4275 = CARTESIAN_POINT('',(0.,0.,10.));
#4276 = DIRECTION('',(-0.,-0.,-1.));
#4277 = DIRECTION('',(1.,0.,0.));
#4278 = ADVANCED_FACE('',(#4279),#4320,.F.);
#4279 = FACE_BOUND('',#4280,.F.);
#4280 = EDGE_LOOP('',(#4281,#4282,#4289,#4319));
#4281 = ORIENTED_EDGE('',*,*,#4110,.F.);
#4282 = ORIENTED_EDGE('',*,*,#4283,.T.);
#4283 = EDGE_CURVE('',#4111,#4284,#4286,.T.);
#4284 = VERTEX_POINT('',#4285);
#4285 = CARTESIAN_POINT('',(2.672878414016,-2.44208335E-07,
    13.60396795965));
#4286 = B_SPLINE_CURVE_WITH_KNOTS('',1,(#4287,#4288),.UNSPECIFIED.,.F.,
  .F.,(2,2),(0.,0.5),.PIECEWISE_BEZIER_KNOTS.);
#4287 = CARTESIAN_POINT('',(3.072877365039,5.111148615E-08,
    13.30396656102));
#4288 = CARTESIAN_POINT('',(2.672878414016,-2.442082907E-07,
    13.60396795965));
#4289 = ORIENTED_EDGE('',*,*,#4290,.T.);
#4290 = EDGE_CURVE('',#4284,#3695,#4291,.T.);
#4291 = B_SPLINE_CURVE_WITH_KNOTS('',8,(#4292,#4293,#4294,#4295,#4296,
    #4297,#4298,#4299,#4300,#4301,#4302,#4303,#4304,#4305,#4306,#4307,
    #4308,#4309,#4310,#4311,#4312,#4313,#4314,#4315,#4316,#4317,#4318),
  .UNSPECIFIED.,.F.,.F.,(9,6,6,6,9),(0.,1.581947328539,3.163894657078,
    4.745841985618,6.327789314157),.UNSPECIFIED.);
#4292 = CARTESIAN_POINT('',(2.672878414016,-2.44208336E-07,
    13.60396795965));
#4293 = CARTESIAN_POINT('',(2.672878024974,0.524831936576,13.62740505581
    ));
#4294 = CARTESIAN_POINT('',(2.555128513117,1.04961548997,13.65083992785)
  );
#4295 = CARTESIAN_POINT('',(2.319572596907,1.543623621192,
    13.674281513509));
#4296 = CARTESIAN_POINT('',(1.975932899184,1.975956568517,
    13.697718457126));
#4297 = CARTESIAN_POINT('',(1.543617316413,2.319570035551,
    13.721155297149));
#4298 = CARTESIAN_POINT('',(1.049637963115,2.555107935869,
    13.744592279828));
#4299 = CARTESIAN_POINT('',(6.64037403639E-06,2.790646109998,
    13.791467025147));
#4300 = CARTESIAN_POINT('',(-1.04963732321,2.555109628976,13.83834258272
    ));
#4301 = CARTESIAN_POINT('',(-1.543629214035,2.319572280485,
    13.861780413292));
#4302 = CARTESIAN_POINT('',(-1.975954450474,1.975947412371,
    13.885217748581));
#4303 = CARTESIAN_POINT('',(-2.31957265169,1.54362418009,13.908654918336
    ));
#4304 = CARTESIAN_POINT('',(-2.555107106136,1.049638202628,
    13.932092380717));
#4305 = CARTESIAN_POINT('',(-2.790642037382,2.5642434381E-07,
    13.978967490838));
#4306 = CARTESIAN_POINT('',(-2.555107527289,-1.049637784284,
    14.02584260096));
#4307 = CARTESIAN_POINT('',(-2.319573113443,-1.543623893407,
    14.049280063341));
#4308 = CARTESIAN_POINT('',(-1.975954078046,-1.9759469293,
    14.072717233095));
#4309 = CARTESIAN_POINT('',(-1.543629231069,-2.319571149831,
    14.096154568384));
#4310 = CARTESIAN_POINT('',(-1.049637700889,-2.555109284918,
    14.119592398957));
#4311 = CARTESIAN_POINT('',(6.15094396758E-06,-2.79064709277,
    14.166467956529));
#4312 = CARTESIAN_POINT('',(1.049637585436,-2.555108587821,
    14.213342701848));
#4313 = CARTESIAN_POINT('',(1.543616909113,-2.319570395364,
    14.236779684522));
#4314 = CARTESIAN_POINT('',(1.97593163357,-1.975952454797,
    14.260216524565));
#4315 = CARTESIAN_POINT('',(2.319568453595,-1.543626392571,
    14.28365346815));
#4316 = CARTESIAN_POINT('',(2.555133837911,-1.049616117287,
    14.307095053834));
#4317 = CARTESIAN_POINT('',(2.67287779581,-0.524832387686,
    14.330529925867));
#4318 = CARTESIAN_POINT('',(2.672877399445,-2.0690143709E-07,
    14.353967022026));
#4319 = ORIENTED_EDGE('',*,*,#3726,.T.);
#4320 = B_SPLINE_SURFACE_WITH_KNOTS('',1,8,(
    (#4321,#4322,#4323,#4324,#4325,#4326,#4327,#4328,#4329,#4330,#4331
      ,#4332,#4333,#4334,#4335,#4336,#4337,#4338,#4339,#4340,#4341,#4342
      ,#4343,#4344,#4345,#4346,#4347)
    ,(#4348,#4349,#4350,#4351,#4352,#4353,#4354,#4355,#4356,#4357,#4358
      ,#4359,#4360,#4361,#4362,#4363,#4364,#4365,#4366,#4367,#4368,#4369
      ,#4370,#4371,#4372,#4373,#4374
    )),.UNSPECIFIED.,.F.,.F.,.F.,(2,2),(9,6,6,6,9),(0.,0.5),(0.,
    1.581947328539,3.163894657078,4.745841985618,6.327789314157),
  .UNSPECIFIED.);
#4321 = CARTESIAN_POINT('',(3.072877365039,5.111144175E-08,
    13.30396656102));
#4322 = CARTESIAN_POINT('',(3.072877288383,0.603355014312,
    13.327404150989));
#4323 = CARTESIAN_POINT('',(2.937513432806,1.20671494455,13.350842236455
    ));
#4324 = CARTESIAN_POINT('',(2.666678612589,1.774633620835,
    13.374278826235));
#4325 = CARTESIAN_POINT('',(2.271644973129,2.271649736471,
    13.397716450194));
#4326 = CARTESIAN_POINT('',(1.774622007393,2.666698645964,
    13.421154097221));
#4327 = CARTESIAN_POINT('',(1.206717573206,2.93748332086,13.444591712473
    ));
#4328 = CARTESIAN_POINT('',(6.11912712946E-06,3.208270116574,
    13.491466769211));
#4329 = CARTESIAN_POINT('',(-1.20671598286,2.937484718114,
    13.538341644994));
#4330 = CARTESIAN_POINT('',(-1.774632328634,2.666699185335,
    13.561779071347));
#4331 = CARTESIAN_POINT('',(-2.271658651309,2.271651666491,
    13.585216608043));
#4332 = CARTESIAN_POINT('',(-2.666701301007,1.774626471959,
    13.608654181616));
#4333 = CARTESIAN_POINT('',(-2.937482952788,1.206715012872,
    13.632091689997));
#4334 = CARTESIAN_POINT('',(-3.20826516308,-4.583332027E-08,
    13.678966665463));
#4335 = CARTESIAN_POINT('',(-2.937482953111,-1.206715104611,
    13.72584164093));
#4336 = CARTESIAN_POINT('',(-2.666701277453,-1.774626569436,
    13.749279149311));
#4337 = CARTESIAN_POINT('',(-2.271658474258,-2.27165171311,
    13.772716722884));
#4338 = CARTESIAN_POINT('',(-1.774632190047,-2.666699106907,
    13.796154259579));
#4339 = CARTESIAN_POINT('',(-1.206715884921,-2.937484729545,
    13.819591685933));
#4340 = CARTESIAN_POINT('',(6.2143644223E-06,-3.208270266409,
    13.866466561715));
#4341 = CARTESIAN_POINT('',(1.206717671145,-2.93748335637,
    13.913341618454));
#4342 = CARTESIAN_POINT('',(1.77462208648,-2.666698606866,
    13.936779233704));
#4343 = CARTESIAN_POINT('',(2.271644900436,-2.271648989012,
    13.960216880735));
#4344 = CARTESIAN_POINT('',(2.666678074847,-1.774633902189,
    13.983654504689));
#4345 = CARTESIAN_POINT('',(2.937514308531,-1.206714884668,
    14.007091094472));
#4346 = CARTESIAN_POINT('',(3.072877285381,-0.603354920401,
    14.030529179938));
#4347 = CARTESIAN_POINT('',(3.072877210356,4.280011234E-08,
    14.053966769907));
#4348 = CARTESIAN_POINT('',(2.672878414016,-2.44208336E-07,
    13.60396795965));
#4349 = CARTESIAN_POINT('',(2.672878024974,0.524831936576,13.62740505581
    ));
#4350 = CARTESIAN_POINT('',(2.555128513117,1.04961548997,13.65083992785)
  );
#4351 = CARTESIAN_POINT('',(2.319572596907,1.543623621192,
    13.674281513509));
#4352 = CARTESIAN_POINT('',(1.975932899184,1.975956568517,
    13.697718457126));
#4353 = CARTESIAN_POINT('',(1.543617316413,2.319570035551,
    13.721155297149));
#4354 = CARTESIAN_POINT('',(1.049637963115,2.555107935869,
    13.744592279828));
#4355 = CARTESIAN_POINT('',(6.64037403639E-06,2.790646109998,
    13.791467025147));
#4356 = CARTESIAN_POINT('',(-1.04963732321,2.555109628976,13.83834258272
    ));
#4357 = CARTESIAN_POINT('',(-1.543629214035,2.319572280485,
    13.861780413292));
#4358 = CARTESIAN_POINT('',(-1.975954450474,1.975947412371,
    13.885217748581));
#4359 = CARTESIAN_POINT('',(-2.31957265169,1.54362418009,13.908654918336
    ));
#4360 = CARTESIAN_POINT('',(-2.555107106136,1.049638202628,
    13.932092380717));
#4361 = CARTESIAN_POINT('',(-2.790642037382,2.5642434381E-07,
    13.978967490838));
#4362 = CARTESIAN_POINT('',(-2.555107527289,-1.049637784284,
    14.02584260096));
#4363 = CARTESIAN_POINT('',(-2.319573113443,-1.543623893407,
    14.049280063341));
#4364 = CARTESIAN_POINT('',(-1.975954078046,-1.9759469293,
    14.072717233095));
#4365 = CARTESIAN_POINT('',(-1.543629231069,-2.319571149831,
    14.096154568384));
#4366 = CARTESIAN_POINT('',(-1.049637700889,-2.555109284918,
    14.119592398957));
#4367 = CARTESIAN_POINT('',(6.15094396758E-06,-2.79064709277,
    14.166467956529));
#4368 = CARTESIAN_POINT('',(1.049637585436,-2.555108587821,
    14.213342701848));
#4369 = CARTESIAN_POINT('',(1.543616909113,-2.319570395364,
    14.236779684522));
#4370 = CARTESIAN_POINT('',(1.97593163357,-1.975952454797,
    14.260216524565));
#4371 = CARTESIAN_POINT('',(2.319568453595,-1.543626392571,
    14.28365346815));
#4372 = CARTESIAN_POINT('',(2.555133837911,-1.049616117287,
    14.307095053834));
#4373 = CARTESIAN_POINT('',(2.67287779581,-0.524832387686,
    14.330529925867));
#4374 = CARTESIAN_POINT('',(2.672877399445,-2.0690143709E-07,
    14.353967022026));
#4375 = ADVANCED_FACE('',(#4376),#4405,.F.);
#4376 = FACE_BOUND('',#4377,.F.);
#4377 = EDGE_LOOP('',(#4378,#4379,#4384,#4404));
#4378 = ORIENTED_EDGE('',*,*,#4290,.F.);
#4379 = ORIENTED_EDGE('',*,*,#4380,.T.);
#4380 = EDGE_CURVE('',#4284,#4102,#4381,.T.);
#4381 = B_SPLINE_CURVE_WITH_KNOTS('',1,(#4382,#4383),.UNSPECIFIED.,.F.,
  .F.,(2,2),(0.,0.5),.PIECEWISE_BEZIER_KNOTS.);
#4382 = CARTESIAN_POINT('',(2.672878414016,-2.4420829059E-07,
    13.60396795965));
#4383 = CARTESIAN_POINT('',(3.072879462987,3.623235802E-08,
    13.903966561016));
#4384 = ORIENTED_EDGE('',*,*,#4385,.T.);
#4385 = EDGE_CURVE('',#4102,#3686,#4386,.T.);
#4386 = B_SPLINE_CURVE_WITH_KNOTS('',6,(#4387,#4388,#4389,#4390,#4391,
    #4392,#4393,#4394,#4395,#4396,#4397,#4398,#4399,#4400,#4401,#4402,
    #4403),.UNSPECIFIED.,.F.,.F.,(7,5,5,7),(0.,0.215812651506,
    0.663758039231,1.),.UNSPECIFIED.);
#4387 = CARTESIAN_POINT('',(3.,-3.E-17,13.849307362536));
#4388 = CARTESIAN_POINT('',(3.,0.136220676885,13.854727540928));
#4389 = CARTESIAN_POINT('',(2.992577474322,0.272442887946,
    13.860146767666));
#4390 = CARTESIAN_POINT('',(2.977732572617,0.408157823201,
    13.865565866896));
#4391 = CARTESIAN_POINT('',(2.95551117105,0.542861636012,13.870985267738
    ));
#4392 = CARTESIAN_POINT('',(2.926004673479,0.676056748579,
    13.876405070801));
#4393 = CARTESIAN_POINT('',(2.813268194003,1.079567249407,
    13.893075074571));
#4394 = CARTESIAN_POINT('',(2.706373002518,1.343332159602,
    13.904328583693));
#4395 = CARTESIAN_POINT('',(2.569893588942,1.594062501897,
    13.915580187705));
#4396 = CARTESIAN_POINT('',(2.405908238162,1.827731398817,
    13.926830615137));
#4397 = CARTESIAN_POINT('',(2.217100804999,2.04068796063,13.938083164276
    ));
#4398 = CARTESIAN_POINT('',(1.849193987991,2.371819025287,13.95777762358
    ));
#4399 = CARTESIAN_POINT('',(1.679380097958,2.500417759998,
    13.966222516123));
#4400 = CARTESIAN_POINT('',(1.498943670979,2.614330845936,
    13.974666705964));
#4401 = CARTESIAN_POINT('',(1.309481324319,2.712501633052,13.98311098608
    ));
#4402 = CARTESIAN_POINT('',(1.112711551387,2.794086047373,
    13.991556018994));
#4403 = CARTESIAN_POINT('',(0.910486754017,2.858498534329,14.0000006));
#4404 = ORIENTED_EDGE('',*,*,#3694,.T.);
#4405 = B_SPLINE_SURFACE_WITH_KNOTS('',1,9,(
    (#4406,#4407,#4408,#4409,#4410,#4411,#4412,#4413,#4414,#4415,#4416
      ,#4417,#4418,#4419,#4420,#4421,#4422,#4423,#4424,#4425,#4426,#4427
      ,#4428,#4429,#4430,#4431,#4432,#4433,#4434,#4435,#4436)
    ,(#4437,#4438,#4439,#4440,#4441,#4442,#4443,#4444,#4445,#4446,#4447
      ,#4448,#4449,#4450,#4451,#4452,#4453,#4454,#4455,#4456,#4457,#4458
      ,#4459,#4460,#4461,#4462,#4463,#4464,#4465,#4466,#4467
  )),.UNSPECIFIED.,.F.,.F.,.F.,(2,2),(10,7,7,7,10),(0.,0.5),(0.,
    1.581947328539,3.163894657078,4.745841985618,6.327789314157),
  .UNSPECIFIED.);
#4406 = CARTESIAN_POINT('',(2.672878414016,-2.4420833578E-07,
    13.60396795965));
#4407 = CARTESIAN_POINT('',(2.6728780682,0.466517249822,13.624800934015)
  );
#4408 = CARTESIAN_POINT('',(2.581295071308,0.932996922549,
    13.645632178508));
#4409 = CARTESIAN_POINT('',(2.398091235644,1.378954244118,
    13.666467651622));
#4410 = CARTESIAN_POINT('',(2.128661653728,1.783808591928,
    13.687302037741));
#4411 = CARTESIAN_POINT('',(1.783792640174,2.128673664977,
    13.708134830469));
#4412 = CARTESIAN_POINT('',(1.37895753198,2.39808266899,13.728967624709)
  );
#4413 = CARTESIAN_POINT('',(0.933012260588,2.581278844105,
    13.749800584864));
#4414 = CARTESIAN_POINT('',(5.93810494409E-06,2.764475295823,
    13.791467070273));
#4415 = CARTESIAN_POINT('',(-0.933010216145,2.581280349089,
    13.833134187435));
#4416 = CARTESIAN_POINT('',(-1.378965250427,2.398084729982,
    13.853967803102));
#4417 = CARTESIAN_POINT('',(-1.783809900946,2.128669575977,
    13.87480115512));
#4418 = CARTESIAN_POINT('',(-2.128673651015,1.783803753579,
    13.895634268472));
#4419 = CARTESIAN_POINT('',(-2.398084136505,1.378962187603,
    13.916467405796));
#4420 = CARTESIAN_POINT('',(-2.581277654052,0.933011764161,
    13.937300726286));
#4421 = CARTESIAN_POINT('',(-2.764471512863,2.5117410805E-07,
    13.978967490838));
#4422 = CARTESIAN_POINT('',(-2.581278028411,-0.933011335317,
    14.020634255391));
#4423 = CARTESIAN_POINT('',(-2.398084584725,-1.378961857033,
    14.04146757588));
#4424 = CARTESIAN_POINT('',(-2.128673649334,-1.783803357793,
    14.062300713205));
#4425 = CARTESIAN_POINT('',(-1.783809701612,-2.128668805091,
    14.083133826556));
#4426 = CARTESIAN_POINT('',(-1.378965387676,-2.398083861527,
    14.103967178575));
#4427 = CARTESIAN_POINT('',(-0.933010606241,-2.581280152457,
    14.124800794242));
#4428 = CARTESIAN_POINT('',(5.46109163328E-06,-2.764476186504,
    14.166467911403));
#4429 = CARTESIAN_POINT('',(0.933011870493,-2.581279532815,
    14.208134396813));
#4430 = CARTESIAN_POINT('',(1.378957341238,-2.398083804156,14.228967357)
  );
#4431 = CARTESIAN_POINT('',(1.783791224562,-2.128669796133,
    14.249800151121));
#4432 = CARTESIAN_POINT('',(2.128659640608,-1.783809281613,
    14.270632944028));
#4433 = CARTESIAN_POINT('',(2.398090041684,-1.378955622836,
    14.29146733001));
#4434 = CARTESIAN_POINT('',(2.581299161889,-0.932997510709,
    14.312302803175));
#4435 = CARTESIAN_POINT('',(2.67287775177,-0.466517700932,
    14.333134047662));
#4436 = CARTESIAN_POINT('',(2.672877399445,-2.0690143721E-07,
    14.353967022026));
#4437 = CARTESIAN_POINT('',(3.072879462987,3.623231359E-08,
    13.903966561016));
#4438 = CARTESIAN_POINT('',(3.072878739031,0.536315775114,
    13.924799974324));
#4439 = CARTESIAN_POINT('',(2.967591890066,1.072635248633,13.94563377303
    ));
#4440 = CARTESIAN_POINT('',(2.756958643916,1.585326620709,
    13.966466629632));
#4441 = CARTESIAN_POINT('',(2.447218376942,2.05075569698,13.987299728428
    ));
#4442 = CARTESIAN_POINT('',(2.050747160217,2.447230062211,
    14.008133182207));
#4443 = CARTESIAN_POINT('',(1.585321175215,2.756961117132,
    14.028966635634));
#4444 = CARTESIAN_POINT('',(1.072638930679,2.967571482801,14.04980005211
    ));
#4445 = CARTESIAN_POINT('',(5.5518172479E-06,3.17818329806,
    14.091466759158));
#4446 = CARTESIAN_POINT('',(-1.072636205709,2.967573218634,
    14.133133325461));
#4447 = CARTESIAN_POINT('',(-1.585327732117,2.756962686853,
    14.153966595894));
#4448 = CARTESIAN_POINT('',(-2.050759351283,2.447229735651,
    14.174799925064));
#4449 = CARTESIAN_POINT('',(-2.447234394932,2.050752449085,
    14.195633307407));
#4450 = CARTESIAN_POINT('',(-2.756962772072,1.585323241477,
    14.216466684408));
#4451 = CARTESIAN_POINT('',(-2.96757087166,1.072636002664,
    14.237300020603));
#4452 = CARTESIAN_POINT('',(-3.178179531333,-1.2381508E-10,
    14.278966665462));
#4453 = CARTESIAN_POINT('',(-2.967571249986,-1.072636077195,
    14.320633310321));
#4454 = CARTESIAN_POINT('',(-2.756963137102,-1.585323436055,
    14.341466646516));
#4455 = CARTESIAN_POINT('',(-2.447233792798,-2.050752432699,
    14.362300023518));
#4456 = CARTESIAN_POINT('',(-2.050758268164,-2.447228910442,
    14.383133405859));
#4457 = CARTESIAN_POINT('',(-1.585327180376,-2.756961545426,
    14.40396673503));
#4458 = CARTESIAN_POINT('',(-1.07263605959,-2.967573168667,
    14.424800005463));
#4459 = CARTESIAN_POINT('',(5.59887273044E-06,-3.178184943623,
    14.466466571765));
#4460 = CARTESIAN_POINT('',(1.072639076798,-2.967572441896,
    14.508133278814));
#4461 = CARTESIAN_POINT('',(1.585322351633,-2.75695993243,
    14.528966695288));
#4462 = CARTESIAN_POINT('',(2.050743399216,-2.447229563905,
    14.549800148718));
#4463 = CARTESIAN_POINT('',(2.447217117102,-2.05074900781,
    14.570633602506));
#4464 = CARTESIAN_POINT('',(2.756956177626,-1.585331181527,
    14.591466701271));
#4465 = CARTESIAN_POINT('',(2.967599760896,-1.072635468431,
    14.612299557905));
#4466 = CARTESIAN_POINT('',(3.072878311041,-0.536315710961,
    14.633133356601));
#4467 = CARTESIAN_POINT('',(3.072877588534,2.792084521E-08,
    14.653966769907));
#4468 = ADVANCED_FACE('',(#4469),#4474,.T.);
#4469 = FACE_BOUND('',#4470,.T.);
#4470 = EDGE_LOOP('',(#4471,#4472,#4473));
#4471 = ORIENTED_EDGE('',*,*,#3685,.F.);
#4472 = ORIENTED_EDGE('',*,*,#4101,.F.);
#4473 = ORIENTED_EDGE('',*,*,#4385,.T.);
#4474 = CYLINDRICAL_SURFACE('',#4475,3.);
#4475 = AXIS2_PLACEMENT_3D('',#4476,#4477,#4478);
#4476 = CARTESIAN_POINT('',(0.,0.,10.));
#4477 = DIRECTION('',(-0.,-0.,-1.));
#4478 = DIRECTION('',(1.,0.,0.));
#4479 = ADVANCED_FACE('',(#4480),#4569,.T.);
#4480 = FACE_BOUND('',#4481,.T.);
#4481 = EDGE_LOOP('',(#4482,#4490,#4567,#4568));
#4482 = ORIENTED_EDGE('',*,*,#4483,.T.);
#4483 = EDGE_CURVE('',#3929,#4484,#4486,.T.);
#4484 = VERTEX_POINT('',#4485);
#4485 = CARTESIAN_POINT('',(3.,-1.347425E-09,11.10862568351));
#4486 = LINE('',#4487,#4488);
#4487 = CARTESIAN_POINT('',(3.,0.,10.));
#4488 = VECTOR('',#4489,1.);
#4489 = DIRECTION('',(0.,0.,1.));
#4490 = ORIENTED_EDGE('',*,*,#4491,.F.);
#4491 = EDGE_CURVE('',#3767,#4484,#4492,.T.);
#4492 = B_SPLINE_CURVE_WITH_KNOTS('',7,(#4493,#4494,#4495,#4496,#4497,
    #4498,#4499,#4500,#4501,#4502,#4503,#4504,#4505,#4506,#4507,#4508,
    #4509,#4510,#4511,#4512,#4513,#4514,#4515,#4516,#4517,#4518,#4519,
    #4520,#4521,#4522,#4523,#4524,#4525,#4526,#4527,#4528,#4529,#4530,
    #4531,#4532,#4533,#4534,#4535,#4536,#4537,#4538,#4539,#4540,#4541,
    #4542,#4543,#4544,#4545,#4546,#4547,#4548,#4549,#4550,#4551,#4552,
    #4553,#4554,#4555,#4556,#4557,#4558,#4559,#4560,#4561,#4562,#4563,
    #4564,#4565,#4566),.UNSPECIFIED.,.F.,.F.,(8,6,6,6,6,6,6,6,6,6,6,6,8)
  ,(0.,4.422967794258E-02,0.133882257193,0.215825736601,0.265607056138,
    0.375578843801,0.500565141775,0.624944162518,0.731589699781,
    0.783471358231,0.867475211079,0.954936563851,1.),.UNSPECIFIED.);
#4493 = CARTESIAN_POINT('',(3.,-2.69522005E-09,10.358625917031));
#4494 = CARTESIAN_POINT('',(2.999999994141,0.119090598149,10.363364357)
  );
#4495 = CARTESIAN_POINT('',(2.994484481298,0.238182305468,
    10.368103723866));
#4496 = CARTESIAN_POINT('',(2.983453550949,0.356966617749,
    10.372843256213));
#4497 = CARTESIAN_POINT('',(2.966928503805,0.475137337322,
    10.377582609231));
#4498 = CARTESIAN_POINT('',(2.944951782486,0.592390999472,
    10.382321693629));
#4499 = CARTESIAN_POINT('',(2.917586902212,0.70842730153,10.387060514557
    ));
#4500 = CARTESIAN_POINT('',(2.818700012278,1.055083560963,
    10.401403837068));
#4501 = CARTESIAN_POINT('',(2.730678719978,1.2810402774,10.411009098775)
  );
#4502 = CARTESIAN_POINT('',(2.621562416832,1.498291093462,
    10.420612423811));
#4503 = CARTESIAN_POINT('',(2.492415984648,1.704502363656,
    10.430215281301));
#4504 = CARTESIAN_POINT('',(2.344593417279,1.897512109422,
    10.439819628559));
#4505 = CARTESIAN_POINT('',(2.17972930743,2.075343641146,10.449425627096
    ));
#4506 = CARTESIAN_POINT('',(1.835322805129,2.383331878794,10.46780932435
    ));
#4507 = CARTESIAN_POINT('',(1.658217082405,2.516313043033,10.47658954534
    ));
#4508 = CARTESIAN_POINT('',(1.469955074206,2.633863646905,
    10.485369188207));
#4509 = CARTESIAN_POINT('',(1.2721591009,2.734888815834,10.494148326006)
  );
#4510 = CARTESIAN_POINT('',(1.066563748315,2.818502608255,
    10.502927782043));
#4511 = CARTESIAN_POINT('',(0.855007064458,2.884032510896,
    10.511707813964));
#4512 = CARTESIAN_POINT('',(0.508481995714,2.959630452374,
    10.525819954612));
#4513 = CARTESIAN_POINT('',(0.376032229257,2.981374298037,
    10.531153238246));
#4514 = CARTESIAN_POINT('',(0.242521695154,2.99619835526,10.536486428116
    ));
#4515 = CARTESIAN_POINT('',(0.108384151538,3.004042982511,
    10.541819565433));
#4516 = CARTESIAN_POINT('',(-2.594424354712E-02,3.004882670092,
    10.547152747593));
#4517 = CARTESIAN_POINT('',(-0.160025739121,2.998726086605,
    10.552486013468));
#4518 = CARTESIAN_POINT('',(-0.588106696595,2.956654943144,
    10.569600821041));
#4519 = CARTESIAN_POINT('',(-0.879566796272,2.893749112387,
    10.581386977019));
#4520 = CARTESIAN_POINT('',(-1.162908856224,2.797335879027,
    10.593169763477));
#4521 = CARTESIAN_POINT('',(-1.433574866966,2.668765247915,
    10.60495153666));
#4522 = CARTESIAN_POINT('',(-1.68732339016,2.510052089116,
    10.616734528301));
#4523 = CARTESIAN_POINT('',(-1.920228324035,2.323876291748,
    10.628520852835));
#4524 = CARTESIAN_POINT('',(-2.365974231259,1.874945212202,
    10.653692592835));
#4525 = CARTESIAN_POINT('',(-2.571981964703,1.604954945021,
    10.667090639407));
#4526 = CARTESIAN_POINT('',(-2.741673563723,1.308899399075,
    10.680481200077));
#4527 = CARTESIAN_POINT('',(-2.871327833889,0.992707461317,
    10.693869589903));
#4528 = CARTESIAN_POINT('',(-2.958333753773,0.662746642818,
    10.707260077046));
#4529 = CARTESIAN_POINT('',(-3.001178835497,0.325851569227,
    10.720658058281));
#4530 = CARTESIAN_POINT('',(-2.998788977167,-0.345572639872,
    10.747373376232));
#4531 = CARTESIAN_POINT('',(-2.953979546315,-0.680515550833,
    10.760707125772));
#4532 = CARTESIAN_POINT('',(-2.865488975092,-1.008316165477,
    10.774034607338));
#4533 = CARTESIAN_POINT('',(-2.734846747441,-1.322248739791,
    10.78736030808));
#4534 = CARTESIAN_POINT('',(-2.56465887542,-1.616051159824,
    10.800687708021));
#4535 = CARTESIAN_POINT('',(-2.358618845985,-1.883898323524,
    10.814021371965));
#4536 = CARTESIAN_POINT('',(-1.918881210962,-2.323865115732,
    10.83877179996));
#4537 = CARTESIAN_POINT('',(-1.693141875502,-2.504362139478,
    10.850200494315));
#4538 = CARTESIAN_POINT('',(-1.447791746047,-2.659070420627,
    10.861626166279));
#4539 = CARTESIAN_POINT('',(-1.186393281892,-2.785539025984,
    10.873050060132));
#4540 = CARTESIAN_POINT('',(-0.912812476701,-2.881897433363,
    10.884475877584));
#4541 = CARTESIAN_POINT('',(-0.631181971268,-2.946873504871,
    10.895904684697));
#4542 = CARTESIAN_POINT('',(-0.207187357025,-2.996095422284,
    10.91288817544));
#4543 = CARTESIAN_POINT('',(-6.754774895587E-02,-3.004666219823,
    10.918446555262));
#4544 = CARTESIAN_POINT('',(7.247369387381E-02,-3.005641516324,
    10.924004894109));
#4545 = CARTESIAN_POINT('',(0.212381554973,-2.999004405797,
    10.929563203078));
#4546 = CARTESIAN_POINT('',(0.35168182671,-2.984778326467,
    10.935121555821));
#4547 = CARTESIAN_POINT('',(0.489882918375,-2.963027013094,
    10.940679955849));
#4548 = CARTESIAN_POINT('',(0.847693930261,-2.886619880684,
    10.95523780519));
#4549 = CARTESIAN_POINT('',(1.064765002329,-2.819922500358,
    10.964238425586));
#4550 = CARTESIAN_POINT('',(1.275602926226,-2.734203279117,
    10.973238013722));
#4551 = CARTESIAN_POINT('',(1.478226673523,-2.630185607849,
    10.982236885927));
#4552 = CARTESIAN_POINT('',(1.670769454389,-2.508827797919,
    10.991236251955));
#4553 = CARTESIAN_POINT('',(1.851488769867,-2.371317928546,
    11.000236638818));
#4554 = CARTESIAN_POINT('',(2.192993897168,-2.060639497079,
    11.018606198341));
#4555 = CARTESIAN_POINT('',(2.352702997701,-1.886190816159,
    11.027977952997));
#4556 = CARTESIAN_POINT('',(2.496117187533,-1.697395073657,
    11.037349146952));
#4557 = CARTESIAN_POINT('',(2.621727280394,-1.496093956203,
    11.046720388832));
#4558 = CARTESIAN_POINT('',(2.728279502405,-1.28429674082,
    11.056092556702));
#4559 = CARTESIAN_POINT('',(2.814782932367,-1.064168390699,
    11.065465064658));
#4560 = CARTESIAN_POINT('',(2.91446313812,-0.721544799497,
    11.079662847559));
#4561 = CARTESIAN_POINT('',(2.942861043059,-0.603439210474,
    11.084490385756));
#4562 = CARTESIAN_POINT('',(2.965670760505,-0.484046419745,
    11.089317565838));
#4563 = CARTESIAN_POINT('',(2.982823852584,-0.363683791036,
    11.094144393215));
#4564 = CARTESIAN_POINT('',(2.994274581859,-0.24267217171,
    11.098971043984));
#4565 = CARTESIAN_POINT('',(2.999999993921,-0.121335431742,
    11.103797916595));
#4566 = CARTESIAN_POINT('',(3.,-2.69484968E-09,11.10862568351));
#4567 = ORIENTED_EDGE('',*,*,#3764,.F.);
#4568 = ORIENTED_EDGE('',*,*,#3928,.T.);
#4569 = CYLINDRICAL_SURFACE('',#4570,3.);
#4570 = AXIS2_PLACEMENT_3D('',#4571,#4572,#4573);
#4571 = CARTESIAN_POINT('',(0.,0.,10.));
#4572 = DIRECTION('',(-0.,-0.,-1.));
#4573 = DIRECTION('',(1.,0.,0.));
#4574 = ADVANCED_FACE('',(#4575),#4616,.F.);
#4575 = FACE_BOUND('',#4576,.F.);
#4576 = EDGE_LOOP('',(#4577,#4578,#4579,#4611));
#4577 = ORIENTED_EDGE('',*,*,#4491,.F.);
#4578 = ORIENTED_EDGE('',*,*,#3824,.T.);
#4579 = ORIENTED_EDGE('',*,*,#4580,.T.);
#4580 = EDGE_CURVE('',#3825,#4581,#4583,.T.);
#4581 = VERTEX_POINT('',#4582);
#4582 = CARTESIAN_POINT('',(2.672881457746,-3.56128338E-07,
    11.353970772507));
#4583 = B_SPLINE_CURVE_WITH_KNOTS('',8,(#4584,#4585,#4586,#4587,#4588,
    #4589,#4590,#4591,#4592,#4593,#4594,#4595,#4596,#4597,#4598,#4599,
    #4600,#4601,#4602,#4603,#4604,#4605,#4606,#4607,#4608,#4609,#4610),
  .UNSPECIFIED.,.F.,.F.,(9,6,6,6,9),(0.,1.581947328539,3.163894657078,
    4.745841985618,6.327789314157),.UNSPECIFIED.);
#4584 = CARTESIAN_POINT('',(2.672882472328,-3.9343477831E-07,
    10.603971710119));
#4585 = CARTESIAN_POINT('',(2.672882112575,0.524832584024,
    10.627408806284));
#4586 = CARTESIAN_POINT('',(2.555132451267,1.049616941207,
    10.650843678356));
#4587 = CARTESIAN_POINT('',(2.31957620479,1.543625835449,10.674285263966
    ));
#4588 = CARTESIAN_POINT('',(1.975936009739,1.975959458275,
    10.697722207589));
#4589 = CARTESIAN_POINT('',(1.543619789641,2.319573471259,10.72115904762
    ));
#4590 = CARTESIAN_POINT('',(1.049639699464,2.555111756758,
    10.744596030306));
#4591 = CARTESIAN_POINT('',(6.79617353963E-06,2.79065034711,
    10.791470775628));
#4592 = CARTESIAN_POINT('',(-1.049638774242,2.555113567073,
    10.838346333194));
#4593 = CARTESIAN_POINT('',(-1.543631428241,2.319575888548,
    10.861784163762));
#4594 = CARTESIAN_POINT('',(-1.975957340311,1.975950522842,
    10.885221499053));
#4595 = CARTESIAN_POINT('',(-2.319576087398,1.543626653292,
    10.908658668812));
#4596 = CARTESIAN_POINT('',(-2.555110927034,1.049639938949,
    10.932096131193));
#4597 = CARTESIAN_POINT('',(-2.790646274495,4.1222612694E-07,
    10.978971241313));
#4598 = CARTESIAN_POINT('',(-2.55511146539,-1.049639235302,
    11.025846351433));
#4599 = CARTESIAN_POINT('',(-2.319576721512,-1.543626107606,
    11.049283813815));
#4600 = CARTESIAN_POINT('',(-1.975957188511,-1.975949819135,
    11.072720983573));
#4601 = CARTESIAN_POINT('',(-1.543631704276,-2.319574585526,
    11.096158318864));
#4602 = CARTESIAN_POINT('',(-1.049639437224,-2.555113105812,
    11.119596149433));
#4603 = CARTESIAN_POINT('',(5.9951398196E-06,-2.790651329893,
    11.166471706998));
#4604 = CARTESIAN_POINT('',(1.049639036483,-2.555112525918,
    11.21334645232));
#4605 = CARTESIAN_POINT('',(1.543619123336,-2.319574003433,
    11.236783435001));
#4606 = CARTESIAN_POINT('',(1.975934523488,-1.97595556515,
    11.260220275052));
#4607 = CARTESIAN_POINT('',(2.319571889072,-1.543628865842,
    11.283657218645));
#4608 = CARTESIAN_POINT('',(2.555137658903,-1.049617853835,
    11.307098804277));
#4609 = CARTESIAN_POINT('',(2.672881824821,-0.524833333587,
    11.330533676343));
#4610 = CARTESIAN_POINT('',(2.672881457746,-3.5612832305E-07,
    11.353970772507));
#4611 = ORIENTED_EDGE('',*,*,#4612,.F.);
#4612 = EDGE_CURVE('',#4484,#4581,#4613,.T.);
#4613 = B_SPLINE_CURVE_WITH_KNOTS('',1,(#4614,#4615),.UNSPECIFIED.,.F.,
  .F.,(2,2),(0.,0.5),.PIECEWISE_BEZIER_KNOTS.);
#4614 = CARTESIAN_POINT('',(3.072877829087,7.604560937E-08,
    11.053965934356));
#4615 = CARTESIAN_POINT('',(2.672881457746,-3.5612832305E-07,
    11.353970772507));
#4616 = B_SPLINE_SURFACE_WITH_KNOTS('',1,8,(
    (#4617,#4618,#4619,#4620,#4621,#4622,#4623,#4624,#4625,#4626,#4627
      ,#4628,#4629,#4630,#4631,#4632,#4633,#4634,#4635,#4636,#4637,#4638
      ,#4639,#4640,#4641,#4642,#4643)
    ,(#4644,#4645,#4646,#4647,#4648,#4649,#4650,#4651,#4652,#4653,#4654
      ,#4655,#4656,#4657,#4658,#4659,#4660,#4661,#4662,#4663,#4664,#4665
      ,#4666,#4667,#4668,#4669,#4670
    )),.UNSPECIFIED.,.F.,.F.,.F.,(2,2),(9,6,6,6,9),(0.,0.5),(0.,
    1.581947328539,3.163894657078,4.745841985618,6.327789314157),
  .UNSPECIFIED.);
#4617 = CARTESIAN_POINT('',(3.072877983768,8.435701293E-08,
    10.303965725468));
#4618 = CARTESIAN_POINT('',(3.072877900586,0.603355169019,
    10.327403315437));
#4619 = CARTESIAN_POINT('',(2.937514011235,1.206715219337,
    10.350841400909));
#4620 = CARTESIAN_POINT('',(2.666679130301,1.774634007018,10.37427799068
    ));
#4621 = CARTESIAN_POINT('',(2.271645405968,2.271650218433,10.39771561464
    ));
#4622 = CARTESIAN_POINT('',(1.774622335866,2.666699202111,10.42115326167
    ));
#4623 = CARTESIAN_POINT('',(1.2067177844,2.937483925385,10.444590876922)
  );
#4624 = CARTESIAN_POINT('',(6.08441641357E-06,3.208270762567,
    10.491465933661));
#4625 = CARTESIAN_POINT('',(-1.206716257614,2.937485296527,
    10.538340809442));
#4626 = CARTESIAN_POINT('',(-1.774632714807,2.66669970308,
    10.561778235795));
#4627 = CARTESIAN_POINT('',(-2.271659133289,2.271652099318,
    10.585215772491));
#4628 = CARTESIAN_POINT('',(-2.666701857154,1.774626800429,
    10.608653346064));
#4629 = CARTESIAN_POINT('',(-2.937483557313,1.206715224063,
    10.632090854445));
#4630 = CARTESIAN_POINT('',(-3.208265809071,-8.054367732E-08,
    10.678965829912));
#4631 = CARTESIAN_POINT('',(-2.937483531525,-1.206715379363,
    10.725840805379));
#4632 = CARTESIAN_POINT('',(-2.666701795201,-1.774626955608,
    10.749278313759));
#4633 = CARTESIAN_POINT('',(-2.271658907086,-2.271652195092,
    10.772715887333));
#4634 = CARTESIAN_POINT('',(-1.774632518518,-2.666699663054,
    10.796153424028));
#4635 = CARTESIAN_POINT('',(-1.206716096114,-2.93748533407,
    10.819590850382));
#4636 = CARTESIAN_POINT('',(6.24907445802E-06,-3.2082709124,
    10.866465726163));
#4637 = CARTESIAN_POINT('',(1.206717945901,-2.937483934783,
    10.913340782902));
#4638 = CARTESIAN_POINT('',(1.774622472656,-2.666699124614,
    10.936778398154));
#4639 = CARTESIAN_POINT('',(2.27164538243,-2.271649421828,
    10.960216045186));
#4640 = CARTESIAN_POINT('',(2.666678630968,-1.774634230667,
    10.983653669141));
#4641 = CARTESIAN_POINT('',(2.937514913062,-1.206715095892,
    11.007090258916));
#4642 = CARTESIAN_POINT('',(3.072877910638,-0.603355008616,
    11.030528344387));
#4643 = CARTESIAN_POINT('',(3.072877829087,7.604560937E-08,
    11.053965934356));
#4644 = CARTESIAN_POINT('',(2.672882472328,-3.9343477831E-07,
    10.603971710119));
#4645 = CARTESIAN_POINT('',(2.672882112575,0.524832584024,
    10.627408806284));
#4646 = CARTESIAN_POINT('',(2.555132451267,1.049616941207,
    10.650843678356));
#4647 = CARTESIAN_POINT('',(2.31957620479,1.543625835449,10.674285263966
    ));
#4648 = CARTESIAN_POINT('',(1.975936009739,1.975959458275,
    10.697722207589));
#4649 = CARTESIAN_POINT('',(1.543619789641,2.319573471259,10.72115904762
    ));
#4650 = CARTESIAN_POINT('',(1.049639699464,2.555111756758,
    10.744596030306));
#4651 = CARTESIAN_POINT('',(6.79617353963E-06,2.79065034711,
    10.791470775628));
#4652 = CARTESIAN_POINT('',(-1.049638774242,2.555113567073,
    10.838346333194));
#4653 = CARTESIAN_POINT('',(-1.543631428241,2.319575888548,
    10.861784163762));
#4654 = CARTESIAN_POINT('',(-1.975957340311,1.975950522842,
    10.885221499053));
#4655 = CARTESIAN_POINT('',(-2.319576087398,1.543626653292,
    10.908658668812));
#4656 = CARTESIAN_POINT('',(-2.555110927034,1.049639938949,
    10.932096131193));
#4657 = CARTESIAN_POINT('',(-2.790646274495,4.1222612694E-07,
    10.978971241313));
#4658 = CARTESIAN_POINT('',(-2.55511146539,-1.049639235302,
    11.025846351433));
#4659 = CARTESIAN_POINT('',(-2.319576721512,-1.543626107606,
    11.049283813815));
#4660 = CARTESIAN_POINT('',(-1.975957188511,-1.975949819135,
    11.072720983573));
#4661 = CARTESIAN_POINT('',(-1.543631704276,-2.319574585526,
    11.096158318864));
#4662 = CARTESIAN_POINT('',(-1.049639437224,-2.555113105812,
    11.119596149433));
#4663 = CARTESIAN_POINT('',(5.9951398196E-06,-2.790651329893,
    11.166471706998));
#4664 = CARTESIAN_POINT('',(1.049639036483,-2.555112525918,
    11.21334645232));
#4665 = CARTESIAN_POINT('',(1.543619123336,-2.319574003433,
    11.236783435001));
#4666 = CARTESIAN_POINT('',(1.975934523488,-1.97595556515,
    11.260220275052));
#4667 = CARTESIAN_POINT('',(2.319571889072,-1.543628865842,
    11.283657218645));
#4668 = CARTESIAN_POINT('',(2.555137658903,-1.049617853835,
    11.307098804277));
#4669 = CARTESIAN_POINT('',(2.672881824821,-0.524833333587,
    11.330533676343));
#4670 = CARTESIAN_POINT('',(2.672881457746,-3.5612832305E-07,
    11.353970772507));
#4671 = ADVANCED_FACE('',(#4672),#4772,.F.);
#4672 = FACE_BOUND('',#4673,.F.);
#4673 = EDGE_LOOP('',(#4674,#4675,#4676,#4767));
#4674 = ORIENTED_EDGE('',*,*,#4580,.F.);
#4675 = ORIENTED_EDGE('',*,*,#4019,.T.);
#4676 = ORIENTED_EDGE('',*,*,#4677,.T.);
#4677 = EDGE_CURVE('',#3929,#4678,#4680,.T.);
#4678 = VERTEX_POINT('',#4679);
#4679 = CARTESIAN_POINT('',(3.,-7.433971E-09,11.599303497004));
#4680 = B_SPLINE_CURVE_WITH_KNOTS('',7,(#4681,#4682,#4683,#4684,#4685,
    #4686,#4687,#4688,#4689,#4690,#4691,#4692,#4693,#4694,#4695,#4696,
    #4697,#4698,#4699,#4700,#4701,#4702,#4703,#4704,#4705,#4706,#4707,
    #4708,#4709,#4710,#4711,#4712,#4713,#4714,#4715,#4716,#4717,#4718,
    #4719,#4720,#4721,#4722,#4723,#4724,#4725,#4726,#4727,#4728,#4729,
    #4730,#4731,#4732,#4733,#4734,#4735,#4736,#4737,#4738,#4739,#4740,
    #4741,#4742,#4743,#4744,#4745,#4746,#4747,#4748,#4749,#4750,#4751,
    #4752,#4753,#4754,#4755,#4756,#4757,#4758,#4759,#4760,#4761,#4762,
    #4763,#4764,#4765,#4766),.UNSPECIFIED.,.F.,.F.,(8,6,6,6,6,6,6,6,6,6,
    6,6,6,6,8),(0.,4.336289744551E-02,0.13336886928,0.205366331072,
    0.258413866701,0.371761725916,0.484572570831,0.501773971904,
    0.575776282344,0.622778711581,0.72150175473,0.777335456638,
    0.867312301622,0.955000450386,1.),.UNSPECIFIED.);
#4681 = CARTESIAN_POINT('',(3.,0.,10.849302209303));
#4682 = CARTESIAN_POINT('',(3.,0.116760698147,10.853948081187));
#4683 = CARTESIAN_POINT('',(2.994698185232,0.233522492138,
    10.858593273332));
#4684 = CARTESIAN_POINT('',(2.98409464121,0.349994632527,10.86323825667)
  );
#4685 = CARTESIAN_POINT('',(2.968209050608,0.465888497029,
    10.867883332837));
#4686 = CARTESIAN_POINT('',(2.947080636446,0.580917963512,
    10.872528653183));
#4687 = CARTESIAN_POINT('',(2.920768105292,0.694799783006,10.87717423777
    ));
#4688 = CARTESIAN_POINT('',(2.824135914057,1.040668863283,
    10.891462934855));
#4689 = CARTESIAN_POINT('',(2.736912006595,1.26797706177,10.901108410611
    ));
#4690 = CARTESIAN_POINT('',(2.62838038072,1.486615374717,10.91075330469)
  );
#4691 = CARTESIAN_POINT('',(2.499607396186,1.694217143615,
    10.920397150137));
#4692 = CARTESIAN_POINT('',(2.351953722381,1.888588645402,
    10.930041097568));
#4693 = CARTESIAN_POINT('',(2.187065781624,2.067723041836,
    10.939685881397));
#4694 = CARTESIAN_POINT('',(1.862832728123,2.359541732624,
    10.957042323568));
#4695 = CARTESIAN_POINT('',(1.708949706126,2.478377125581,
    10.964756237885));
#4696 = CARTESIAN_POINT('',(1.546277555305,2.585454656175,
    10.972469691429));
#4697 = CARTESIAN_POINT('',(1.375899967771,2.680009200178,
    10.980182930165));
#4698 = CARTESIAN_POINT('',(1.198972265751,2.761399596169,10.98789651066
    ));
#4699 = CARTESIAN_POINT('',(1.016717056157,2.82911105294,10.995610575771
    ));
#4700 = CARTESIAN_POINT('',(0.693172729675,2.92231316216,11.009007538639
    ));
#4701 = CARTESIAN_POINT('',(0.553717187693,2.954228314861,
    11.014691051933));
#4702 = CARTESIAN_POINT('',(0.412575549833,2.97837223368,11.020374511576
    ));
#4703 = CARTESIAN_POINT('',(0.270267525208,2.994641084932,11.0260579263)
  );
#4704 = CARTESIAN_POINT('',(0.127318396101,3.002974812414,
    11.031741376366));
#4705 = CARTESIAN_POINT('',(-1.574209587833E-02,3.003357266488,
    11.037424870439));
#4706 = CARTESIAN_POINT('',(-0.463160318081,2.979703451779,
    11.055251905485));
#4707 = CARTESIAN_POINT('',(-0.766155792085,2.927408827977,
    11.067400499687));
#4708 = CARTESIAN_POINT('',(-1.061978483724,2.839165368764,
    11.079544585712));
#4709 = CARTESIAN_POINT('',(-1.34558102165,2.716260273712,
    11.091687071603));
#4710 = CARTESIAN_POINT('',(-1.61224681696,2.56073765889,11.103830991125
    ));
#4711 = CARTESIAN_POINT('',(-1.857585425793,2.375400272767,
    11.115979467984));
#4712 = CARTESIAN_POINT('',(-2.296855720181,1.953643600367,
    11.140209397585));
#4713 = CARTESIAN_POINT('',(-2.49120805749,1.7172951785,11.152300973412)
  );
#4714 = CARTESIAN_POINT('',(-2.656930214078,1.458620654021,
    11.164388879836));
#4715 = CARTESIAN_POINT('',(-2.791081008035,1.181828753157,
    11.17647569164));
#4716 = CARTESIAN_POINT('',(-2.891450120631,0.891479990902,
    11.18856377552));
#4717 = CARTESIAN_POINT('',(-2.956556169689,0.592490625322,
    11.20065566613));
#4718 = CARTESIAN_POINT('',(-2.990415038298,0.244055690219,
    11.214585097272));
#4719 = CARTESIAN_POINT('',(-2.994064406493,0.197874949984,
    11.216428035553));
#4720 = CARTESIAN_POINT('',(-2.996881664984,0.151631475298,
    11.218270964303));
#4721 = CARTESIAN_POINT('',(-2.998865554681,0.105343259296,
    11.220113883213));
#4722 = CARTESIAN_POINT('',(-3.000015303611,5.902831728155E-02,
    11.221956792072));
#4723 = CARTESIAN_POINT('',(-3.000330626918,1.270468672013E-02,
    11.223799690764));
#4724 = CARTESIAN_POINT('',(-2.997579362017,-0.232858587014,
    11.233570887375));
#4725 = CARTESIAN_POINT('',(-2.979906872687,-0.431950202409,
    11.241499628124));
#4726 = CARTESIAN_POINT('',(-2.946806493882,-0.629420843178,
    11.249427746053));
#4727 = CARTESIAN_POINT('',(-2.898469033117,-0.823842441913,
    11.257355466832));
#4728 = CARTESIAN_POINT('',(-2.835240673314,-1.013822598393,
    11.265283433877));
#4729 = CARTESIAN_POINT('',(-2.75762158369,-1.198010161763,
    11.27321187095));
#4730 = CARTESIAN_POINT('',(-2.608274928346,-1.487588476822,
    11.286175161458));
#4731 = CARTESIAN_POINT('',(-2.544726555454,-1.597216845967,
    11.291210644362));
#4732 = CARTESIAN_POINT('',(-2.475811223082,-1.703662030626,
    11.296246124452));
#4733 = CARTESIAN_POINT('',(-2.401721523849,-1.806609876903,
    11.301281628359));
#4734 = CARTESIAN_POINT('',(-2.322672292338,-1.905761872362,
    11.306317220001));
#4735 = CARTESIAN_POINT('',(-2.238900257566,-2.000835628516,
    11.311352916249));
#4736 = CARTESIAN_POINT('',(-1.965333233418,-2.282132439714,
    11.326965466161));
#4737 = CARTESIAN_POINT('',(-1.760257089131,-2.453587138152,
    11.337545088521));
#4738 = CARTESIAN_POINT('',(-1.537878522155,-2.603384955006,
    11.348123034914));
#4739 = CARTESIAN_POINT('',(-1.300963869002,-2.729501227023,
    11.358699793235));
#4740 = CARTESIAN_POINT('',(-1.052520203401,-2.830335056203,
    11.369277591028));
#4741 = CARTESIAN_POINT('',(-0.795771689963,-2.904722103134,
    11.379857078091));
#4742 = CARTESIAN_POINT('',(-0.386257381202,-2.978826499097,
    11.396415676854));
#4743 = CARTESIAN_POINT('',(-0.236751380676,-2.996947870634,
    11.402397583238));
#4744 = CARTESIAN_POINT('',(-8.628970623474E-02,-3.006309824959,
    11.408379345417));
#4745 = CARTESIAN_POINT('',(6.451211935506E-02,-3.006855974749,
    11.414361028363));
#4746 = CARTESIAN_POINT('',(0.215037626263,-2.998584090257,
    11.420342803263));
#4747 = CARTESIAN_POINT('',(0.364670896749,-2.981546105796,
    11.426324740297));
#4748 = CARTESIAN_POINT('',(0.751507208406,-2.914435448092,
    11.441946460058));
#4749 = CARTESIAN_POINT('',(0.986355042982,-2.850524928179,
    11.451588112295));
#4750 = CARTESIAN_POINT('',(1.214723186108,-2.76455754632,
    11.461228832454));
#4751 = CARTESIAN_POINT('',(1.434152230009,-2.657355498116,
    11.470869078879));
#4752 = CARTESIAN_POINT('',(1.642325057746,-2.53005080639,
    11.480510142714));
#4753 = CARTESIAN_POINT('',(1.837081511156,-2.384078152732,
    11.490152073469));
#4754 = CARTESIAN_POINT('',(2.191284435457,-2.062527943846,
    11.509186486292));
#4755 = CARTESIAN_POINT('',(2.351558830082,-1.887747274996,
    11.518582004714));
#4756 = CARTESIAN_POINT('',(2.495462955276,-1.698531110036,
    11.527975865125));
#4757 = CARTESIAN_POINT('',(2.621474487042,-1.496734737312,
    11.537368272044));
#4758 = CARTESIAN_POINT('',(2.728329024385,-1.28438293277,
    11.546761130499));
#4759 = CARTESIAN_POINT('',(2.815027677733,-1.063657889211,
    11.556155938445));
#4760 = CARTESIAN_POINT('',(2.914699078961,-0.720562836338,
    11.570371796416));
#4761 = CARTESIAN_POINT('',(2.943018980816,-0.602611954668,
    11.575193348883));
#4762 = CARTESIAN_POINT('',(2.965765777277,-0.483379220776,
    11.580015238316));
#4763 = CARTESIAN_POINT('',(2.982871417011,-0.363180716885,
    11.584837480374));
#4764 = CARTESIAN_POINT('',(2.99429042982,-0.242335955448,
    11.589659972105));
#4765 = CARTESIAN_POINT('',(2.999999993384,-0.121167404808,
    11.594482291492));
#4766 = CARTESIAN_POINT('',(3.,-1.486794243E-08,11.599303497004));
#4767 = ORIENTED_EDGE('',*,*,#4768,.F.);
#4768 = EDGE_CURVE('',#4581,#4678,#4769,.T.);
#4769 = B_SPLINE_CURVE_WITH_KNOTS('',1,(#4770,#4771),.UNSPECIFIED.,.F.,
  .F.,(2,2),(0.,0.5),.PIECEWISE_BEZIER_KNOTS.);
#4770 = CARTESIAN_POINT('',(2.672881457746,-3.5612832294E-07,
    11.353970772507));
#4771 = CARTESIAN_POINT('',(3.072885086346,6.116807862E-08,
    11.653965934312));
#4772 = B_SPLINE_SURFACE_WITH_KNOTS('',1,9,(
    (#4773,#4774,#4775,#4776,#4777,#4778,#4779,#4780,#4781,#4782,#4783
      ,#4784,#4785,#4786,#4787,#4788,#4789,#4790,#4791,#4792,#4793,#4794
      ,#4795,#4796,#4797,#4798,#4799,#4800,#4801,#4802,#4803)
    ,(#4804,#4805,#4806,#4807,#4808,#4809,#4810,#4811,#4812,#4813,#4814
      ,#4815,#4816,#4817,#4818,#4819,#4820,#4821,#4822,#4823,#4824,#4825
      ,#4826,#4827,#4828,#4829,#4830,#4831,#4832,#4833,#4834
  )),.UNSPECIFIED.,.F.,.F.,.F.,(2,2),(10,7,7,7,10),(0.,0.5),(0.,
    1.581947328539,3.163894657078,4.745841985618,6.327789314157),
  .UNSPECIFIED.);
#4773 = CARTESIAN_POINT('',(2.672882472328,-3.9343477787E-07,
    10.603971710119));
#4774 = CARTESIAN_POINT('',(2.672882152547,0.466517808751,
    10.624804684488));
#4775 = CARTESIAN_POINT('',(2.581299042669,0.932998195166,
    10.645635929007));
#4776 = CARTESIAN_POINT('',(2.398094953615,1.378956204035,
    10.666471402096));
#4777 = CARTESIAN_POINT('',(2.128664985317,1.783811181463,
    10.687305788201));
#4778 = CARTESIAN_POINT('',(1.783795467473,2.128676797379,
    10.708138580936));
#4779 = CARTESIAN_POINT('',(1.378959759582,2.398086233092,
    10.728971375182));
#4780 = CARTESIAN_POINT('',(0.93301382132,2.581282711242,10.749804335342
    ));
#4781 = CARTESIAN_POINT('',(6.09244437005E-06,2.764479493199,
    10.791470820753));
#4782 = CARTESIAN_POINT('',(-0.93301148864,2.581284320411,
    10.833137937909));
#4783 = CARTESIAN_POINT('',(-1.378967210242,2.398088448057,
    10.853971553573));
#4784 = CARTESIAN_POINT('',(-1.783812490502,2.128672907601,
    10.87480490559));
#4785 = CARTESIAN_POINT('',(-2.128676783461,1.78380658082,
    10.895638018946));
#4786 = CARTESIAN_POINT('',(-2.39808770061,1.378964415178,
    10.916471156272));
#4787 = CARTESIAN_POINT('',(-2.581281521196,0.933013324869,
    10.937304476762));
#4788 = CARTESIAN_POINT('',(-2.764475710241,4.0551477432E-07,
    10.978971241313));
#4789 = CARTESIAN_POINT('',(-2.581281999735,-0.933012607799,
    11.020638005865));
#4790 = CARTESIAN_POINT('',(-2.398088302804,-1.378963816838,
    11.041471326354));
#4791 = CARTESIAN_POINT('',(-2.128676980956,-1.783805947345,
    11.062304463681));
#4792 = CARTESIAN_POINT('',(-1.78381252885,-2.128671937531,
    11.083137577036));
#4793 = CARTESIAN_POINT('',(-1.378967615259,-2.398087425621,
    11.103970929054));
#4794 = CARTESIAN_POINT('',(-0.933012166961,-2.581284019599,
    11.124804544718));
#4795 = CARTESIAN_POINT('',(5.30674969784E-06,-2.76448038389,
    11.166471661873));
#4796 = CARTESIAN_POINT('',(0.933013143,-2.581283504138,11.208138147285)
  );
#4797 = CARTESIAN_POINT('',(1.378959301078,-2.398087522212,
    11.228971107476));
#4798 = CARTESIAN_POINT('',(1.783793814145,-2.128673127752,
    11.249803901604));
#4799 = CARTESIAN_POINT('',(2.128662773022,-1.783812108759,
    11.270636694518));
#4800 = CARTESIAN_POINT('',(2.398093605656,-1.378957850556,
    11.291471080487));
#4801 = CARTESIAN_POINT('',(2.581303029107,-0.932999071558,
    11.312306553625));
#4802 = CARTESIAN_POINT('',(2.672881784035,-0.466518558314,
    11.333137798139));
#4803 = CARTESIAN_POINT('',(2.672881457746,-3.5612832294E-07,
    11.353970772507));
#4804 = CARTESIAN_POINT('',(3.072886960797,6.948040765E-08,10.9039657254
    ));
#4805 = CARTESIAN_POINT('',(3.072886231039,0.536317116695,
    10.924799138717));
#4806 = CARTESIAN_POINT('',(2.967599119439,1.072637898189,10.94563293747
    ));
#4807 = CARTESIAN_POINT('',(2.756965353547,1.585330518895,
    10.966465794023));
#4808 = CARTESIAN_POINT('',(2.447224325921,2.05076072723,10.987298892796
    ));
#4809 = CARTESIAN_POINT('',(2.050752137666,2.447236055554,
    11.008132346587));
#4810 = CARTESIAN_POINT('',(1.585325013572,2.75696786128,11.028965800026
    ));
#4811 = CARTESIAN_POINT('',(1.072641515807,2.967578735271,11.04979921651
    ));
#4812 = CARTESIAN_POINT('',(5.51742791527E-06,3.178191052816,
    11.091465923563));
#4813 = CARTESIAN_POINT('',(-1.072638855031,2.967580447895,
    11.133132489855));
#4814 = CARTESIAN_POINT('',(-1.585331630101,2.756969396683,
    11.153965760282));
#4815 = CARTESIAN_POINT('',(-2.050764381586,2.447235684711,
    11.174799089452));
#4816 = CARTESIAN_POINT('',(-2.447240388375,2.050757426429,
    11.195632471799));
#4817 = CARTESIAN_POINT('',(-2.756969516224,1.585327079786,
    11.216465848805));
#4818 = CARTESIAN_POINT('',(-2.967578124138,1.072638587747,11.237299185)
  );
#4819 = CARTESIAN_POINT('',(-3.178187286082,-3.451084677E-08,
    11.278965829857));
#4820 = CARTESIAN_POINT('',(-2.967578479252,-1.072638726494,
    11.320632474714));
#4821 = CARTESIAN_POINT('',(-2.756969846948,-1.585327334023,
    11.341465810909));
#4822 = CARTESIAN_POINT('',(-2.447239741865,-2.050757463,11.362299187915
    ));
#4823 = CARTESIAN_POINT('',(-2.050763245511,-2.447234903881,
    11.383132570262));
#4824 = CARTESIAN_POINT('',(-1.585331018701,-2.756968289563,
    11.403965899432));
#4825 = CARTESIAN_POINT('',(-1.072638644696,-2.967580421139,
    11.424799169859));
#4826 = CARTESIAN_POINT('',(5.6332574431E-06,-3.178192698377,
    11.466465736151));
#4827 = CARTESIAN_POINT('',(1.072641726143,-2.967579671153,
    11.508132443203));
#4828 = CARTESIAN_POINT('',(1.585326249668,-2.756966642234,
    11.528965859686));
#4829 = CARTESIAN_POINT('',(2.050748429574,-2.447235512973,
    11.549799313128));
#4830 = CARTESIAN_POINT('',(2.447223110512,-2.05075398501,11.57063276693
    ));
#4831 = CARTESIAN_POINT('',(2.756962921547,-1.58533502009,11.59146586567
    ));
#4832 = CARTESIAN_POINT('',(2.967607013472,-1.072638053769,
    11.612298722255));
#4833 = CARTESIAN_POINT('',(3.072885814653,-0.536316986046,
    11.633132520998));
#4834 = CARTESIAN_POINT('',(3.072885086346,6.116807862E-08,
    11.653965934312));
#4835 = ADVANCED_FACE('',(#4836),#4877,.F.);
#4836 = FACE_BOUND('',#4837,.F.);
#4837 = EDGE_LOOP('',(#4838,#4870,#4875,#4876));
#4838 = ORIENTED_EDGE('',*,*,#4839,.F.);
#4839 = EDGE_CURVE('',#4840,#4284,#4842,.T.);
#4840 = VERTEX_POINT('',#4841);
#4841 = CARTESIAN_POINT('',(2.67287942859,-2.81515112E-07,
    12.853968897272));
#4842 = B_SPLINE_CURVE_WITH_KNOTS('',8,(#4843,#4844,#4845,#4846,#4847,
    #4848,#4849,#4850,#4851,#4852,#4853,#4854,#4855,#4856,#4857,#4858,
    #4859,#4860,#4861,#4862,#4863,#4864,#4865,#4866,#4867,#4868,#4869),
  .UNSPECIFIED.,.F.,.F.,(9,6,6,6,9),(0.,1.581947328539,3.163894657078,
    4.745841985618,6.327789314157),.UNSPECIFIED.);
#4843 = CARTESIAN_POINT('',(2.67287942859,-2.81515113E-07,
    12.853968897272));
#4844 = CARTESIAN_POINT('',(2.67287904687,0.524832098437,12.877405993433
    ));
#4845 = CARTESIAN_POINT('',(2.555129497651,1.049615852777,
    12.900840865481));
#4846 = CARTESIAN_POINT('',(2.319573498875,1.543624174753,
    12.924282451127));
#4847 = CARTESIAN_POINT('',(1.97593367682,1.975957290953,12.947719394746
    ));
#4848 = CARTESIAN_POINT('',(1.543617934718,2.319570894475,
    12.971156234771));
#4849 = CARTESIAN_POINT('',(1.049638397201,2.555108891087,
    12.994593217452));
#4850 = CARTESIAN_POINT('',(6.67932411923E-06,2.790647169271,
    13.041467962772));
#4851 = CARTESIAN_POINT('',(-1.049637685967,2.555110613496,
    13.088343520343));
#4852 = CARTESIAN_POINT('',(-1.543629767584,2.319573182498,
    13.111781350914));
#4853 = CARTESIAN_POINT('',(-1.97595517293,1.975948189986,
    13.135218686203));
#4854 = CARTESIAN_POINT('',(-2.319573510613,1.543624798388,
    13.158655855959));
#4855 = CARTESIAN_POINT('',(-2.555108061356,1.049638636707,
    13.18209331834));
#4856 = CARTESIAN_POINT('',(-2.790643096656,2.9537499704E-07,
    13.228968428461));
#4857 = CARTESIAN_POINT('',(-2.555108511811,-1.049638147037,
    13.275843538582));
#4858 = CARTESIAN_POINT('',(-2.319574015456,-1.543624446955,
    13.299281000964));
#4859 = CARTESIAN_POINT('',(-1.975954855659,-1.975947651756,
    13.322718170719));
#4860 = CARTESIAN_POINT('',(-1.543629849369,-2.319572008751,
    13.346155506008));
#4861 = CARTESIAN_POINT('',(-1.049638134972,-2.555110240137,
    13.36959333658));
#4862 = CARTESIAN_POINT('',(6.11199272423E-06,-2.790648152047,
    13.41646889415));
#4863 = CARTESIAN_POINT('',(1.049637948196,-2.555109572341,
    13.46334363947));
#4864 = CARTESIAN_POINT('',(1.543617462667,-2.319571297378,
    13.486780622146));
#4865 = CARTESIAN_POINT('',(1.975932356046,-1.975953232382,
    13.510217462191));
#4866 = CARTESIAN_POINT('',(2.319569312461,-1.543627010886,
    13.533654405778));
#4867 = CARTESIAN_POINT('',(2.555134793155,-1.049616551423,
    13.557095991449));
#4868 = CARTESIAN_POINT('',(2.672878803059,-0.52483262416,13.58053086349
    ));
#4869 = CARTESIAN_POINT('',(2.672878414016,-2.442082907E-07,
    13.60396795965));
#4870 = ORIENTED_EDGE('',*,*,#4871,.T.);
#4871 = EDGE_CURVE('',#4840,#4178,#4872,.T.);
#4872 = B_SPLINE_CURVE_WITH_KNOTS('',1,(#4873,#4874),.UNSPECIFIED.,.F.,
  .F.,(2,2),(0.,0.5),.PIECEWISE_BEZIER_KNOTS.);
#4873 = CARTESIAN_POINT('',(2.67287942859,-2.8151507825E-07,
    12.853968897272));
#4874 = CARTESIAN_POINT('',(3.072881337441,4.454405735E-08,
    13.15396635212));
#4875 = ORIENTED_EDGE('',*,*,#4185,.T.);
#4876 = ORIENTED_EDGE('',*,*,#4380,.F.);
#4877 = B_SPLINE_SURFACE_WITH_KNOTS('',1,9,(
    (#4878,#4879,#4880,#4881,#4882,#4883,#4884,#4885,#4886,#4887,#4888
      ,#4889,#4890,#4891,#4892,#4893,#4894,#4895,#4896,#4897,#4898,#4899
      ,#4900,#4901,#4902,#4903,#4904,#4905,#4906,#4907,#4908)
    ,(#4909,#4910,#4911,#4912,#4913,#4914,#4915,#4916,#4917,#4918,#4919
      ,#4920,#4921,#4922,#4923,#4924,#4925,#4926,#4927,#4928,#4929,#4930
      ,#4931,#4932,#4933,#4934,#4935,#4936,#4937,#4938,#4939
  )),.UNSPECIFIED.,.F.,.F.,.F.,(2,2),(10,7,7,7,10),(0.,0.5),(0.,
    1.581947328539,3.163894657078,4.745841985618,6.327789314157),
  .UNSPECIFIED.);
#4878 = CARTESIAN_POINT('',(2.67287942859,-2.8151511255E-07,
    12.853968897272));
#4879 = CARTESIAN_POINT('',(2.672879089283,0.466517389553,
    12.874801871637));
#4880 = CARTESIAN_POINT('',(2.581296064144,0.932997240702,
    12.895633116137));
#4881 = CARTESIAN_POINT('',(2.398092165133,1.378954734094,
    12.916468589245));
#4882 = CARTESIAN_POINT('',(2.128662486622,1.783809239309,12.93730297536
    ));
#4883 = CARTESIAN_POINT('',(1.783793346996,2.128674448074,12.95813576809
    ));
#4884 = CARTESIAN_POINT('',(1.378958088879,2.398083560012,
    12.978968562332));
#4885 = CARTESIAN_POINT('',(0.93301265077,2.581279810885,12.999801522487
    ));
#4886 = CARTESIAN_POINT('',(5.9766900013E-06,2.764476345163,
    13.041468007897));
#4887 = CARTESIAN_POINT('',(-0.933010534268,2.581281341916,
    13.083135125058));
#4888 = CARTESIAN_POINT('',(-1.378965740378,2.398085659497,
    13.103968740724));
#4889 = CARTESIAN_POINT('',(-1.783810548332,2.12867040888,
    13.124802092741));
#4890 = CARTESIAN_POINT('',(-2.128674434123,1.783804460387,
    13.145635206095));
#4891 = CARTESIAN_POINT('',(-2.398085027528,1.378962744494,
    13.16646834342));
#4892 = CARTESIAN_POINT('',(-2.581278620834,0.933012154337,
    13.187301663909));
#4893 = CARTESIAN_POINT('',(-2.764472562204,2.8975946346E-07,
    13.228968428461));
#4894 = CARTESIAN_POINT('',(-2.581279021238,-0.933011653436,
    13.270635193013));
#4895 = CARTESIAN_POINT('',(-2.398085514241,-1.378962346982,
    13.291468513503));
#4896 = CARTESIAN_POINT('',(-2.128674482236,-1.783804005178,
    13.312301650828));
#4897 = CARTESIAN_POINT('',(-1.783810408419,-2.128669588198,
    13.33313476418));
#4898 = CARTESIAN_POINT('',(-1.37896594457,-2.398084752547,
    13.353968116199));
#4899 = CARTESIAN_POINT('',(-0.93301099642,-2.581281119238,
    13.374801731865));
#4900 = CARTESIAN_POINT('',(5.42250593966E-06,-2.764477235846,
    13.416468849025));
#4901 = CARTESIAN_POINT('',(0.933012188618,-2.581280525642,
    13.458135334435));
#4902 = CARTESIAN_POINT('',(1.378957831195,-2.398084733666,
    13.478968294623));
#4903 = CARTESIAN_POINT('',(1.783791871956,-2.128670629035,
    13.499801088746));
#4904 = CARTESIAN_POINT('',(2.128660423708,-1.783809988396,
    13.520633881655));
#4905 = CARTESIAN_POINT('',(2.398090932674,-1.378956179764,
    13.541468267633));
#4906 = CARTESIAN_POINT('',(2.581300128689,-0.93299790092,
    13.562303740792));
#4907 = CARTESIAN_POINT('',(2.672878759832,-0.466517915277,
    13.583134985286));
#4908 = CARTESIAN_POINT('',(2.672878414016,-2.4420829059E-07,
    13.60396795965));
#4909 = CARTESIAN_POINT('',(3.072881337441,4.45440218E-08,13.15396635212
    ));
#4910 = CARTESIAN_POINT('',(3.072880612034,0.536316110509,13.17479976543
    ));
#4911 = CARTESIAN_POINT('',(2.96759369741,1.072635911022,13.195633564148
    ));
#4912 = CARTESIAN_POINT('',(2.756960321325,1.585327595255,
    13.216466420737));
#4913 = CARTESIAN_POINT('',(2.447219864187,2.050756954543,
    13.237299519529));
#4914 = CARTESIAN_POINT('',(2.050748404581,2.447231560547,13.25813297331
    ));
#4915 = CARTESIAN_POINT('',(1.585322134805,2.756962803169,13.27896642674
    ));
#4916 = CARTESIAN_POINT('',(1.072639576962,2.967573295919,
    13.299799843218));
#4917 = CARTESIAN_POINT('',(5.54322030339E-06,3.17818523675,
    13.341466550267));
#4918 = CARTESIAN_POINT('',(-1.072636868039,2.96757502595,
    13.383133116568));
#4919 = CARTESIAN_POINT('',(-1.585328706613,2.756964364311,
    13.403966386999));
#4920 = CARTESIAN_POINT('',(-2.050760608859,2.447231222917,
    13.424799716169));
#4921 = CARTESIAN_POINT('',(-2.447235893293,2.050753693421,
    13.445633098513));
#4922 = CARTESIAN_POINT('',(-2.756964458111,1.585324201055,
    13.466466475516));
#4923 = CARTESIAN_POINT('',(-2.96757268478,1.072636648936,13.48729981171
    ));
#4924 = CARTESIAN_POINT('',(-3.178181470021,-8.72019217E-09,
    13.528966456569));
#4925 = CARTESIAN_POINT('',(-2.967573057303,-1.07263673952,
    13.570633101427));
#4926 = CARTESIAN_POINT('',(-2.756964814565,-1.585324410547,
    13.591466437622));
#4927 = CARTESIAN_POINT('',(-2.447235280065,-2.050753690274,
    13.612299814625));
#4928 = CARTESIAN_POINT('',(-2.050759512502,-2.447230408802,
    13.633133196968));
#4929 = CARTESIAN_POINT('',(-1.585328139958,-2.75696323146,
    13.653966526139));
#4930 = CARTESIAN_POINT('',(-1.072636705867,-2.967574981785,
    13.67479979657));
#4931 = CARTESIAN_POINT('',(5.60746851178E-06,-3.178186882312,
    13.71646636287));
#4932 = CARTESIAN_POINT('',(1.072639739134,-2.967574249211,
    13.758133069919));
#4933 = CARTESIAN_POINT('',(1.585323326142,-2.756961609882,
    13.778966486395));
#4934 = CARTESIAN_POINT('',(2.050744656806,-2.447231051174,
    13.799799939828));
#4935 = CARTESIAN_POINT('',(2.447218615454,-2.05075025211,13.82063339362
    ));
#4936 = CARTESIAN_POINT('',(2.756957863607,-1.585332141169,
    13.841466492379));
#4937 = CARTESIAN_POINT('',(2.967601574041,-1.072636114766,
    13.862299349001));
#4938 = CARTESIAN_POINT('',(3.072880186944,-0.536316029733,
    13.883133147708));
#4939 = CARTESIAN_POINT('',(3.072879462987,3.623235802E-08,
    13.903966561016));
#4940 = ADVANCED_FACE('',(#4941),#5120,.T.);
#4941 = FACE_BOUND('',#4942,.T.);
#4942 = EDGE_LOOP('',(#4943,#4944,#5023,#5031));
#4943 = ORIENTED_EDGE('',*,*,#4177,.T.);
#4944 = ORIENTED_EDGE('',*,*,#4945,.F.);
#4945 = EDGE_CURVE('',#4946,#4111,#4948,.T.);
#4946 = VERTEX_POINT('',#4947);
#4947 = CARTESIAN_POINT('',(3.,-1.347113E-09,12.608625216474));
#4948 = B_SPLINE_CURVE_WITH_KNOTS('',7,(#4949,#4950,#4951,#4952,#4953,
    #4954,#4955,#4956,#4957,#4958,#4959,#4960,#4961,#4962,#4963,#4964,
    #4965,#4966,#4967,#4968,#4969,#4970,#4971,#4972,#4973,#4974,#4975,
    #4976,#4977,#4978,#4979,#4980,#4981,#4982,#4983,#4984,#4985,#4986,
    #4987,#4988,#4989,#4990,#4991,#4992,#4993,#4994,#4995,#4996,#4997,
    #4998,#4999,#5000,#5001,#5002,#5003,#5004,#5005,#5006,#5007,#5008,
    #5009,#5010,#5011,#5012,#5013,#5014,#5015,#5016,#5017,#5018,#5019,
    #5020,#5021,#5022),.UNSPECIFIED.,.F.,.F.,(8,6,6,6,6,6,6,6,6,6,6,6,8)
  ,(0.,4.422965586302E-02,0.133882072573,0.215825451606,0.26560650161,
    0.375592709711,0.500578932734,0.625004719415,0.730468641956,
    0.783179086697,0.867090982716,0.954709267698,1.),.UNSPECIFIED.);
#4949 = CARTESIAN_POINT('',(3.,-2.69426126E-09,12.608625216474));
#4950 = CARTESIAN_POINT('',(2.999999994141,0.119090609586,
    12.613363656899));
#4951 = CARTESIAN_POINT('',(2.994484480238,0.238182328343,
    12.618103024205));
#4952 = CARTESIAN_POINT('',(2.983453547771,0.356966651973,
    12.622842556989));
#4953 = CARTESIAN_POINT('',(2.966928497457,0.475137382719,
    12.627581910446));
#4954 = CARTESIAN_POINT('',(2.944951771933,0.592391055777,
    12.632320995289));
#4955 = CARTESIAN_POINT('',(2.917586886444,0.708427368394,
    12.637059816667));
#4956 = CARTESIAN_POINT('',(2.81870006476,1.0550833535,12.651403127935)
  );
#4957 = CARTESIAN_POINT('',(2.730678900213,1.2810397998,12.661008377958)
  );
#4958 = CARTESIAN_POINT('',(2.621562775603,1.498290369495,12.67061169133
    ));
#4959 = CARTESIAN_POINT('',(2.492416568422,1.704501425449,
    12.680214537154));
#4960 = CARTESIAN_POINT('',(2.344594266888,1.897510996573,
    12.689818872725));
#4961 = CARTESIAN_POINT('',(2.179730456819,2.075342399752,
    12.699424859559));
#4962 = CARTESIAN_POINT('',(1.835324480308,2.383330575933,
    12.717808539581));
#4963 = CARTESIAN_POINT('',(1.658218964794,2.516311782063,
    12.726588755032));
#4964 = CARTESIAN_POINT('',(1.469957166746,2.633862455475,
    12.735368392361));
#4965 = CARTESIAN_POINT('',(1.272161402637,2.734887722444,
    12.744147524625));
#4966 = CARTESIAN_POINT('',(1.066566254293,2.818501641652,
    12.752926975129));
#4967 = CARTESIAN_POINT('',(0.855009765638,2.884031699467,
    12.761707001519));
#4968 = CARTESIAN_POINT('',(0.508485538104,2.959629814514,
    12.775819110941));
#4969 = CARTESIAN_POINT('',(0.376036438529,2.981373718571,
    12.781152368873));
#4970 = CARTESIAN_POINT('',(0.242526572645,2.996197902378,
    12.786485533044));
#4971 = CARTESIAN_POINT('',(0.108389692227,3.004042724673,
    12.791818644663));
#4972 = CARTESIAN_POINT('',(-2.593805102943E-02,3.004882675373,
    12.797151801123));
#4973 = CARTESIAN_POINT('',(-0.160018912463,2.998726422027,
    12.802485041294));
#4974 = CARTESIAN_POINT('',(-0.58813814895,2.95665259326,12.819601375079
    ));
#4975 = CARTESIAN_POINT('',(-0.879636416727,2.893734725925,
    12.831389085929));
#4976 = CARTESIAN_POINT('',(-1.16301393194,2.797300649373,
    12.843173424871));
#4977 = CARTESIAN_POINT('',(-1.433710908273,2.668701028759,
    12.854956749983));
#4978 = CARTESIAN_POINT('',(-1.687484323076,2.509951709745,
    12.866741294055));
#4979 = CARTESIAN_POINT('',(-1.920406671143,2.323733881935,
    12.878529173228));
#4980 = CARTESIAN_POINT('',(-2.366140293214,1.874735641257,
    12.903702464683));
#4981 = CARTESIAN_POINT('',(-2.572124111798,1.604727128172,
    12.917100510944));
#4982 = CARTESIAN_POINT('',(-2.741789487391,1.308656553063,
    12.930491071372));
#4983 = CARTESIAN_POINT('',(-2.871415750698,0.992453132471,
    12.943879461252));
#4984 = CARTESIAN_POINT('',(-2.958392444304,0.662484608746,
    12.957269948562));
#4985 = CARTESIAN_POINT('',(-3.001207685712,0.325585741462,
    12.970667930182));
#4986 = CARTESIAN_POINT('',(-2.998757896561,-0.34596437305,
    12.997388267005));
#4987 = CARTESIAN_POINT('',(-2.953885477641,-0.681029694127,
    13.010727050655));
#4988 = CARTESIAN_POINT('',(-2.865299523528,-1.008940692565,
    13.024059553117));
#4989 = CARTESIAN_POINT('',(-2.734532538119,-1.322964243545,
    13.03739027227));
#4990 = CARTESIAN_POINT('',(-2.564194937457,-1.616831809655,
    13.050722691974));
#4991 = CARTESIAN_POINT('',(-2.357986075597,-1.884712687015,
    13.064061388001));
#4992 = CARTESIAN_POINT('',(-1.920240567751,-2.322350835337,
    13.088690248414));
#4993 = CARTESIAN_POINT('',(-1.69718533892,-2.501007997275,
    13.09999215921));
#4994 = CARTESIAN_POINT('',(-1.454927273609,-2.654473284349,
    13.111291203105));
#4995 = CARTESIAN_POINT('',(-1.196906738868,-2.780369842687,
    13.122588557624));
#4996 = CARTESIAN_POINT('',(-0.926856417163,-2.876876211446,
    13.133887733653));
#4997 = CARTESIAN_POINT('',(-0.648766752957,-2.942743413069,
    13.145189750693));
#4998 = CARTESIAN_POINT('',(-0.226072273296,-2.994834578556,
    13.162135424404));
#4999 = CARTESIAN_POINT('',(-8.42515645782E-02,-3.004419194511,
    13.167782601371));
#5000 = CARTESIAN_POINT('',(5.801032029552E-02,-3.006165659528,
    13.173429734294));
#5001 = CARTESIAN_POINT('',(0.200193895428,-3.000053258366,
    13.179076835327));
#5002 = CARTESIAN_POINT('',(0.34178098931,-2.986104274632,
    13.184723984883));
#5003 = CARTESIAN_POINT('',(0.48225583955,-2.964383935828,
    13.190371187869));
#5004 = CARTESIAN_POINT('',(0.842147691332,-2.888223449043,
    13.205007985338));
#5005 = CARTESIAN_POINT('',(1.059107621885,-2.822018790669,
    13.213998755322));
#5006 = CARTESIAN_POINT('',(1.269885245547,-2.736822051026,
    13.222988498086));
#5007 = CARTESIAN_POINT('',(1.472504601039,-2.633350281699,
    13.231977526768));
#5008 = CARTESIAN_POINT('',(1.665102994142,-2.512554695086,
    13.240967043088));
#5009 = CARTESIAN_POINT('',(1.845941001192,-2.375615561599,
    13.249957570534));
#5010 = CARTESIAN_POINT('',(2.188325127684,-2.065645114661,
    13.268334079414));
#5011 = CARTESIAN_POINT('',(2.348716566233,-1.891241250416,
    13.277722652402));
#5012 = CARTESIAN_POINT('',(2.49278601752,-1.702402258442,
    13.287110654546));
#5013 = CARTESIAN_POINT('',(2.619012208312,-1.500976548861,
    13.296498704531));
#5014 = CARTESIAN_POINT('',(2.726130727729,-1.288981830147,
    13.305887697259));
#5015 = CARTESIAN_POINT('',(2.813141554233,-1.068593078658,
    13.315277049362));
#5016 = CARTESIAN_POINT('',(2.91360147,-0.725119066965,13.329516029146)
  );
#5017 = CARTESIAN_POINT('',(2.942284275759,-0.606450402375,
    13.334367929404));
#5018 = CARTESIAN_POINT('',(2.965323768466,-0.486475051667,
    13.339219467475));
#5019 = CARTESIAN_POINT('',(2.982650121974,-0.365515138929,
    13.34407064677));
#5020 = CARTESIAN_POINT('',(2.994216670693,-0.243896359555,
    13.348921644135));
#5021 = CARTESIAN_POINT('',(2.999999993891,-0.121947507527,
    13.353772862405));
#5022 = CARTESIAN_POINT('',(3.,-2.69397216E-09,13.358624982959));
#5023 = ORIENTED_EDGE('',*,*,#5024,.F.);
#5024 = EDGE_CURVE('',#5025,#4946,#5027,.T.);
#5025 = VERTEX_POINT('',#5026);
#5026 = CARTESIAN_POINT('',(3.,-7.433127E-09,12.349304785307));
#5027 = LINE('',#5028,#5029);
#5028 = CARTESIAN_POINT('',(3.,0.,10.));
#5029 = VECTOR('',#5030,1.);
#5030 = DIRECTION('',(0.,0.,1.));
#5031 = ORIENTED_EDGE('',*,*,#5032,.T.);
#5032 = EDGE_CURVE('',#5025,#4178,#5033,.T.);
#5033 = B_SPLINE_CURVE_WITH_KNOTS('',7,(#5034,#5035,#5036,#5037,#5038,
    #5039,#5040,#5041,#5042,#5043,#5044,#5045,#5046,#5047,#5048,#5049,
    #5050,#5051,#5052,#5053,#5054,#5055,#5056,#5057,#5058,#5059,#5060,
    #5061,#5062,#5063,#5064,#5065,#5066,#5067,#5068,#5069,#5070,#5071,
    #5072,#5073,#5074,#5075,#5076,#5077,#5078,#5079,#5080,#5081,#5082,
    #5083,#5084,#5085,#5086,#5087,#5088,#5089,#5090,#5091,#5092,#5093,
    #5094,#5095,#5096,#5097,#5098,#5099,#5100,#5101,#5102,#5103,#5104,
    #5105,#5106,#5107,#5108,#5109,#5110,#5111,#5112,#5113,#5114,#5115,
    #5116,#5117,#5118,#5119),.UNSPECIFIED.,.F.,.F.,(8,6,6,6,6,6,6,6,6,6,
    6,6,6,6,8),(0.,4.336288302646E-02,0.133368287163,0.205365482415,
    0.258443283793,0.371887542489,0.484779947003,0.502486059961,
    0.574488524373,0.623491039584,0.721132593711,0.776353167178,
    0.867855348688,0.955256681362,1.),.UNSPECIFIED.);
#5034 = CARTESIAN_POINT('',(3.,0.,12.349304785898));
#5035 = CARTESIAN_POINT('',(3.,0.116760635438,12.353950655289));
#5036 = CARTESIAN_POINT('',(2.994698190927,0.233522366717,
    12.358595844933));
#5037 = CARTESIAN_POINT('',(2.984094658295,0.349994444864,
    12.363240825767));
#5038 = CARTESIAN_POINT('',(2.968209084735,0.465888248054,
    12.367885899433));
#5039 = CARTESIAN_POINT('',(2.947080693183,0.580917654616,
    12.372531217278));
#5040 = CARTESIAN_POINT('',(2.920768190082,0.69479941603,12.377176799368
    ));
#5041 = CARTESIAN_POINT('',(2.824136490993,1.040666930081,
    12.391465431162));
#5042 = CARTESIAN_POINT('',(2.736913328336,1.267973700102,
    12.401110844069));
#5043 = CARTESIAN_POINT('',(2.628382719118,1.486610717566,12.41075567534
    ));
#5044 = CARTESIAN_POINT('',(2.499610999255,1.694211369002,
    12.420399458015));
#5045 = CARTESIAN_POINT('',(2.351958807176,1.888581971504,
    12.430043342659));
#5046 = CARTESIAN_POINT('',(2.187072527469,2.067715721639,
    12.439688063656));
#5047 = CARTESIAN_POINT('',(1.862842327562,2.359534091711,
    12.457044412915));
#5048 = CARTESIAN_POINT('',(1.708960400196,2.478369652059,
    12.464758297092));
#5049 = CARTESIAN_POINT('',(1.546289363741,2.585447479156,
    12.472471720498));
#5050 = CARTESIAN_POINT('',(1.375912894283,2.680002453059,
    12.480184929097));
#5051 = CARTESIAN_POINT('',(1.198986297493,2.761393414419,
    12.487898479448));
#5052 = CARTESIAN_POINT('',(1.016732163297,2.829105571841,
    12.495612514407));
#5053 = CARTESIAN_POINT('',(0.693110804159,2.922331833213,
    12.509012688556));
#5054 = CARTESIAN_POINT('',(0.553574644764,2.954261619538,
    12.514699443638));
#5055 = CARTESIAN_POINT('',(0.412350715601,2.97841123004,12.520386144863
    ));
#5056 = CARTESIAN_POINT('',(0.269959621285,2.994676674828,
    12.526072801002));
#5057 = CARTESIAN_POINT('',(0.126927548795,3.002997841986,
    12.531759492568));
#5058 = CARTESIAN_POINT('',(-1.621484991865E-02,3.003358626909,
    12.537446228284));
#5059 = CARTESIAN_POINT('',(-0.46396919453,2.979604201978,
    12.555286829666));
#5060 = CARTESIAN_POINT('',(-0.767211443751,2.927178355965,
    12.567445770381));
#5061 = CARTESIAN_POINT('',(-1.063257380543,2.838743913397,
    12.579600184004));
#5062 = CARTESIAN_POINT('',(-1.347047153045,2.715593326049,
    12.591752992847));
#5063 = CARTESIAN_POINT('',(-1.61385317248,2.559778204302,
    12.603907241181));
#5064 = CARTESIAN_POINT('',(-1.859275366317,2.37411113065,
    12.616066066443));
#5065 = CARTESIAN_POINT('',(-2.298557468966,1.951675309048,
    12.640315062915));
#5066 = CARTESIAN_POINT('',(-2.492845541873,1.714983435509,
    12.652415396044));
#5067 = CARTESIAN_POINT('',(-2.658441443221,1.455958455066,
    12.664512044631));
#5068 = CARTESIAN_POINT('',(-2.792401608739,1.178821112391,
    12.676607593064));
#5069 = CARTESIAN_POINT('',(-2.892515720971,0.888144094745,
    12.688704415218));
#5070 = CARTESIAN_POINT('',(-2.957304762229,0.588856098157,
    12.700805056662));
#5071 = CARTESIAN_POINT('',(-2.990860197593,0.238805981087,
    12.714797293116));
#5072 = CARTESIAN_POINT('',(-2.994529615908,0.19126297646,
    12.716694304626));
#5073 = CARTESIAN_POINT('',(-2.997317238472,0.143655208819,
    12.718591306077));
#5074 = CARTESIAN_POINT('',(-2.999221732877,9.60023093582E-02,
    12.720488296987));
#5075 = CARTESIAN_POINT('',(-3.000242313971,4.832393034731E-02,
    12.72238527705));
#5076 = CARTESIAN_POINT('',(-3.000378743853,6.397451314186E-04,
    12.724282246131));
#5077 = CARTESIAN_POINT('',(-2.996591957613,-0.240883311725,
    12.733893244125));
#5078 = CARTESIAN_POINT('',(-2.978936539315,-0.434520514587,
    12.74160764873));
#5079 = CARTESIAN_POINT('',(-2.946682648115,-0.626595517254,
    12.749321499077));
#5080 = CARTESIAN_POINT('',(-2.90000721495,-0.815793306889,
    12.757034994556));
#5081 = CARTESIAN_POINT('',(-2.839226791651,-1.000830754371,
    12.764748699637));
#5082 = CARTESIAN_POINT('',(-2.764796358287,-1.180461444282,
    12.772462812859));
#5083 = CARTESIAN_POINT('',(-2.617797680991,-1.471239292922,
    12.785426112072));
#5084 = CARTESIAN_POINT('',(-2.552225452454,-1.585940574618,
    12.790675872989));
#5085 = CARTESIAN_POINT('',(-2.480799739959,-1.697213996139,
    12.795925623394));
#5086 = CARTESIAN_POINT('',(-2.403737048721,-1.80470244011,
    12.801175395387));
#5087 = CARTESIAN_POINT('',(-2.321280207518,-1.9080672055,
    12.806425267113));
#5088 = CARTESIAN_POINT('',(-2.233697935845,-2.006988610867,
    12.811675259214));
#5089 = CARTESIAN_POINT('',(-1.957142839105,-2.288824005607,
    12.82738623372));
#5090 = CARTESIAN_POINT('',(-1.75377091243,-2.457698022578,
    12.837849866722));
#5091 = CARTESIAN_POINT('',(-1.533542360432,-2.605339474834,
    12.848311910348));
#5092 = CARTESIAN_POINT('',(-1.299137936922,-2.729796078165,
    12.858772827268));
#5093 = CARTESIAN_POINT('',(-1.053468721287,-2.829522177402,
    12.869234721475));
#5094 = CARTESIAN_POINT('',(-0.799653663355,-2.903390689146,
    12.879698200667));
#5095 = CARTESIAN_POINT('',(-0.394800454928,-2.977623387346,
    12.896075262786));
#5096 = CARTESIAN_POINT('',(-0.2469955038,-2.995983125037,
    12.901991480829));
#5097 = CARTESIAN_POINT('',(-9.822924996247E-02,-3.005778154986,
    12.907907560464));
#5098 = CARTESIAN_POINT('',(5.090304910393E-02,-3.006951973441,
    12.91382356315));
#5099 = CARTESIAN_POINT('',(0.199805022283,-2.999499889741,
    12.919739651458));
#5100 = CARTESIAN_POINT('',(0.347880597281,-2.983469037397,
    12.925655892751));
#5101 = CARTESIAN_POINT('',(0.737546934541,-2.918343483748,
    12.941375337941));
#5102 = CARTESIAN_POINT('',(0.976711042024,-2.854436850797,
    12.951180548929));
#5103 = CARTESIAN_POINT('',(1.209268265534,-2.767685039675,
    12.960984733926));
#5104 = CARTESIAN_POINT('',(1.432628758282,-2.658944353722,
    12.970788396762));
#5105 = CARTESIAN_POINT('',(1.644353877165,-2.529402016718,
    12.980592948643));
#5106 = CARTESIAN_POINT('',(1.842172245832,-2.380568346824,
    12.990398452529));
#5107 = CARTESIAN_POINT('',(2.197738031212,-2.055561371916,
    13.009565537633));
#5108 = CARTESIAN_POINT('',(2.356940479122,-1.880860681525,
    13.018930295787));
#5109 = CARTESIAN_POINT('',(2.499836732884,-1.691868990937,
    13.028293414221));
#5110 = CARTESIAN_POINT('',(2.624924685576,-1.490427715746,
    13.037655103416));
#5111 = CARTESIAN_POINT('',(2.730957346072,-1.2785449964,13.047017251362
    ));
#5112 = CARTESIAN_POINT('',(2.816950253762,-1.058383782598,
    13.056381342038));
#5113 = CARTESIAN_POINT('',(2.91566374034,-0.716533174258,
    13.070539070534));
#5114 = CARTESIAN_POINT('',(2.943664651666,-0.599217615681,
    13.075333183462));
#5115 = CARTESIAN_POINT('',(2.966154208317,-0.480641872226,
    13.080127629732));
#5116 = CARTESIAN_POINT('',(2.983065892244,-0.361116726335,
    13.084922422309));
#5117 = CARTESIAN_POINT('',(2.994355256687,-0.240956299094,
    13.089717456692));
#5118 = CARTESIAN_POINT('',(2.999999993422,-0.120477589691,
    13.094512315594));
#5119 = CARTESIAN_POINT('',(3.,-1.486472367E-08,13.09930607362));
#5120 = CYLINDRICAL_SURFACE('',#5121,3.);
#5121 = AXIS2_PLACEMENT_3D('',#5122,#5123,#5124);
#5122 = CARTESIAN_POINT('',(0.,0.,10.));
#5123 = DIRECTION('',(-0.,-0.,-1.));
#5124 = DIRECTION('',(1.,0.,0.));
#5125 = ADVANCED_FACE('',(#5126),#5136,.F.);
#5126 = FACE_BOUND('',#5127,.F.);
#5127 = EDGE_LOOP('',(#5128,#5129,#5134,#5135));
#5128 = ORIENTED_EDGE('',*,*,#4945,.F.);
#5129 = ORIENTED_EDGE('',*,*,#5130,.T.);
#5130 = EDGE_CURVE('',#4946,#4840,#5131,.T.);
#5131 = B_SPLINE_CURVE_WITH_KNOTS('',1,(#5132,#5133),.UNSPECIFIED.,.F.,
  .F.,(2,2),(0.,0.5),.PIECEWISE_BEZIER_KNOTS.);
#5132 = CARTESIAN_POINT('',(3.072877519722,5.942284576E-08,
    12.553966352132));
#5133 = CARTESIAN_POINT('',(2.67287942859,-2.8151507814E-07,
    12.853968897272));
#5134 = ORIENTED_EDGE('',*,*,#4839,.T.);
#5135 = ORIENTED_EDGE('',*,*,#4283,.F.);
#5136 = B_SPLINE_SURFACE_WITH_KNOTS('',1,8,(
    (#5137,#5138,#5139,#5140,#5141,#5142,#5143,#5144,#5145,#5146,#5147
      ,#5148,#5149,#5150,#5151,#5152,#5153,#5154,#5155,#5156,#5157,#5158
      ,#5159,#5160,#5161,#5162,#5163)
    ,(#5164,#5165,#5166,#5167,#5168,#5169,#5170,#5171,#5172,#5173,#5174
      ,#5175,#5176,#5177,#5178,#5179,#5180,#5181,#5182,#5183,#5184,#5185
      ,#5186,#5187,#5188,#5189,#5190
    )),.UNSPECIFIED.,.F.,.F.,.F.,(2,2),(9,6,6,6,9),(0.,0.5),(0.,
    1.581947328539,3.163894657078,4.745841985618,6.327789314157),
  .UNSPECIFIED.);
#5137 = CARTESIAN_POINT('',(3.072877519723,5.942281067E-08,
    12.553966352132));
#5138 = CARTESIAN_POINT('',(3.072877441435,0.603355052989,
    12.577403942102));
#5139 = CARTESIAN_POINT('',(2.937513577414,1.206715013247,
    12.600842027569));
#5140 = CARTESIAN_POINT('',(2.666678742018,1.774633717381,
    12.624278617347));
#5141 = CARTESIAN_POINT('',(2.271645081339,2.271649856962,
    12.647716241306));
#5142 = CARTESIAN_POINT('',(1.774622089512,2.666698785001,
    12.671153888334));
#5143 = CARTESIAN_POINT('',(1.206717626005,2.937483471992,
    12.694591503586));
#5144 = CARTESIAN_POINT('',(6.11044948496E-06,3.208270278073,
    12.741466560324));
#5145 = CARTESIAN_POINT('',(-1.206716051549,2.937484862718,
    12.788341436106));
#5146 = CARTESIAN_POINT('',(-1.774632425178,2.666699314772,
    12.81177886246));
#5147 = CARTESIAN_POINT('',(-2.271658771805,2.271651774698,
    12.835216399155));
#5148 = CARTESIAN_POINT('',(-2.666701440044,1.774626554078,
    12.858653972728));
#5149 = CARTESIAN_POINT('',(-2.93748310392,1.20671506567,12.882091481109
    ));
#5150 = CARTESIAN_POINT('',(-3.208265324579,-5.451088066E-08,
    12.928966456576));
#5151 = CARTESIAN_POINT('',(-2.937483097715,-1.2067151733,
    12.975841432043));
#5152 = CARTESIAN_POINT('',(-2.666701406891,-1.77462666598,
    12.999278940424));
#5153 = CARTESIAN_POINT('',(-2.271658582466,-2.271651833607,
    13.022716513997));
#5154 = CARTESIAN_POINT('',(-1.774632272165,-2.666699245944,
    13.046154050692));
#5155 = CARTESIAN_POINT('',(-1.206715937719,-2.937484880677,
    13.069591477046));
#5156 = CARTESIAN_POINT('',(6.22304189453E-06,-3.208270427908,
    13.116466352828));
#5157 = CARTESIAN_POINT('',(1.206717739834,-2.937483500974,
    13.163341409567));
#5158 = CARTESIAN_POINT('',(1.774622183025,-2.666698736304,
    13.186779024817));
#5159 = CARTESIAN_POINT('',(2.271645020935,-2.271649097216,
    13.210216671849));
#5160 = CARTESIAN_POINT('',(2.666678213878,-1.774633984309,
    13.233654295803));
#5161 = CARTESIAN_POINT('',(2.937514459665,-1.206714937475,
    13.257090885584));
#5162 = CARTESIAN_POINT('',(3.072877441696,-0.603354942455,
    13.280528971051));
#5163 = CARTESIAN_POINT('',(3.072877365039,5.111148615E-08,
    13.30396656102));
#5164 = CARTESIAN_POINT('',(2.67287942859,-2.81515113E-07,
    12.853968897272));
#5165 = CARTESIAN_POINT('',(2.67287904687,0.524832098437,12.877405993433
    ));
#5166 = CARTESIAN_POINT('',(2.555129497651,1.049615852777,
    12.900840865481));
#5167 = CARTESIAN_POINT('',(2.319573498875,1.543624174753,
    12.924282451127));
#5168 = CARTESIAN_POINT('',(1.97593367682,1.975957290953,12.947719394746
    ));
#5169 = CARTESIAN_POINT('',(1.543617934718,2.319570894475,
    12.971156234771));
#5170 = CARTESIAN_POINT('',(1.049638397201,2.555108891087,
    12.994593217452));
#5171 = CARTESIAN_POINT('',(6.67932411923E-06,2.790647169271,
    13.041467962772));
#5172 = CARTESIAN_POINT('',(-1.049637685967,2.555110613496,
    13.088343520343));
#5173 = CARTESIAN_POINT('',(-1.543629767584,2.319573182498,
    13.111781350914));
#5174 = CARTESIAN_POINT('',(-1.97595517293,1.975948189986,
    13.135218686203));
#5175 = CARTESIAN_POINT('',(-2.319573510613,1.543624798388,
    13.158655855959));
#5176 = CARTESIAN_POINT('',(-2.555108061356,1.049638636707,
    13.18209331834));
#5177 = CARTESIAN_POINT('',(-2.790643096656,2.9537499704E-07,
    13.228968428461));
#5178 = CARTESIAN_POINT('',(-2.555108511811,-1.049638147037,
    13.275843538582));
#5179 = CARTESIAN_POINT('',(-2.319574015456,-1.543624446955,
    13.299281000964));
#5180 = CARTESIAN_POINT('',(-1.975954855659,-1.975947651756,
    13.322718170719));
#5181 = CARTESIAN_POINT('',(-1.543629849369,-2.319572008751,
    13.346155506008));
#5182 = CARTESIAN_POINT('',(-1.049638134972,-2.555110240137,
    13.36959333658));
#5183 = CARTESIAN_POINT('',(6.11199272423E-06,-2.790648152047,
    13.41646889415));
#5184 = CARTESIAN_POINT('',(1.049637948196,-2.555109572341,
    13.46334363947));
#5185 = CARTESIAN_POINT('',(1.543617462667,-2.319571297378,
    13.486780622146));
#5186 = CARTESIAN_POINT('',(1.975932356046,-1.975953232382,
    13.510217462191));
#5187 = CARTESIAN_POINT('',(2.319569312461,-1.543627010886,
    13.533654405778));
#5188 = CARTESIAN_POINT('',(2.555134793155,-1.049616551423,
    13.557095991449));
#5189 = CARTESIAN_POINT('',(2.672878803059,-0.52483262416,13.58053086349
    ));
#5190 = CARTESIAN_POINT('',(2.672878414016,-2.442082907E-07,
    13.60396795965));
#5191 = ADVANCED_FACE('',(#5192),#5281,.T.);
#5192 = FACE_BOUND('',#5193,.T.);
#5193 = EDGE_LOOP('',(#5194,#5202,#5279,#5280));
#5194 = ORIENTED_EDGE('',*,*,#5195,.T.);
#5195 = EDGE_CURVE('',#4678,#5196,#5198,.T.);
#5196 = VERTEX_POINT('',#5197);
#5197 = CARTESIAN_POINT('',(3.,-1.347271E-09,11.858625449991));
#5198 = LINE('',#5199,#5200);
#5199 = CARTESIAN_POINT('',(3.,0.,10.));
#5200 = VECTOR('',#5201,1.);
#5201 = DIRECTION('',(0.,0.,1.));
#5202 = ORIENTED_EDGE('',*,*,#5203,.F.);
#5203 = EDGE_CURVE('',#4484,#5196,#5204,.T.);
#5204 = B_SPLINE_CURVE_WITH_KNOTS('',7,(#5205,#5206,#5207,#5208,#5209,
    #5210,#5211,#5212,#5213,#5214,#5215,#5216,#5217,#5218,#5219,#5220,
    #5221,#5222,#5223,#5224,#5225,#5226,#5227,#5228,#5229,#5230,#5231,
    #5232,#5233,#5234,#5235,#5236,#5237,#5238,#5239,#5240,#5241,#5242,
    #5243,#5244,#5245,#5246,#5247,#5248,#5249,#5250,#5251,#5252,#5253,
    #5254,#5255,#5256,#5257,#5258,#5259,#5260,#5261,#5262,#5263,#5264,
    #5265,#5266,#5267,#5268,#5269,#5270,#5271,#5272,#5273,#5274,#5275,
    #5276,#5277,#5278),.UNSPECIFIED.,.F.,.F.,(8,6,6,6,6,6,6,6,6,6,6,6,8)
  ,(0.,4.422966432755E-02,0.133882183987,0.21582562201,0.26560685844,
    0.375582596213,0.500568851904,0.624960858078,0.730568434958,
    0.782314487977,0.867701319618,0.954205966886,1.),.UNSPECIFIED.);
#5205 = CARTESIAN_POINT('',(3.,-2.69486522E-09,11.10862568351));
#5206 = CARTESIAN_POINT('',(2.999999994141,0.119090601633,
    11.113364123618));
#5207 = CARTESIAN_POINT('',(2.994484480975,0.238182312438,
    11.118103490617));
#5208 = CARTESIAN_POINT('',(2.983453549981,0.356966628176,
    11.122843023097));
#5209 = CARTESIAN_POINT('',(2.966928501871,0.475137351154,
    11.127582376249));
#5210 = CARTESIAN_POINT('',(2.944951779271,0.592391016627,
    11.132321460782));
#5211 = CARTESIAN_POINT('',(2.917586897408,0.708427321903,
    11.137060281847));
#5212 = CARTESIAN_POINT('',(2.818700025392,1.055083507836,11.15140360135
    ));
#5213 = CARTESIAN_POINT('',(2.730678767244,1.281040151519,
    11.161008859915));
#5214 = CARTESIAN_POINT('',(2.62156251192,1.498290901201,11.170612181815
    ));
#5215 = CARTESIAN_POINT('',(2.492416140069,1.704502113639,
    11.180215036168));
#5216 = CARTESIAN_POINT('',(2.344593644029,1.897511812283,
    11.189819380283));
#5217 = CARTESIAN_POINT('',(2.179729614656,2.07534330927,11.199425375673
    ));
#5218 = CARTESIAN_POINT('',(1.83532325327,2.383331530265,11.217809068303
    ));
#5219 = CARTESIAN_POINT('',(1.658217585891,2.516312705775,
    11.226589287815));
#5220 = CARTESIAN_POINT('',(1.46995563381,2.633863328299,11.235368929204
    ));
#5221 = CARTESIAN_POINT('',(1.27215971636,2.734888523488,11.244148065527
    ));
#5222 = CARTESIAN_POINT('',(1.066564418301,2.81850234984,11.252927520087
    ));
#5223 = CARTESIAN_POINT('',(0.855007786547,2.884032293989,
    11.261707550533));
#5224 = CARTESIAN_POINT('',(0.508482948372,2.959630280613,
    11.275819682602));
#5225 = CARTESIAN_POINT('',(0.376033366096,2.981374141225,11.28115295913
    ));
#5226 = CARTESIAN_POINT('',(0.242523016605,2.99619823224,11.286486141895
    ));
#5227 = CARTESIAN_POINT('',(0.108385656276,3.004042912205,
    11.291819272107));
#5228 = CARTESIAN_POINT('',(-2.594255860227E-02,3.004882671319,
    11.297152447161));
#5229 = CARTESIAN_POINT('',(-0.160023878797,2.998726177898,
    11.30248570593));
#5230 = CARTESIAN_POINT('',(-0.588115371355,2.956654292823,
    11.319600933555));
#5231 = CARTESIAN_POINT('',(-0.879585976255,2.893745147412,
    11.331387517504));
#5232 = CARTESIAN_POINT('',(-1.162937794597,2.797326175579,
    11.343170731276));
#5233 = CARTESIAN_POINT('',(-1.433612327875,2.66874756393,
    11.354952931619));
#5234 = CARTESIAN_POINT('',(-1.687367701733,2.51002445104,11.36673635056
    ));
#5235 = CARTESIAN_POINT('',(-1.92027742815,2.323837083965,11.378523103)
  );
#5236 = CARTESIAN_POINT('',(-2.366019952101,1.874887516095,
    11.403695270031));
#5237 = CARTESIAN_POINT('',(-2.572021101639,1.60489222537,
    11.417093316518));
#5238 = CARTESIAN_POINT('',(-2.741705481144,1.308832541473,
    11.430483877123));
#5239 = CARTESIAN_POINT('',(-2.871352040764,0.992637442093,
    11.443872266965));
#5240 = CARTESIAN_POINT('',(-2.958349914346,0.66267450199,
    11.457262754155));
#5241 = CARTESIAN_POINT('',(-3.001186780681,0.325778383682,
    11.470660735496));
#5242 = CARTESIAN_POINT('',(-2.998780423582,-0.345680843953,
    11.497377449317));
#5243 = CARTESIAN_POINT('',(-2.953953561076,-0.680657812145,
    11.510712598963));
#5244 = CARTESIAN_POINT('',(-2.865436547724,-1.008489151315,
    11.524041476962));
#5245 = CARTESIAN_POINT('',(-2.734759705266,-1.322447064776,
    11.537368573447));
#5246 = CARTESIAN_POINT('',(-2.564530268549,-1.616267651754,
    11.550697369507));
#5247 = CARTESIAN_POINT('',(-2.358443354151,-1.884124251525,
    11.564032432997));
#5248 = CARTESIAN_POINT('',(-1.920609969199,-2.322092670097,
    11.588673059738));
#5249 = CARTESIAN_POINT('',(-1.697269801761,-2.501025170796,
    11.599990387115));
#5250 = CARTESIAN_POINT('',(-1.454671592956,-2.654698054016,
    11.611304827412));
#5251 = CARTESIAN_POINT('',(-1.196269819387,-2.780724725171,
    11.622617567635));
#5252 = CARTESIAN_POINT('',(-0.925812830381,-2.877276945657,
    11.633932140125));
#5253 = CARTESIAN_POINT('',(-0.647307955652,-2.943101997788,
    11.645249567366));
#5254 = CARTESIAN_POINT('',(-0.226774289276,-2.994659568679,
    11.662107318776));
#5255 = CARTESIAN_POINT('',(-8.75597494141E-02,-3.004121289442,
    11.667651168335));
#5256 = CARTESIAN_POINT('',(5.208442084683E-02,-3.006029902892,
    11.673194979237));
#5257 = CARTESIAN_POINT('',(0.191666786328,-3.000365375635,
    11.678738762323));
#5258 = CARTESIAN_POINT('',(0.330697048943,-2.987147612098,
    11.68428259079));
#5259 = CARTESIAN_POINT('',(0.468687040056,-2.966436407027,
    11.689826468449));
#5260 = CARTESIAN_POINT('',(0.830333835174,-2.89195495893,11.70451797782
    ));
#5261 = CARTESIAN_POINT('',(1.051400580359,-2.825438789578,
    11.713666874838));
#5262 = CARTESIAN_POINT('',(1.266133953585,-2.739229841039,
    11.722814662156));
#5263 = CARTESIAN_POINT('',(1.472449623708,-2.634078102239,
    11.731961676411));
#5264 = CARTESIAN_POINT('',(1.66838413205,-2.510984267439,
    11.741109222908));
#5265 = CARTESIAN_POINT('',(1.852105873486,-2.37119414245,
    11.750257867606));
#5266 = CARTESIAN_POINT('',(2.194017286735,-2.059256899043,
    11.76867311921));
#5267 = CARTESIAN_POINT('',(2.351890308968,-1.886665360639,
    11.777942312598));
#5268 = CARTESIAN_POINT('',(2.493822738395,-1.700044172115,
    11.787210991532));
#5269 = CARTESIAN_POINT('',(2.618353858395,-1.501174565759,
    11.796479729025));
#5270 = CARTESIAN_POINT('',(2.724267517893,-1.291998694041,
    11.805749356551));
#5271 = CARTESIAN_POINT('',(2.810599153429,-1.074608393891,
    11.815019316139));
#5272 = CARTESIAN_POINT('',(2.911678442769,-0.733029466004,
    11.829192970315));
#5273 = CARTESIAN_POINT('',(2.940996988845,-0.613115833476,
    11.834098811628));
#5274 = CARTESIAN_POINT('',(2.964549280945,-0.491851685687,
    11.839004281578));
#5275 = CARTESIAN_POINT('',(2.982262345049,-0.36956984318,11.84390937934
    ));
#5276 = CARTESIAN_POINT('',(2.994087409337,-0.246606900353,
    11.848814283612));
#5277 = CARTESIAN_POINT('',(2.999999993823,-0.123302732474,
    11.853719406933));
#5278 = CARTESIAN_POINT('',(3.,-2.69454192E-09,11.858625449991));
#5279 = ORIENTED_EDGE('',*,*,#4483,.F.);
#5280 = ORIENTED_EDGE('',*,*,#4677,.T.);
#5281 = CYLINDRICAL_SURFACE('',#5282,3.);
#5282 = AXIS2_PLACEMENT_3D('',#5283,#5284,#5285);
#5283 = CARTESIAN_POINT('',(0.,0.,10.));
#5284 = DIRECTION('',(-0.,-0.,-1.));
#5285 = DIRECTION('',(1.,0.,0.));
#5286 = ADVANCED_FACE('',(#5287),#5328,.F.);
#5287 = FACE_BOUND('',#5288,.F.);
#5288 = EDGE_LOOP('',(#5289,#5290,#5291,#5323));
#5289 = ORIENTED_EDGE('',*,*,#5203,.F.);
#5290 = ORIENTED_EDGE('',*,*,#4612,.T.);
#5291 = ORIENTED_EDGE('',*,*,#5292,.T.);
#5292 = EDGE_CURVE('',#4581,#5293,#5295,.T.);
#5293 = VERTEX_POINT('',#5294);
#5294 = CARTESIAN_POINT('',(2.672880443167,-3.18821763E-07,
    12.103969834891));
#5295 = B_SPLINE_CURVE_WITH_KNOTS('',8,(#5296,#5297,#5298,#5299,#5300,
    #5301,#5302,#5303,#5304,#5305,#5306,#5307,#5308,#5309,#5310,#5311,
    #5312,#5313,#5314,#5315,#5316,#5317,#5318,#5319,#5320,#5321,#5322),
  .UNSPECIFIED.,.F.,.F.,(9,6,6,6,9),(0.,1.581947328539,3.163894657078,
    4.745841985618,6.327789314157),.UNSPECIFIED.);
#5296 = CARTESIAN_POINT('',(2.672881457746,-3.5612833771E-07,
    11.353970772507));
#5297 = CARTESIAN_POINT('',(2.67288109067,0.524832422161,11.37740786867)
  );
#5298 = CARTESIAN_POINT('',(2.555131466726,1.049616578396,
    11.400842740734));
#5299 = CARTESIAN_POINT('',(2.319575302816,1.543625281882,
    11.424284326356));
#5300 = CARTESIAN_POINT('',(1.975935232097,1.975958735832,
    11.447721269977));
#5301 = CARTESIAN_POINT('',(1.543619171332,2.319572612329,
    11.471158110007));
#5302 = CARTESIAN_POINT('',(1.049639265375,2.555110801532,
    11.494595092691));
#5303 = CARTESIAN_POINT('',(6.75722384592E-06,2.790649287828,
    11.541469838013));
#5304 = CARTESIAN_POINT('',(-1.049638411483,2.555112582545,
    11.58834539558));
#5305 = CARTESIAN_POINT('',(-1.543630874687,2.319574986529,
    11.611783226149));
#5306 = CARTESIAN_POINT('',(-1.975956617849,1.975949745222,
    11.635220561439));
#5307 = CARTESIAN_POINT('',(-2.319575228467,1.543626034989,
    11.658657731197));
#5308 = CARTESIAN_POINT('',(-2.555109971805,1.049639504867,
    11.682095193579));
#5309 = CARTESIAN_POINT('',(-2.790645215213,3.7327585246E-07,
    11.728970303699));
#5310 = CARTESIAN_POINT('',(-2.555110480861,-1.049638872546,
    11.775845413819));
#5311 = CARTESIAN_POINT('',(-2.319575819491,-1.543625554054,
    11.799282876201));
#5312 = CARTESIAN_POINT('',(-1.975956410892,-1.975949096673,
    11.822720045958));
#5313 = CARTESIAN_POINT('',(-1.543631085972,-2.319573726599,
    11.846157381249));
#5314 = CARTESIAN_POINT('',(-1.049639003139,-2.555112150585,
    11.869595211818));
#5315 = CARTESIAN_POINT('',(6.03409069314E-06,-2.790650270608,
    11.916470769385));
#5316 = CARTESIAN_POINT('',(1.049638673719,-2.55511154139,
    11.963345514707));
#5317 = CARTESIAN_POINT('',(1.543618569778,-2.319573101412,
    11.986782497386));
#5318 = CARTESIAN_POINT('',(1.975933801005,-1.975954787559,
    12.010219337435));
#5319 = CARTESIAN_POINT('',(2.319571030199,-1.543628247522,
    12.033656281026));
#5320 = CARTESIAN_POINT('',(2.555136703651,-1.049617419697,
    12.057097866671));
#5321 = CARTESIAN_POINT('',(2.672880817564,-0.524833097111,
    12.080532738728));
#5322 = CARTESIAN_POINT('',(2.672880443167,-3.1882175944E-07,
    12.103969834891));
#5323 = ORIENTED_EDGE('',*,*,#5324,.F.);
#5324 = EDGE_CURVE('',#5196,#5293,#5325,.T.);
#5325 = B_SPLINE_CURVE_WITH_KNOTS('',1,(#5326,#5327),.UNSPECIFIED.,.F.,
  .F.,(2,2),(0.,0.5),.PIECEWISE_BEZIER_KNOTS.);
#5326 = CARTESIAN_POINT('',(3.072877674405,6.773419292E-08,
    11.803966143245));
#5327 = CARTESIAN_POINT('',(2.672880443167,-3.1882175944E-07,
    12.103969834891));
#5328 = B_SPLINE_SURFACE_WITH_KNOTS('',1,8,(
    (#5329,#5330,#5331,#5332,#5333,#5334,#5335,#5336,#5337,#5338,#5339
      ,#5340,#5341,#5342,#5343,#5344,#5345,#5346,#5347,#5348,#5349,#5350
      ,#5351,#5352,#5353,#5354,#5355)
    ,(#5356,#5357,#5358,#5359,#5360,#5361,#5362,#5363,#5364,#5365,#5366
      ,#5367,#5368,#5369,#5370,#5371,#5372,#5373,#5374,#5375,#5376,#5377
      ,#5378,#5379,#5380,#5381,#5382
    )),.UNSPECIFIED.,.F.,.F.,.F.,(2,2),(9,6,6,6,9),(0.,0.5),(0.,
    1.581947328539,3.163894657078,4.745841985618,6.327789314157),
  .UNSPECIFIED.);
#5329 = CARTESIAN_POINT('',(3.072877829087,7.604559427E-08,
    11.053965934356));
#5330 = CARTESIAN_POINT('',(3.072877747536,0.603355130343,
    11.077403524326));
#5331 = CARTESIAN_POINT('',(2.937513866629,1.20671515064,11.100841609796
    ));
#5332 = CARTESIAN_POINT('',(2.666679000874,1.774633910473,11.12427819957
    ));
#5333 = CARTESIAN_POINT('',(2.271645297759,2.271650097943,
    11.147715823529));
#5334 = CARTESIAN_POINT('',(1.774622253749,2.666699063075,
    11.171153470558));
#5335 = CARTESIAN_POINT('',(1.206717731602,2.937483774255,11.19459108581
    ));
#5336 = CARTESIAN_POINT('',(6.09309411743E-06,3.208270601069,
    11.241466142549));
#5337 = CARTESIAN_POINT('',(-1.206716188926,2.937485151925,
    11.288341018331));
#5338 = CARTESIAN_POINT('',(-1.774632618264,2.666699573645,
    11.311778444684));
#5339 = CARTESIAN_POINT('',(-2.271659012795,2.271651991112,
    11.335215981379));
#5340 = CARTESIAN_POINT('',(-2.666701718118,1.774626718313,
    11.358653554953));
#5341 = CARTESIAN_POINT('',(-2.937483406182,1.206715171265,
    11.382091063334));
#5342 = CARTESIAN_POINT('',(-3.208265647574,-7.186606018E-08,
    11.4289660388));
#5343 = CARTESIAN_POINT('',(-2.937483386922,-1.206715310676,
    11.475841014267));
#5344 = CARTESIAN_POINT('',(-2.666701665765,-1.774626859066,
    11.499278522648));
#5345 = CARTESIAN_POINT('',(-2.271658798879,-2.271652074597,
    11.522716096222));
#5346 = CARTESIAN_POINT('',(-1.774632436401,-2.666699524018,
    11.546153632917));
#5347 = CARTESIAN_POINT('',(-1.206716043316,-2.93748518294,
    11.56959105927));
#5348 = CARTESIAN_POINT('',(6.24039690917E-06,-3.208270750903,
    11.616465935052));
#5349 = CARTESIAN_POINT('',(1.206717877212,-2.937483790181,
    11.663340991791));
#5350 = CARTESIAN_POINT('',(1.774622376112,-2.666698995178,
    11.686778607042));
#5351 = CARTESIAN_POINT('',(2.271645261932,-2.271649313625,
    11.710216254074));
#5352 = CARTESIAN_POINT('',(2.666678491938,-1.774634148548,
    11.733653878028));
#5353 = CARTESIAN_POINT('',(2.937514761931,-1.206715043086,
    11.757090467806));
#5354 = CARTESIAN_POINT('',(3.072877754325,-0.603354986563,
    11.780528553275));
#5355 = CARTESIAN_POINT('',(3.072877674405,6.773419292E-08,
    11.803966143245));
#5356 = CARTESIAN_POINT('',(2.672881457746,-3.5612833771E-07,
    11.353970772507));
#5357 = CARTESIAN_POINT('',(2.67288109067,0.524832422161,11.37740786867)
  );
#5358 = CARTESIAN_POINT('',(2.555131466726,1.049616578396,
    11.400842740734));
#5359 = CARTESIAN_POINT('',(2.319575302816,1.543625281882,
    11.424284326356));
#5360 = CARTESIAN_POINT('',(1.975935232097,1.975958735832,
    11.447721269977));
#5361 = CARTESIAN_POINT('',(1.543619171332,2.319572612329,
    11.471158110007));
#5362 = CARTESIAN_POINT('',(1.049639265375,2.555110801532,
    11.494595092691));
#5363 = CARTESIAN_POINT('',(6.75722384592E-06,2.790649287828,
    11.541469838013));
#5364 = CARTESIAN_POINT('',(-1.049638411483,2.555112582545,
    11.58834539558));
#5365 = CARTESIAN_POINT('',(-1.543630874687,2.319574986529,
    11.611783226149));
#5366 = CARTESIAN_POINT('',(-1.975956617849,1.975949745222,
    11.635220561439));
#5367 = CARTESIAN_POINT('',(-2.319575228467,1.543626034989,
    11.658657731197));
#5368 = CARTESIAN_POINT('',(-2.555109971805,1.049639504867,
    11.682095193579));
#5369 = CARTESIAN_POINT('',(-2.790645215213,3.7327585246E-07,
    11.728970303699));
#5370 = CARTESIAN_POINT('',(-2.555110480861,-1.049638872546,
    11.775845413819));
#5371 = CARTESIAN_POINT('',(-2.319575819491,-1.543625554054,
    11.799282876201));
#5372 = CARTESIAN_POINT('',(-1.975956410892,-1.975949096673,
    11.822720045958));
#5373 = CARTESIAN_POINT('',(-1.543631085972,-2.319573726599,
    11.846157381249));
#5374 = CARTESIAN_POINT('',(-1.049639003139,-2.555112150585,
    11.869595211818));
#5375 = CARTESIAN_POINT('',(6.03409069314E-06,-2.790650270608,
    11.916470769385));
#5376 = CARTESIAN_POINT('',(1.049638673719,-2.55511154139,
    11.963345514707));
#5377 = CARTESIAN_POINT('',(1.543618569778,-2.319573101412,
    11.986782497386));
#5378 = CARTESIAN_POINT('',(1.975933801005,-1.975954787559,
    12.010219337435));
#5379 = CARTESIAN_POINT('',(2.319571030199,-1.543628247522,
    12.033656281026));
#5380 = CARTESIAN_POINT('',(2.555136703651,-1.049617419697,
    12.057097866671));
#5381 = CARTESIAN_POINT('',(2.672880817564,-0.524833097111,
    12.080532738728));
#5382 = CARTESIAN_POINT('',(2.672880443167,-3.1882175944E-07,
    12.103969834891));
#5383 = ADVANCED_FACE('',(#5384),#5482,.F.);
#5384 = FACE_BOUND('',#5385,.F.);
#5385 = EDGE_LOOP('',(#5386,#5387,#5388,#5477));
#5386 = ORIENTED_EDGE('',*,*,#5292,.F.);
#5387 = ORIENTED_EDGE('',*,*,#4768,.T.);
#5388 = ORIENTED_EDGE('',*,*,#5389,.T.);
#5389 = EDGE_CURVE('',#4678,#5025,#5390,.T.);
#5390 = B_SPLINE_CURVE_WITH_KNOTS('',7,(#5391,#5392,#5393,#5394,#5395,
    #5396,#5397,#5398,#5399,#5400,#5401,#5402,#5403,#5404,#5405,#5406,
    #5407,#5408,#5409,#5410,#5411,#5412,#5413,#5414,#5415,#5416,#5417,
    #5418,#5419,#5420,#5421,#5422,#5423,#5424,#5425,#5426,#5427,#5428,
    #5429,#5430,#5431,#5432,#5433,#5434,#5435,#5436,#5437,#5438,#5439,
    #5440,#5441,#5442,#5443,#5444,#5445,#5446,#5447,#5448,#5449,#5450,
    #5451,#5452,#5453,#5454,#5455,#5456,#5457,#5458,#5459,#5460,#5461,
    #5462,#5463,#5464,#5465,#5466,#5467,#5468,#5469,#5470,#5471,#5472,
    #5473,#5474,#5475,#5476),.UNSPECIFIED.,.F.,.F.,(8,6,6,6,6,6,6,6,6,6,
    6,6,6,6,8),(0.,4.336288289041E-02,0.13336854365,0.205365854404,
    0.258429181981,0.371828057386,0.484690806307,0.503037015056,
    0.575039440852,0.623041897557,0.720438761696,0.776933667715,
    0.867677678222,0.954743439332,1.),.UNSPECIFIED.);
#5391 = CARTESIAN_POINT('',(3.,4.4E-16,11.599303497596));
#5392 = CARTESIAN_POINT('',(3.,0.116760665998,11.603949368201));
#5393 = CARTESIAN_POINT('',(2.994698188151,0.233522427838,
    11.608594559064));
#5394 = CARTESIAN_POINT('',(2.984094649969,0.349994536316,
    11.613239541118));
#5395 = CARTESIAN_POINT('',(2.968209068104,0.465888369385,
    11.617884616003));
#5396 = CARTESIAN_POINT('',(2.947080665534,0.580917805148,
    11.622529935067));
#5397 = CARTESIAN_POINT('',(2.920768148762,0.694799594866,
    11.627175518374));
#5398 = CARTESIAN_POINT('',(2.824136213579,1.040667858787,
    11.641464181433));
#5399 = CARTESIAN_POINT('',(2.73691269423,1.267975312238,11.651109624414
    ));
#5400 = CARTESIAN_POINT('',(2.628381598244,1.48661294947,11.660754485739
    ));
#5401 = CARTESIAN_POINT('',(2.49960927295,1.694214135463,11.670398298451
    ));
#5402 = CARTESIAN_POINT('',(2.351956371594,1.888585168097,
    11.680042213139));
#5403 = CARTESIAN_POINT('',(2.18706929682,2.067719227284,11.689686964202
    ));
#5404 = CARTESIAN_POINT('',(1.862837731087,2.359537750375,
    11.707043357919));
#5405 = CARTESIAN_POINT('',(1.708955279813,2.478373230398,
    11.714757256517));
#5406 = CARTESIAN_POINT('',(1.546283710026,2.585450915384,
    11.722470694342));
#5407 = CARTESIAN_POINT('',(1.37590670548,2.68000568334,11.73018391736)
  );
#5408 = CARTESIAN_POINT('',(1.198979579768,2.761396373928,
    11.737897482134));
#5409 = CARTESIAN_POINT('',(1.016724930945,2.829108195844,
    11.745611531519));
#5410 = CARTESIAN_POINT('',(0.693140387258,2.922322912724,
    11.759010170913));
#5411 = CARTESIAN_POINT('',(0.553642757421,2.954245705076,
    11.764695376646));
#5412 = CARTESIAN_POINT('',(0.412458157919,2.97839259588,11.770380528618
    ));
#5413 = CARTESIAN_POINT('',(0.27010676525,2.994659669916,11.776065635586
    ));
#5414 = CARTESIAN_POINT('',(0.127114333884,3.002986841893,
    11.781750777939));
#5415 = CARTESIAN_POINT('',(-1.598891944046E-02,3.00335798566,
    11.787435964374));
#5416 = CARTESIAN_POINT('',(-0.463584527006,2.979651558212,
    11.805270157834));
#5417 = CARTESIAN_POINT('',(-0.766710723,2.92728789098,11.817424229625)
  );
#5418 = CARTESIAN_POINT('',(-1.062651734229,2.838943745788,
    11.829573783234));
#5419 = CARTESIAN_POINT('',(-1.346353582563,2.715909093942,
    11.84172173425));
#5420 = CARTESIAN_POINT('',(-1.613093854621,2.560232010333,
    11.853871121993));
#5421 = CARTESIAN_POINT('',(-1.858477006422,2.37472044052,11.86602507744
    ));
#5422 = CARTESIAN_POINT('',(-2.297771199105,1.95258853135,
    11.890266038133));
#5423 = CARTESIAN_POINT('',(-2.492103045423,1.716038192283,
    11.902363189024));
#5424 = CARTESIAN_POINT('',(-2.657767175097,1.457154814554,
    11.914456660928));
#5425 = CARTESIAN_POINT('',(-2.791820525357,1.180154520134,
    11.926549034898));
#5426 = CARTESIAN_POINT('',(-2.89205238275,0.889605380818,
    11.938642682133));
#5427 = CARTESIAN_POINT('',(-2.956982444319,0.590431444534,
    11.95074014421));
#5428 = CARTESIAN_POINT('',(-2.990891523163,0.238763964907,
    11.964797788524));
#5429 = CARTESIAN_POINT('',(-2.994688203268,0.189501160451,
    11.966763379952));
#5430 = CARTESIAN_POINT('',(-2.997538144629,0.140169058655,
    11.968728960537));
#5431 = CARTESIAN_POINT('',(-2.999439874576,9.078950319866E-02,
    11.970694529575));
#5432 = CARTESIAN_POINT('',(-3.000392551318,4.138435518097E-02,
    11.972660086777));
#5433 = CARTESIAN_POINT('',(-3.000395963938,-8.024506882575E-03,
    11.974625632275));
#5434 = CARTESIAN_POINT('',(-2.995740045649,-0.251256259797,
    11.984305198606));
#5435 = CARTESIAN_POINT('',(-2.97741434917,-0.44483117491,
    11.992019595505));
#5436 = CARTESIAN_POINT('',(-2.944495676214,-0.6367933582,
    11.999733440239));
#5437 = CARTESIAN_POINT('',(-2.897165509358,-0.825828417342,
    12.007446932315));
#5438 = CARTESIAN_POINT('',(-2.835744840834,-1.010654326939,
    12.015160636172));
#5439 = CARTESIAN_POINT('',(-2.760692963136,-1.190026254363,
    12.022874750528));
#5440 = CARTESIAN_POINT('',(-2.61391164759,-1.47789455486,
    12.035730920824));
#5441 = CARTESIAN_POINT('',(-2.549409648854,-1.590093339528,
    12.040873542092));
#5442 = CARTESIAN_POINT('',(-2.479298316524,-1.698990661618,
    12.046016156798));
#5443 = CARTESIAN_POINT('',(-2.403781789141,-1.804251235045,
    12.051158794244));
#5444 = CARTESIAN_POINT('',(-2.323088433017,-1.905556746691,
    12.056301525223));
#5445 = CARTESIAN_POINT('',(-2.237470454295,-2.002606396703,
    12.061444368464));
#5446 = CARTESIAN_POINT('',(-1.964052109699,-2.282822110925,
    12.077021983416));
#5447 = CARTESIAN_POINT('',(-1.761714297021,-2.451891101071,
    12.087459369278));
#5448 = CARTESIAN_POINT('',(-1.542538800402,-2.599887517872,
    12.097895190647));
#5449 = CARTESIAN_POINT('',(-1.309179842752,-2.72486500572,
    12.108329903987));
#5450 = CARTESIAN_POINT('',(-1.064521121083,-2.82527913348,
    12.118765585772));
#5451 = CARTESIAN_POINT('',(-0.811653725794,-2.899999266359,
    12.129202833739));
#5452 = CARTESIAN_POINT('',(-0.404402976503,-2.976507829532,
    12.145690223035));
#5453 = CARTESIAN_POINT('',(-0.253232521012,-2.995750725167,
    12.151742988974));
#5454 = CARTESIAN_POINT('',(-0.101031149042,-3.006030826474,
    12.157795602019));
#5455 = CARTESIAN_POINT('',(5.15637729658E-02,-3.00728611554,
    12.163848129065));
#5456 = CARTESIAN_POINT('',(0.203913622963,-2.999511345582,
    12.169900750261));
#5457 = CARTESIAN_POINT('',(0.355380119237,-2.982758048659,
    12.175953539706));
#5458 = CARTESIAN_POINT('',(0.746176484769,-2.915977210851,
    12.19172830596));
#5459 = CARTESIAN_POINT('',(0.983157512238,-2.851926648472,
    12.201452230257));
#5460 = CARTESIAN_POINT('',(1.213581534158,-2.765428325251,
    12.211175176048));
#5461 = CARTESIAN_POINT('',(1.434924592352,-2.657322974194,
    12.220897623667));
#5462 = CARTESIAN_POINT('',(1.644809637019,-2.528771558901,
    12.230620922692));
#5463 = CARTESIAN_POINT('',(1.841021880772,-2.381247768415,
    12.240345128585));
#5464 = CARTESIAN_POINT('',(2.19477445093,-2.058622281736,
    12.259395056543));
#5465 = CARTESIAN_POINT('',(2.353615020506,-1.884830621116,
    12.268723853497));
#5466 = CARTESIAN_POINT('',(2.496297214518,-1.69683323334,
    12.278051034841));
#5467 = CARTESIAN_POINT('',(2.621333035925,-1.496447771443,
    12.28737680506));
#5468 = CARTESIAN_POINT('',(2.7274854948,-1.285656652073,12.296703009754
    ));
#5469 = CARTESIAN_POINT('',(2.813775896545,-1.066595403016,
    12.306031101718));
#5470 = CARTESIAN_POINT('',(2.913725553083,-0.724605519367,
    12.320207804075));
#5471 = CARTESIAN_POINT('',(2.94236734651,-0.606017687626,
    12.325056893172));
#5472 = CARTESIAN_POINT('',(2.965373746042,-0.486126016221,
    12.329906322712));
#5473 = CARTESIAN_POINT('',(2.982675136197,-0.365251959992,
    12.334756111325));
#5474 = CARTESIAN_POINT('',(2.994225001291,-0.243720501455,
    12.339606157748));
#5475 = CARTESIAN_POINT('',(2.999999993346,-0.121859662294,
    12.344456035126));
#5476 = CARTESIAN_POINT('',(3.,-1.486625356E-08,12.349304785307));
#5477 = ORIENTED_EDGE('',*,*,#5478,.F.);
#5478 = EDGE_CURVE('',#5293,#5025,#5479,.T.);
#5479 = B_SPLINE_CURVE_WITH_KNOTS('',1,(#5480,#5481),.UNSPECIFIED.,.F.,
  .F.,(2,2),(0.,0.5),.PIECEWISE_BEZIER_KNOTS.);
#5480 = CARTESIAN_POINT('',(2.672880443167,-3.1882175955E-07,
    12.103969834891));
#5481 = CARTESIAN_POINT('',(3.072883211894,5.285593875E-08,
    12.403966143219));
#5482 = B_SPLINE_SURFACE_WITH_KNOTS('',1,9,(
    (#5483,#5484,#5485,#5486,#5487,#5488,#5489,#5490,#5491,#5492,#5493
      ,#5494,#5495,#5496,#5497,#5498,#5499,#5500,#5501,#5502,#5503,#5504
      ,#5505,#5506,#5507,#5508,#5509,#5510,#5511,#5512,#5513)
    ,(#5514,#5515,#5516,#5517,#5518,#5519,#5520,#5521,#5522,#5523,#5524
      ,#5525,#5526,#5527,#5528,#5529,#5530,#5531,#5532,#5533,#5534,#5535
      ,#5536,#5537,#5538,#5539,#5540,#5541,#5542,#5543,#5544
  )),.UNSPECIFIED.,.F.,.F.,.F.,(2,2),(10,7,7,7,10),(0.,0.5),(0.,
    1.581947328539,3.163894657078,4.745841985618,6.327789314157),
  .UNSPECIFIED.);
#5483 = CARTESIAN_POINT('',(2.672881457746,-3.5612833837E-07,
    11.353970772507));
#5484 = CARTESIAN_POINT('',(2.672881131457,0.466517669018,
    11.374803746874));
#5485 = CARTESIAN_POINT('',(2.581298049825,0.932997877011,
    11.395634991387));
#5486 = CARTESIAN_POINT('',(2.398094024119,1.378955714053,
    11.416470464482));
#5487 = CARTESIAN_POINT('',(2.128664152417,1.783810534077,11.43730485059
    ));
#5488 = CARTESIAN_POINT('',(1.783794760646,2.128676014275,
    11.458137643324));
#5489 = CARTESIAN_POINT('',(1.37895920268,2.398085342063,11.478970437568
    ));
#5490 = CARTESIAN_POINT('',(0.933013431136,2.581281744454,
    11.499803397727));
#5491 = CARTESIAN_POINT('',(6.0538596844E-06,2.764478443851,
    11.541469883137));
#5492 = CARTESIAN_POINT('',(-0.933011170515,2.581283327576,
    11.583137000295));
#5493 = CARTESIAN_POINT('',(-1.378966720286,2.398087518535,
    11.60397061596));
#5494 = CARTESIAN_POINT('',(-1.78381184311,2.128672074692,
    11.624803967977));
#5495 = CARTESIAN_POINT('',(-2.128676000346,1.783805874007,
    11.645637081332));
#5496 = CARTESIAN_POINT('',(-2.39808680958,1.378963858282,
    11.666470218658));
#5497 = CARTESIAN_POINT('',(-2.581280554406,0.933012934691,
    11.687303539148));
#5498 = CARTESIAN_POINT('',(-2.764474660893,3.6692975358E-07,
    11.728970303699));
#5499 = CARTESIAN_POINT('',(-2.5812810069,-0.933012289677,11.77063706825
    ));
#5500 = CARTESIAN_POINT('',(-2.398087373281,-1.378963326885,
    11.79147038874));
#5501 = CARTESIAN_POINT('',(-2.128676148047,-1.783805299954,
    11.812303526066));
#5502 = CARTESIAN_POINT('',(-1.783811822038,-2.128671154418,
    11.83313663942));
#5503 = CARTESIAN_POINT('',(-1.378967058361,-2.398086534594,
    11.853969991439));
#5504 = CARTESIAN_POINT('',(-0.93301177678,-2.581283052809,
    11.874803607103));
#5505 = CARTESIAN_POINT('',(5.34533501612E-06,-2.764479334539,
    11.91647072426));
#5506 = CARTESIAN_POINT('',(0.933012824872,-2.581282511303,
    11.958137209671));
#5507 = CARTESIAN_POINT('',(1.378958811116,-2.398086592695,
    11.978970169862));
#5508 = CARTESIAN_POINT('',(1.783793166747,-2.128672294844,
    11.999802963988));
#5509 = CARTESIAN_POINT('',(2.128661989915,-1.78381140197,12.0206357569)
  );
#5510 = CARTESIAN_POINT('',(2.398092714659,-1.378957293624,
    12.041470142872));
#5511 = CARTESIAN_POINT('',(2.581302062299,-0.932998681344,
    12.062305616017));
#5512 = CARTESIAN_POINT('',(2.672880775965,-0.466518343968,
    12.083136860524));
#5513 = CARTESIAN_POINT('',(2.672880443167,-3.1882175955E-07,
    12.103969834891));
#5514 = CARTESIAN_POINT('',(3.072885086346,6.11680635E-08,
    11.653965934312));
#5515 = CARTESIAN_POINT('',(3.072884358038,0.536316781299,
    11.674799347627));
#5516 = CARTESIAN_POINT('',(2.967597312097,1.0726372358,11.695633146368)
  );
#5517 = CARTESIAN_POINT('',(2.75696367614,1.585329544348,11.716466002933
    ));
#5518 = CARTESIAN_POINT('',(2.447222838677,2.050759469668,
    11.737299101712));
#5519 = CARTESIAN_POINT('',(2.050750893305,2.447234557219,11.7581325555)
  );
#5520 = CARTESIAN_POINT('',(1.585324053984,2.756966175243,
    11.778966008936));
#5521 = CARTESIAN_POINT('',(1.072640869526,2.967576922154,
    11.799799425418));
#5522 = CARTESIAN_POINT('',(5.52602560349E-06,3.178189114128,
    11.84146613247));
#5523 = CARTESIAN_POINT('',(-1.0726381927,2.967578640581,11.883132698765
    ));
#5524 = CARTESIAN_POINT('',(-1.585330655605,2.756967719227,
    11.903965969193));
#5525 = CARTESIAN_POINT('',(-2.05076312401,2.447234197447,
    11.924799298363));
#5526 = CARTESIAN_POINT('',(-2.447238890015,2.050756182094,
    11.945632680709));
#5527 = CARTESIAN_POINT('',(-2.756967830186,1.58532612021,
    11.966466057714));
#5528 = CARTESIAN_POINT('',(-2.967576311019,1.072637941477,
    11.987299393909));
#5529 = CARTESIAN_POINT('',(-3.178185347396,-2.591376045E-08,
    12.028966038766));
#5530 = CARTESIAN_POINT('',(-2.967576671937,-1.072638064169,
    12.070632683624));
#5531 = CARTESIAN_POINT('',(-2.756968169487,-1.585326359531,
    12.091466019819));
#5532 = CARTESIAN_POINT('',(-2.447238254599,-2.050756205425,
    12.112299396824));
#5533 = CARTESIAN_POINT('',(-2.050762001175,-2.447233405522,
    12.133132779169));
#5534 = CARTESIAN_POINT('',(-1.58533005912,-2.756966603529,
    12.15396610834));
#5535 = CARTESIAN_POINT('',(-1.07263799842,-2.967578608022,
    12.174799378768));
#5536 = CARTESIAN_POINT('',(5.62466089191E-06,-3.17819075969,
    12.216465945062));
#5537 = CARTESIAN_POINT('',(1.072641063807,-2.96757786384,
    12.258132652114));
#5538 = CARTESIAN_POINT('',(1.585325275159,-2.756964964784,
    12.278966068595));
#5539 = CARTESIAN_POINT('',(2.050747171985,-2.447234025707,
    12.299799522033));
#5540 = CARTESIAN_POINT('',(2.44722161216,-2.050752740711,
    12.320632975832));
#5541 = CARTESIAN_POINT('',(2.756961235568,-1.58533406045,
    12.341466074578));
#5542 = CARTESIAN_POINT('',(2.967605200329,-1.072637407435,
    12.362298931176));
#5543 = CARTESIAN_POINT('',(3.072883938751,-0.536316667276,
    12.383132729907));
#5544 = CARTESIAN_POINT('',(3.072883211894,5.285593875E-08,
    12.403966143219));
#5545 = ADVANCED_FACE('',(#5546),#5581,.F.);
#5546 = FACE_BOUND('',#5547,.F.);
#5547 = EDGE_LOOP('',(#5548,#5578,#5579,#5580));
#5548 = ORIENTED_EDGE('',*,*,#5549,.F.);
#5549 = EDGE_CURVE('',#5293,#4840,#5550,.T.);
#5550 = B_SPLINE_CURVE_WITH_KNOTS('',8,(#5551,#5552,#5553,#5554,#5555,
    #5556,#5557,#5558,#5559,#5560,#5561,#5562,#5563,#5564,#5565,#5566,
    #5567,#5568,#5569,#5570,#5571,#5572,#5573,#5574,#5575,#5576,#5577),
  .UNSPECIFIED.,.F.,.F.,(9,6,6,6,9),(0.,1.581947328539,3.163894657078,
    4.745841985618,6.327789314157),.UNSPECIFIED.);
#5551 = CARTESIAN_POINT('',(2.672880443167,-3.1882176654E-07,
    12.103969834891));
#5552 = CARTESIAN_POINT('',(2.672880068769,0.524832260299,
    12.127406931053));
#5553 = CARTESIAN_POINT('',(2.555130482187,1.049616215586,
    12.150841803109));
#5554 = CARTESIAN_POINT('',(2.319574400844,1.543624728317,
    12.174283388743));
#5555 = CARTESIAN_POINT('',(1.975934454457,1.975958013392,
    12.197720332363));
#5556 = CARTESIAN_POINT('',(1.543618553024,2.319571753401,
    12.221157172391));
#5557 = CARTESIAN_POINT('',(1.049638831287,2.555109846308,
    12.244594155073));
#5558 = CARTESIAN_POINT('',(6.71827402706E-06,2.790648228548,
    12.291468900394));
#5559 = CARTESIAN_POINT('',(-1.049638048724,2.555111598019,
    12.338344457963));
#5560 = CARTESIAN_POINT('',(-1.543630321135,2.319574084512,
    12.361782288533));
#5561 = CARTESIAN_POINT('',(-1.975955895389,1.975948967603,
    12.385219623823));
#5562 = CARTESIAN_POINT('',(-2.319574369539,1.543625416688,
    12.40865679358));
#5563 = CARTESIAN_POINT('',(-2.555109016579,1.049639070787,
    12.432094255961));
#5564 = CARTESIAN_POINT('',(-2.790644155933,3.3432548208E-07,
    12.478969366082));
#5565 = CARTESIAN_POINT('',(-2.555109496335,-1.049638509791,
    12.525844476202));
#5566 = CARTESIAN_POINT('',(-2.319574917473,-1.543625000503,
    12.549281938584));
#5567 = CARTESIAN_POINT('',(-1.975955633274,-1.975948374214,
    12.57271910834));
#5568 = CARTESIAN_POINT('',(-1.54363046767,-2.319572867674,
    12.59615644363));
#5569 = CARTESIAN_POINT('',(-1.049638569055,-2.55511119536,
    12.619594274201));
#5570 = CARTESIAN_POINT('',(6.07304165743E-06,-2.790649211326,
    12.666469831769));
#5571 = CARTESIAN_POINT('',(1.049638310957,-2.555110556865,
    12.71334457709));
#5572 = CARTESIAN_POINT('',(1.543618016222,-2.319572199394,
    12.736781559767));
#5573 = CARTESIAN_POINT('',(1.975933078524,-1.97595400997,
    12.760218399815));
#5574 = CARTESIAN_POINT('',(2.319570171329,-1.543627629204,
    12.783655343404));
#5575 = CARTESIAN_POINT('',(2.555135748402,-1.049616985559,
    12.807096929062));
#5576 = CARTESIAN_POINT('',(2.67287981031,-0.524832860636,
    12.830531801111));
#5577 = CARTESIAN_POINT('',(2.67287942859,-2.8151507814E-07,
    12.853968897272));
#5578 = ORIENTED_EDGE('',*,*,#5478,.T.);
#5579 = ORIENTED_EDGE('',*,*,#5032,.T.);
#5580 = ORIENTED_EDGE('',*,*,#4871,.F.);
#5581 = B_SPLINE_SURFACE_WITH_KNOTS('',1,9,(
    (#5582,#5583,#5584,#5585,#5586,#5587,#5588,#5589,#5590,#5591,#5592
      ,#5593,#5594,#5595,#5596,#5597,#5598,#5599,#5600,#5601,#5602,#5603
      ,#5604,#5605,#5606,#5607,#5608,#5609,#5610,#5611,#5612)
    ,(#5613,#5614,#5615,#5616,#5617,#5618,#5619,#5620,#5621,#5622,#5623
      ,#5624,#5625,#5626,#5627,#5628,#5629,#5630,#5631,#5632,#5633,#5634
      ,#5635,#5636,#5637,#5638,#5639,#5640,#5641,#5642,#5643
  )),.UNSPECIFIED.,.F.,.F.,.F.,(2,2),(10,7,7,7,10),(0.,0.5),(0.,
    1.581947328539,3.163894657078,4.745841985618,6.327789314157),
  .UNSPECIFIED.);
#5582 = CARTESIAN_POINT('',(2.672880443167,-3.1882176676E-07,
    12.103969834891));
#5583 = CARTESIAN_POINT('',(2.672880110369,0.466517529285,
    12.124802809257));
#5584 = CARTESIAN_POINT('',(2.581297056983,0.932997558856,
    12.145634053763));
#5585 = CARTESIAN_POINT('',(2.398093094625,1.378955224073,
    12.166469526865));
#5586 = CARTESIAN_POINT('',(2.128663319518,1.783809886692,
    12.187303912977));
#5587 = CARTESIAN_POINT('',(1.78379405382,2.128675231173,12.208136705708
    ));
#5588 = CARTESIAN_POINT('',(1.378958645779,2.398084451037,
    12.228969499952));
#5589 = CARTESIAN_POINT('',(0.933013040953,2.581280777668,
    12.249802460109));
#5590 = CARTESIAN_POINT('',(6.01527488207E-06,2.764477394506,
    12.291468945519));
#5591 = CARTESIAN_POINT('',(-0.933010852391,2.581282334745,
    12.333136062678));
#5592 = CARTESIAN_POINT('',(-1.378966230331,2.398086589015,
    12.353969678343));
#5593 = CARTESIAN_POINT('',(-1.78381119572,2.128671241785,
    12.374803030361));
#5594 = CARTESIAN_POINT('',(-2.128675217234,1.783805167196,
    12.395636143715));
#5595 = CARTESIAN_POINT('',(-2.398085918552,1.378963301388,
    12.41646928104));
#5596 = CARTESIAN_POINT('',(-2.581279587619,0.933012544513,
    12.43730260153));
#5597 = CARTESIAN_POINT('',(-2.764473611547,3.2834467538E-07,
    12.478969366082));
#5598 = CARTESIAN_POINT('',(-2.581280014068,-0.933011971556,
    12.520636130633));
#5599 = CARTESIAN_POINT('',(-2.39808644376,-1.378962836932,
    12.541469451123));
#5600 = CARTESIAN_POINT('',(-2.128675315141,-1.783804652565,
    12.562302588449));
#5601 = CARTESIAN_POINT('',(-1.783811115227,-2.128670371307,
    12.583135701802));
#5602 = CARTESIAN_POINT('',(-1.378966501465,-2.398085643569,
    12.60396905382));
#5603 = CARTESIAN_POINT('',(-0.9330113866,-2.581282086023,
    12.624802669486));
#5604 = CARTESIAN_POINT('',(5.38392042815E-06,-2.764478285191,
    12.666469786644));
#5605 = CARTESIAN_POINT('',(0.933012506744,-2.581281518471,
    12.708136272054));
#5606 = CARTESIAN_POINT('',(1.378958321155,-2.398085663179,
    12.728969232244));
#5607 = CARTESIAN_POINT('',(1.783792519351,-2.128671461938,
    12.749802026369));
#5608 = CARTESIAN_POINT('',(2.12866120681,-1.783810695182,
    12.770634819279));
#5609 = CARTESIAN_POINT('',(2.398091823666,-1.378956736694,
    12.791469205254));
#5610 = CARTESIAN_POINT('',(2.581301095493,-0.932998291132,
    12.812304678406));
#5611 = CARTESIAN_POINT('',(2.672879767897,-0.466518129622,
    12.833135922906));
#5612 = CARTESIAN_POINT('',(2.67287942859,-2.8151507825E-07,
    12.853968897272));
#5613 = CARTESIAN_POINT('',(3.072883211894,5.285593163E-08,
    12.403966143219));
#5614 = CARTESIAN_POINT('',(3.072882485037,0.536316445904,
    12.424799556531));
#5615 = CARTESIAN_POINT('',(2.967595504754,1.072636573411,12.44563335526
    ));
#5616 = CARTESIAN_POINT('',(2.756961998733,1.585328569802,
    12.466466211838));
#5617 = CARTESIAN_POINT('',(2.447221351433,2.050758212106,
    12.487299310623));
#5618 = CARTESIAN_POINT('',(2.050749648943,2.447233058883,
    12.508132764408));
#5619 = CARTESIAN_POINT('',(1.585323094395,2.756964489207,
    12.528966217841));
#5620 = CARTESIAN_POINT('',(1.072640223244,2.967575109037,
    12.549799634321));
#5621 = CARTESIAN_POINT('',(5.5346230519E-06,3.17818717544,
    12.591466341371));
#5622 = CARTESIAN_POINT('',(-1.07263753037,2.967576833266,
    12.633132907669));
#5623 = CARTESIAN_POINT('',(-1.585329681109,2.756966041769,
    12.653966178098));
#5624 = CARTESIAN_POINT('',(-2.050761866435,2.447232710182,
    12.674799507269));
#5625 = CARTESIAN_POINT('',(-2.447237391654,2.050754937758,
    12.695632889614));
#5626 = CARTESIAN_POINT('',(-2.756966144149,1.585325160633,
    12.716466266618));
#5627 = CARTESIAN_POINT('',(-2.9675744979,1.072637295207,12.737299602812
    ));
#5628 = CARTESIAN_POINT('',(-3.178183408709,-1.731687404E-08,
    12.77896624767));
#5629 = CARTESIAN_POINT('',(-2.96757486462,-1.072637401845,
    12.820632892528));
#5630 = CARTESIAN_POINT('',(-2.756966492026,-1.585325385039,
    12.841466228723));
#5631 = CARTESIAN_POINT('',(-2.447236767333,-2.05075494785,
    12.862299605727));
#5632 = CARTESIAN_POINT('',(-2.050760756839,-2.447231907162,
    12.883132988071));
#5633 = CARTESIAN_POINT('',(-1.585329099539,-2.756964917495,
    12.903966317242));
#5634 = CARTESIAN_POINT('',(-1.072637352144,-2.967576794904,
    12.924799587672));
#5635 = CARTESIAN_POINT('',(5.6160646057E-06,-3.178188821002,
    12.966466153969));
#5636 = CARTESIAN_POINT('',(1.072640401471,-2.967576056526,
    13.008132861019));
#5637 = CARTESIAN_POINT('',(1.58532430065,-2.756963287333,
    13.028966277498));
#5638 = CARTESIAN_POINT('',(2.050745914396,-2.447232538441,
    13.049799730933));
#5639 = CARTESIAN_POINT('',(2.447220113807,-2.05075149641,
    13.070633184729));
#5640 = CARTESIAN_POINT('',(2.756959549588,-1.58533310081,
    13.091466283481));
#5641 = CARTESIAN_POINT('',(2.967603387185,-1.072636761101,
    13.112299140091));
#5642 = CARTESIAN_POINT('',(3.072882062848,-0.536316348504,
    13.13313293881));
#5643 = CARTESIAN_POINT('',(3.072881337441,4.454405735E-08,
    13.15396635212));
#5644 = ADVANCED_FACE('',(#5645),#5727,.T.);
#5645 = FACE_BOUND('',#5646,.T.);
#5646 = EDGE_LOOP('',(#5647,#5648,#5725,#5726));
#5647 = ORIENTED_EDGE('',*,*,#5024,.T.);
#5648 = ORIENTED_EDGE('',*,*,#5649,.F.);
#5649 = EDGE_CURVE('',#5196,#4946,#5650,.T.);
#5650 = B_SPLINE_CURVE_WITH_KNOTS('',7,(#5651,#5652,#5653,#5654,#5655,
    #5656,#5657,#5658,#5659,#5660,#5661,#5662,#5663,#5664,#5665,#5666,
    #5667,#5668,#5669,#5670,#5671,#5672,#5673,#5674,#5675,#5676,#5677,
    #5678,#5679,#5680,#5681,#5682,#5683,#5684,#5685,#5686,#5687,#5688,
    #5689,#5690,#5691,#5692,#5693,#5694,#5695,#5696,#5697,#5698,#5699,
    #5700,#5701,#5702,#5703,#5704,#5705,#5706,#5707,#5708,#5709,#5710,
    #5711,#5712,#5713,#5714,#5715,#5716,#5717,#5718,#5719,#5720,#5721,
    #5722,#5723,#5724),.UNSPECIFIED.,.F.,.F.,(8,6,6,6,6,6,6,6,6,6,6,6,8)
  ,(0.,4.42296628439E-02,0.133882119341,0.215825524515,0.26560663744,
    0.37558960621,0.500575852251,0.624991228604,0.730392476572,
    0.78205233149,0.867794015644,0.954455925262,1.),.UNSPECIFIED.);
#5651 = CARTESIAN_POINT('',(3.,-2.69454903E-09,11.858625449991));
#5652 = CARTESIAN_POINT('',(2.999999994141,0.119090606569,
    11.863363890295));
#5653 = CARTESIAN_POINT('',(2.994484480518,0.23818232231,11.868103257486
    ));
#5654 = CARTESIAN_POINT('',(2.98345354861,0.356966642946,11.872842790157
    ));
#5655 = CARTESIAN_POINT('',(2.966928499131,0.475137370745,
    11.877582143499));
#5656 = CARTESIAN_POINT('',(2.944951774717,0.592391040926,
    11.882321228226));
#5657 = CARTESIAN_POINT('',(2.917586890603,0.708427350758,
    11.887060049485));
#5658 = CARTESIAN_POINT('',(2.818700054928,1.055083394162,
    11.901403363137));
#5659 = CARTESIAN_POINT('',(2.730678863337,1.281039898397,
    11.911008615658));
#5660 = CARTESIAN_POINT('',(2.621562700804,1.498290520966,
    11.920611931523));
#5661 = CARTESIAN_POINT('',(2.492416445739,1.704501622946,11.93021477984
    ));
#5662 = CARTESIAN_POINT('',(2.344594087564,1.897511231645,
    11.939819117911));
#5663 = CARTESIAN_POINT('',(2.17973021357,2.075342662555,11.94942510725)
  );
#5664 = CARTESIAN_POINT('',(1.835324124756,2.383330852506,
    11.967808790969));
#5665 = CARTESIAN_POINT('',(1.658218564866,2.516312050034,
    11.976589007616));
#5666 = CARTESIAN_POINT('',(1.469956721769,2.633862708905,11.98536864614
    ));
#5667 = CARTESIAN_POINT('',(1.272160912777,2.734887955208,11.9941477796)
  );
#5668 = CARTESIAN_POINT('',(1.066565720575,2.818501847567,
    12.002927231298));
#5669 = CARTESIAN_POINT('',(0.855009189969,2.884031872425,
    12.011707258881));
#5670 = CARTESIAN_POINT('',(0.508484775755,2.959629952052,
    12.025819375259));
#5671 = CARTESIAN_POINT('',(0.376035526854,2.981373844449,
    12.031152638956));
#5672 = CARTESIAN_POINT('',(0.242525511268,2.996198001316,12.03648580889
    ));
#5673 = CARTESIAN_POINT('',(0.1083884822,3.004042781324,12.041818926272)
  );
#5674 = CARTESIAN_POINT('',(-2.593940723335E-02,3.004882674471,
    12.047152088495));
#5675 = CARTESIAN_POINT('',(-0.160020410953,2.998726348539,
    12.052485334431));
#5676 = CARTESIAN_POINT('',(-0.588131034326,2.956653129457,
    12.069601324784));
#5677 = CARTESIAN_POINT('',(-0.879620714688,2.89373797426,
    12.081388685772));
#5678 = CARTESIAN_POINT('',(-1.162990253379,2.797308591426,
    12.093172675389));
#5679 = CARTESIAN_POINT('',(-1.433680263913,2.668715497448,
    12.104955651303));
#5680 = CARTESIAN_POINT('',(-1.687448080129,2.509974318393,
    12.116739846063));
#5681 = CARTESIAN_POINT('',(-1.920366512603,2.323765951145,
    12.128527375427));
#5682 = CARTESIAN_POINT('',(-2.366102905391,1.874782828188,
    12.153700317788));
#5683 = CARTESIAN_POINT('',(-2.572092108632,1.604778423049,
    12.167098364119));
#5684 = CARTESIAN_POINT('',(-2.741763388639,1.308711231606,
    12.180488924599));
#5685 = CARTESIAN_POINT('',(-2.871395957879,0.992510396199,
    12.193877314465));
#5686 = CARTESIAN_POINT('',(-2.958379231946,0.662543607107,
    12.207267801735));
#5687 = CARTESIAN_POINT('',(-3.001201192037,0.325645593756,
    12.220665783267));
#5688 = CARTESIAN_POINT('',(-2.998764897367,-0.345876477616,
    12.247385002187));
#5689 = CARTESIAN_POINT('',(-2.953906583,-0.68091454339,12.260722664539)
  );
#5690 = CARTESIAN_POINT('',(-2.865341948472,-1.008800975663,
    12.27405404865));
#5691 = CARTESIAN_POINT('',(-2.734602823186,-1.322804293726,
    12.287383650007));
#5692 = CARTESIAN_POINT('',(-2.564298640472,-1.616657390652,
    12.300714951612));
#5693 = CARTESIAN_POINT('',(-2.358127445683,-1.884530809751,
    12.314052526796));
#5694 = CARTESIAN_POINT('',(-1.920558614846,-2.322067183495,
    12.338673553341));
#5695 = CARTESIAN_POINT('',(-1.697664546701,-2.500650271623,
    12.349968739916));
#5696 = CARTESIAN_POINT('',(-1.455586521609,-2.654074953482,
    12.36126106685));
#5697 = CARTESIAN_POINT('',(-1.197758246445,-2.779967900628,
    12.372551708995));
#5698 = CARTESIAN_POINT('',(-0.92790525457,-2.876509857151,
    12.383844166666));
#5699 = CARTESIAN_POINT('',(-0.650010441922,-2.942452668531,
    12.395139455581));
#5700 = CARTESIAN_POINT('',(-0.23031583101,-2.994378482805,
    12.411965860829));
#5701 = CARTESIAN_POINT('',(-9.134531373526E-02,-3.003990573899,
    12.417500472766));
#5702 = CARTESIAN_POINT('',(4.806254453499E-02,-3.006075282655,
    12.423035046685));
#5703 = CARTESIAN_POINT('',(0.187418788025,-3.000612069259,
    12.428569593386));
#5704 = CARTESIAN_POINT('',(0.326235538792,-2.987620067793,
    12.434104185592));
#5705 = CARTESIAN_POINT('',(0.464026980272,-2.967158039528,
    12.439638827146));
#5706 = CARTESIAN_POINT('',(0.826504643414,-2.89312773006,
    12.454359118977));
#5707 = CARTESIAN_POINT('',(1.048583125028,-2.82661678466,
    12.463546058025));
#5708 = CARTESIAN_POINT('',(1.264298802983,-2.740240315048,
    12.472731867055));
#5709 = CARTESIAN_POINT('',(1.471540428886,-2.634755637138,
    12.481916888035));
#5710 = CARTESIAN_POINT('',(1.66831942569,-2.511174905102,
    12.491102452184));
#5711 = CARTESIAN_POINT('',(1.852781115347,-2.370759411089,
    12.500289136349));
#5712 = CARTESIAN_POINT('',(2.195528816944,-2.057693234178,
    12.518759251762));
#5713 = CARTESIAN_POINT('',(2.353562348909,-1.884667361322,12.5280453072
    ));
#5714 = CARTESIAN_POINT('',(2.495585831917,-1.697572982301,
    12.537330841091));
#5715 = CARTESIAN_POINT('',(2.620132116284,-1.498202366323,
    12.546616431138));
#5716 = CARTESIAN_POINT('',(2.72598051012,-1.288509593368,
    12.555902912776));
#5717 = CARTESIAN_POINT('',(2.812163857323,-1.070599198135,
    12.565189720296));
#5718 = CARTESIAN_POINT('',(2.91263610115,-0.72910147965,12.579353411799
    ));
#5719 = CARTESIAN_POINT('',(2.941638067874,-0.609805837484,
    12.584232464092));
#5720 = CARTESIAN_POINT('',(2.964934988564,-0.489181565425,
    12.589111149624));
#5721 = CARTESIAN_POINT('',(2.982455465053,-0.367556151846,
    12.593989469357));
#5722 = CARTESIAN_POINT('',(2.994151782789,-0.245260749523,
    12.598867601058));
#5723 = CARTESIAN_POINT('',(2.999999993857,-0.122629690791,
    12.603745952803));
#5724 = CARTESIAN_POINT('',(3.,-2.69422573E-09,12.608625216474));
#5725 = ORIENTED_EDGE('',*,*,#5195,.F.);
#5726 = ORIENTED_EDGE('',*,*,#5389,.T.);
#5727 = CYLINDRICAL_SURFACE('',#5728,3.);
#5728 = AXIS2_PLACEMENT_3D('',#5729,#5730,#5731);
#5729 = CARTESIAN_POINT('',(0.,0.,10.));
#5730 = DIRECTION('',(-0.,-0.,-1.));
#5731 = DIRECTION('',(1.,0.,0.));
#5732 = ADVANCED_FACE('',(#5733),#5739,.F.);
#5733 = FACE_BOUND('',#5734,.F.);
#5734 = EDGE_LOOP('',(#5735,#5736,#5737,#5738));
#5735 = ORIENTED_EDGE('',*,*,#5649,.F.);
#5736 = ORIENTED_EDGE('',*,*,#5324,.T.);
#5737 = ORIENTED_EDGE('',*,*,#5549,.T.);
#5738 = ORIENTED_EDGE('',*,*,#5130,.F.);
#5739 = B_SPLINE_SURFACE_WITH_KNOTS('',1,8,(
    (#5740,#5741,#5742,#5743,#5744,#5745,#5746,#5747,#5748,#5749,#5750
      ,#5751,#5752,#5753,#5754,#5755,#5756,#5757,#5758,#5759,#5760,#5761
      ,#5762,#5763,#5764,#5765,#5766)
    ,(#5767,#5768,#5769,#5770,#5771,#5772,#5773,#5774,#5775,#5776,#5777
      ,#5778,#5779,#5780,#5781,#5782,#5783,#5784,#5785,#5786,#5787,#5788
      ,#5789,#5790,#5791,#5792,#5793
    )),.UNSPECIFIED.,.F.,.F.,.F.,(2,2),(9,6,6,6,9),(0.,0.5),(0.,
    1.581947328539,3.163894657078,4.745841985618,6.327789314157),
  .UNSPECIFIED.);
#5740 = CARTESIAN_POINT('',(3.072877674405,6.773418582E-08,
    11.803966143245));
#5741 = CARTESIAN_POINT('',(3.072877594486,0.603355091666,
    11.827403733214));
#5742 = CARTESIAN_POINT('',(2.937513722022,1.206715081944,
    11.850841818683));
#5743 = CARTESIAN_POINT('',(2.666678871446,1.774633813927,
    11.874278408458));
#5744 = CARTESIAN_POINT('',(2.271645189549,2.271649977453,
    11.897716032418));
#5745 = CARTESIAN_POINT('',(1.77462217163,2.666698924038,11.921153679446
    ));
#5746 = CARTESIAN_POINT('',(1.206717678804,2.937483623124,
    11.944591294698));
#5747 = CARTESIAN_POINT('',(6.10177181295E-06,3.208270439571,
    11.991466351437));
#5748 = CARTESIAN_POINT('',(-1.206716120237,2.937485007322,
    12.038341227219));
#5749 = CARTESIAN_POINT('',(-1.774632521721,2.666699444209,
    12.061778653572));
#5750 = CARTESIAN_POINT('',(-2.2716588923,2.271651882905,12.085216190268
    ));
#5751 = CARTESIAN_POINT('',(-2.666701579082,1.774626636195,
    12.108653763841));
#5752 = CARTESIAN_POINT('',(-2.937483255051,1.206715118468,
    12.132091272222));
#5753 = CARTESIAN_POINT('',(-3.208265486077,-6.318846124E-08,
    12.178966247688));
#5754 = CARTESIAN_POINT('',(-2.937483242319,-1.206715241988,
    12.225841223155));
#5755 = CARTESIAN_POINT('',(-2.666701536328,-1.774626762523,
    12.249278731536));
#5756 = CARTESIAN_POINT('',(-2.271658690673,-2.271651954102,
    12.27271630511));
#5757 = CARTESIAN_POINT('',(-1.774632354283,-2.666699384981,
    12.296153841804));
#5758 = CARTESIAN_POINT('',(-1.206715990518,-2.937485031809,
    12.319591268158));
#5759 = CARTESIAN_POINT('',(6.23171939424E-06,-3.208270589406,
    12.36646614394));
#5760 = CARTESIAN_POINT('',(1.206717808523,-2.937483645578,
    12.413341200679));
#5761 = CARTESIAN_POINT('',(1.774622279569,-2.666698865741,
    12.43677881593));
#5762 = CARTESIAN_POINT('',(2.271645141434,-2.27164920542,
    12.460216462962));
#5763 = CARTESIAN_POINT('',(2.666678352909,-1.774634066429,
    12.483654086916));
#5764 = CARTESIAN_POINT('',(2.937514610798,-1.206714990281,
    12.507090676695));
#5765 = CARTESIAN_POINT('',(3.07287759801,-0.603354964509,
    12.530528762163));
#5766 = CARTESIAN_POINT('',(3.072877519722,5.942284576E-08,
    12.553966352132));
#5767 = CARTESIAN_POINT('',(2.672880443167,-3.1882176654E-07,
    12.103969834891));
#5768 = CARTESIAN_POINT('',(2.672880068769,0.524832260299,
    12.127406931053));
#5769 = CARTESIAN_POINT('',(2.555130482187,1.049616215586,
    12.150841803109));
#5770 = CARTESIAN_POINT('',(2.319574400844,1.543624728317,
    12.174283388743));
#5771 = CARTESIAN_POINT('',(1.975934454457,1.975958013392,
    12.197720332363));
#5772 = CARTESIAN_POINT('',(1.543618553024,2.319571753401,
    12.221157172391));
#5773 = CARTESIAN_POINT('',(1.049638831287,2.555109846308,
    12.244594155073));
#5774 = CARTESIAN_POINT('',(6.71827402706E-06,2.790648228548,
    12.291468900394));
#5775 = CARTESIAN_POINT('',(-1.049638048724,2.555111598019,
    12.338344457963));
#5776 = CARTESIAN_POINT('',(-1.543630321135,2.319574084512,
    12.361782288533));
#5777 = CARTESIAN_POINT('',(-1.975955895389,1.975948967603,
    12.385219623823));
#5778 = CARTESIAN_POINT('',(-2.319574369539,1.543625416688,
    12.40865679358));
#5779 = CARTESIAN_POINT('',(-2.555109016579,1.049639070787,
    12.432094255961));
#5780 = CARTESIAN_POINT('',(-2.790644155933,3.3432548208E-07,
    12.478969366082));
#5781 = CARTESIAN_POINT('',(-2.555109496335,-1.049638509791,
    12.525844476202));
#5782 = CARTESIAN_POINT('',(-2.319574917473,-1.543625000503,
    12.549281938584));
#5783 = CARTESIAN_POINT('',(-1.975955633274,-1.975948374214,
    12.57271910834));
#5784 = CARTESIAN_POINT('',(-1.54363046767,-2.319572867674,
    12.59615644363));
#5785 = CARTESIAN_POINT('',(-1.049638569055,-2.55511119536,
    12.619594274201));
#5786 = CARTESIAN_POINT('',(6.07304165743E-06,-2.790649211326,
    12.666469831769));
#5787 = CARTESIAN_POINT('',(1.049638310957,-2.555110556865,
    12.71334457709));
#5788 = CARTESIAN_POINT('',(1.543618016222,-2.319572199394,
    12.736781559767));
#5789 = CARTESIAN_POINT('',(1.975933078524,-1.97595400997,
    12.760218399815));
#5790 = CARTESIAN_POINT('',(2.319570171329,-1.543627629204,
    12.783655343404));
#5791 = CARTESIAN_POINT('',(2.555135748402,-1.049616985559,
    12.807096929062));
#5792 = CARTESIAN_POINT('',(2.67287981031,-0.524832860636,
    12.830531801111));
#5793 = CARTESIAN_POINT('',(2.67287942859,-2.8151507814E-07,
    12.853968897272));
#5794 = ( GEOMETRIC_REPRESENTATION_CONTEXT(3) 
GLOBAL_UNCERTAINTY_ASSIGNED_CONTEXT((#5798)) 
GLOBAL_UNIT_ASSIGNED_CONTEXT((#5795,#5796,#5797)) REPRESENTATION_CONTEXT
('Context #1','3D Context with UNIT and UNCERTAINTY') );
#5795 = ( LENGTH_UNIT() NAMED_UNIT(*) SI_UNIT(.MILLI.,.METRE.) );
#5796 = ( NAMED_UNIT(*) PLANE_ANGLE_UNIT() SI_UNIT($,.RADIAN.) );
#5797 = ( NAMED_UNIT(*) SI_UNIT($,.STERADIAN.) SOLID_ANGLE_UNIT() );
#5798 = UNCERTAINTY_MEASURE_WITH_UNIT(LENGTH_MEASURE(1.E-07),#5795,
  'distance_accuracy_value','confusion accuracy');
#5799 = CONTEXT_DEPENDENT_SHAPE_REPRESENTATION(#5800,#5802);
#5800 = ( REPRESENTATION_RELATIONSHIP('','',#3529,#2688) 
REPRESENTATION_RELATIONSHIP_WITH_TRANSFORMATION(#5801) 
SHAPE_REPRESENTATION_RELATIONSHIP() );
#5801 = ITEM_DEFINED_TRANSFORMATION('','',#11,#2697);
#5802 = PRODUCT_DEFINITION_SHAPE('Placement','Placement of an item',
  #5803);
#5803 = NEXT_ASSEMBLY_USAGE_OCCURRENCE('19','=>[0:1:1:8]','',#2683,#3524
  ,$);
#5804 = PRODUCT_RELATED_PRODUCT_CATEGORY('part',$,(#3526));
#5805 = SHAPE_DEFINITION_REPRESENTATION(#5806,#5812);
#5806 = PRODUCT_DEFINITION_SHAPE('','',#5807);
#5807 = PRODUCT_DEFINITION('design','',#5808,#5811);
#5808 = PRODUCT_DEFINITION_FORMATION('','',#5809);
#5809 = PRODUCT('S','S','',(#5810));
#5810 = PRODUCT_CONTEXT('',#2,'mechanical');
#5811 = PRODUCT_DEFINITION_CONTEXT('part definition',#2,'design');
#5812 = ADVANCED_BREP_SHAPE_REPRESENTATION('',(#11,#5813),#6732);
#5813 = MANIFOLD_SOLID_BREP('',#5814);
#5814 = CLOSED_SHELL('',(#5815,#5873,#5904,#5929,#5962,#5986,#6017,#6035
    ,#6054,#6079,#6110,#6135,#6152,#6176,#6223,#6247,#6264,#6288,#6312,
    #6343,#6437,#6454,#6473,#6497,#6521,#6552,#6577,#6602,#6626,#6650,
    #6668,#6686,#6711));
#5815 = ADVANCED_FACE('',(#5816),#5868,.F.);
#5816 = FACE_BOUND('',#5817,.F.);
#5817 = EDGE_LOOP('',(#5818,#5828,#5836,#5844,#5853,#5861));
#5818 = ORIENTED_EDGE('',*,*,#5819,.F.);
#5819 = EDGE_CURVE('',#5820,#5822,#5824,.T.);
#5820 = VERTEX_POINT('',#5821);
#5821 = CARTESIAN_POINT('',(0.4,-6.23,6.795061408915));
#5822 = VERTEX_POINT('',#5823);
#5823 = CARTESIAN_POINT('',(0.4,-6.23,-3.2));
#5824 = LINE('',#5825,#5826);
#5825 = CARTESIAN_POINT('',(0.4,-6.23,-3.55));
#5826 = VECTOR('',#5827,1.);
#5827 = DIRECTION('',(0.,1.571E-14,-1.));
#5828 = ORIENTED_EDGE('',*,*,#5829,.F.);
#5829 = EDGE_CURVE('',#5830,#5820,#5832,.T.);
#5830 = VERTEX_POINT('',#5831);
#5831 = CARTESIAN_POINT('',(-0.4,-6.23,6.795061408915));
#5832 = LINE('',#5833,#5834);
#5833 = CARTESIAN_POINT('',(0.4,-6.23,6.795061408915));
#5834 = VECTOR('',#5835,1.);
#5835 = DIRECTION('',(1.,0.,0.));
#5836 = ORIENTED_EDGE('',*,*,#5837,.T.);
#5837 = EDGE_CURVE('',#5830,#5838,#5840,.T.);
#5838 = VERTEX_POINT('',#5839);
#5839 = CARTESIAN_POINT('',(-0.4,-6.23,-3.2));
#5840 = LINE('',#5841,#5842);
#5841 = CARTESIAN_POINT('',(-0.4,-6.23,-3.55));
#5842 = VECTOR('',#5843,1.);
#5843 = DIRECTION('',(0.,0.,-1.));
#5844 = ORIENTED_EDGE('',*,*,#5845,.T.);
#5845 = EDGE_CURVE('',#5838,#5846,#5848,.T.);
#5846 = VERTEX_POINT('',#5847);
#5847 = CARTESIAN_POINT('',(-5.E-02,-6.23,-3.55));
#5848 = CIRCLE('',#5849,0.35);
#5849 = AXIS2_PLACEMENT_3D('',#5850,#5851,#5852);
#5850 = CARTESIAN_POINT('',(-5.E-02,-6.23,-3.2));
#5851 = DIRECTION('',(0.,-1.,-1.571E-14));
#5852 = DIRECTION('',(0.,1.571E-14,-1.));
#5853 = ORIENTED_EDGE('',*,*,#5854,.F.);
#5854 = EDGE_CURVE('',#5855,#5846,#5857,.T.);
#5855 = VERTEX_POINT('',#5856);
#5856 = CARTESIAN_POINT('',(5.E-02,-6.23,-3.55));
#5857 = LINE('',#5858,#5859);
#5858 = CARTESIAN_POINT('',(0.4,-6.23,-3.55));
#5859 = VECTOR('',#5860,1.);
#5860 = DIRECTION('',(-1.,0.,0.));
#5861 = ORIENTED_EDGE('',*,*,#5862,.F.);
#5862 = EDGE_CURVE('',#5822,#5855,#5863,.T.);
#5863 = CIRCLE('',#5864,0.35);
#5864 = AXIS2_PLACEMENT_3D('',#5865,#5866,#5867);
#5865 = CARTESIAN_POINT('',(5.E-02,-6.23,-3.2));
#5866 = DIRECTION('',(-0.,1.,1.571E-14));
#5867 = DIRECTION('',(0.,-1.571E-14,1.));
#5868 = PLANE('',#5869);
#5869 = AXIS2_PLACEMENT_3D('',#5870,#5871,#5872);
#5870 = CARTESIAN_POINT('',(0.4,-6.23,-3.55));
#5871 = DIRECTION('',(-0.,-1.,-0.));
#5872 = DIRECTION('',(-1.,0.,0.));
#5873 = ADVANCED_FACE('',(#5874),#5899,.F.);
#5874 = FACE_BOUND('',#5875,.F.);
#5875 = EDGE_LOOP('',(#5876,#5886,#5892,#5893));
#5876 = ORIENTED_EDGE('',*,*,#5877,.F.);
#5877 = EDGE_CURVE('',#5878,#5880,#5882,.T.);
#5878 = VERTEX_POINT('',#5879);
#5879 = CARTESIAN_POINT('',(0.4,-6.73,6.795061408915));
#5880 = VERTEX_POINT('',#5881);
#5881 = CARTESIAN_POINT('',(0.4,-6.73,-3.2));
#5882 = LINE('',#5883,#5884);
#5883 = CARTESIAN_POINT('',(0.4,-6.73,-3.55));
#5884 = VECTOR('',#5885,1.);
#5885 = DIRECTION('',(0.,0.,-1.));
#5886 = ORIENTED_EDGE('',*,*,#5887,.T.);
#5887 = EDGE_CURVE('',#5878,#5820,#5888,.T.);
#5888 = LINE('',#5889,#5890);
#5889 = CARTESIAN_POINT('',(0.4,-6.73,6.795061408915));
#5890 = VECTOR('',#5891,1.);
#5891 = DIRECTION('',(0.,1.,1.571E-14));
#5892 = ORIENTED_EDGE('',*,*,#5819,.T.);
#5893 = ORIENTED_EDGE('',*,*,#5894,.F.);
#5894 = EDGE_CURVE('',#5880,#5822,#5895,.T.);
#5895 = LINE('',#5896,#5897);
#5896 = CARTESIAN_POINT('',(0.4,-6.73,-3.2));
#5897 = VECTOR('',#5898,1.);
#5898 = DIRECTION('',(0.,1.,1.571E-14));
#5899 = PLANE('',#5900);
#5900 = AXIS2_PLACEMENT_3D('',#5901,#5902,#5903);
#5901 = CARTESIAN_POINT('',(0.4,-6.73,-3.55));
#5902 = DIRECTION('',(-1.,0.,0.));
#5903 = DIRECTION('',(0.,1.,1.571E-14));
#5904 = ADVANCED_FACE('',(#5905),#5924,.T.);
#5905 = FACE_BOUND('',#5906,.T.);
#5906 = EDGE_LOOP('',(#5907,#5916,#5922,#5923));
#5907 = ORIENTED_EDGE('',*,*,#5908,.T.);
#5908 = EDGE_CURVE('',#5880,#5909,#5911,.T.);
#5909 = VERTEX_POINT('',#5910);
#5910 = CARTESIAN_POINT('',(5.E-02,-6.73,-3.55));
#5911 = CIRCLE('',#5912,0.35);
#5912 = AXIS2_PLACEMENT_3D('',#5913,#5914,#5915);
#5913 = CARTESIAN_POINT('',(5.E-02,-6.73,-3.2));
#5914 = DIRECTION('',(-0.,1.,1.571E-14));
#5915 = DIRECTION('',(0.,-1.571E-14,1.));
#5916 = ORIENTED_EDGE('',*,*,#5917,.T.);
#5917 = EDGE_CURVE('',#5909,#5855,#5918,.T.);
#5918 = LINE('',#5919,#5920);
#5919 = CARTESIAN_POINT('',(5.E-02,-6.73,-3.55));
#5920 = VECTOR('',#5921,1.);
#5921 = DIRECTION('',(0.,1.,1.571E-14));
#5922 = ORIENTED_EDGE('',*,*,#5862,.F.);
#5923 = ORIENTED_EDGE('',*,*,#5894,.F.);
#5924 = CYLINDRICAL_SURFACE('',#5925,0.35);
#5925 = AXIS2_PLACEMENT_3D('',#5926,#5927,#5928);
#5926 = CARTESIAN_POINT('',(5.E-02,-6.73,-3.2));
#5927 = DIRECTION('',(0.,1.,1.571E-14));
#5928 = DIRECTION('',(1.,0.,-0.));
#5929 = ADVANCED_FACE('',(#5930),#5957,.F.);
#5930 = FACE_BOUND('',#5931,.F.);
#5931 = EDGE_LOOP('',(#5932,#5941,#5949,#5956));
#5932 = ORIENTED_EDGE('',*,*,#5933,.F.);
#5933 = EDGE_CURVE('',#5934,#5820,#5936,.T.);
#5934 = VERTEX_POINT('',#5935);
#5935 = CARTESIAN_POINT('',(0.4,-5.434938591085,7.5));
#5936 = CIRCLE('',#5937,0.751352467603);
#5937 = AXIS2_PLACEMENT_3D('',#5938,#5939,#5940);
#5938 = CARTESIAN_POINT('',(0.4,-5.48,6.75));
#5939 = DIRECTION('',(1.,-0.,0.));
#5940 = DIRECTION('',(0.,0.999887819976,-1.497823296179E-02));
#5941 = ORIENTED_EDGE('',*,*,#5942,.T.);
#5942 = EDGE_CURVE('',#5934,#5943,#5945,.T.);
#5943 = VERTEX_POINT('',#5944);
#5944 = CARTESIAN_POINT('',(-0.4,-5.434938591085,7.5));
#5945 = LINE('',#5946,#5947);
#5946 = CARTESIAN_POINT('',(0.4,-5.434938591085,7.5));
#5947 = VECTOR('',#5948,1.);
#5948 = DIRECTION('',(-1.,0.,0.));
#5949 = ORIENTED_EDGE('',*,*,#5950,.T.);
#5950 = EDGE_CURVE('',#5943,#5830,#5951,.T.);
#5951 = CIRCLE('',#5952,0.751352467603);
#5952 = AXIS2_PLACEMENT_3D('',#5953,#5954,#5955);
#5953 = CARTESIAN_POINT('',(-0.4,-5.48,6.75));
#5954 = DIRECTION('',(1.,-0.,0.));
#5955 = DIRECTION('',(0.,0.999887819976,-1.497823296179E-02));
#5956 = ORIENTED_EDGE('',*,*,#5829,.T.);
#5957 = CYLINDRICAL_SURFACE('',#5958,0.751352467603);
#5958 = AXIS2_PLACEMENT_3D('',#5959,#5960,#5961);
#5959 = CARTESIAN_POINT('',(0.4,-5.48,6.75));
#5960 = DIRECTION('',(1.,0.,0.));
#5961 = DIRECTION('',(0.,0.999887819976,-1.497823296179E-02));
#5962 = ADVANCED_FACE('',(#5963),#5981,.F.);
#5963 = FACE_BOUND('',#5964,.F.);
#5964 = EDGE_LOOP('',(#5965,#5973,#5974,#5975));
#5965 = ORIENTED_EDGE('',*,*,#5966,.T.);
#5966 = EDGE_CURVE('',#5967,#5909,#5969,.T.);
#5967 = VERTEX_POINT('',#5968);
#5968 = CARTESIAN_POINT('',(-5.E-02,-6.73,-3.55));
#5969 = LINE('',#5970,#5971);
#5970 = CARTESIAN_POINT('',(-0.4,-6.73,-3.55));
#5971 = VECTOR('',#5972,1.);
#5972 = DIRECTION('',(1.,0.,0.));
#5973 = ORIENTED_EDGE('',*,*,#5917,.T.);
#5974 = ORIENTED_EDGE('',*,*,#5854,.T.);
#5975 = ORIENTED_EDGE('',*,*,#5976,.T.);
#5976 = EDGE_CURVE('',#5846,#5967,#5977,.T.);
#5977 = LINE('',#5978,#5979);
#5978 = CARTESIAN_POINT('',(-5.E-02,-6.23,-3.55));
#5979 = VECTOR('',#5980,1.);
#5980 = DIRECTION('',(0.,-1.,-1.571E-14));
#5981 = PLANE('',#5982);
#5982 = AXIS2_PLACEMENT_3D('',#5983,#5984,#5985);
#5983 = CARTESIAN_POINT('',(4.E-17,-6.48,-3.55));
#5984 = DIRECTION('',(1.1E-16,-1.582E-14,1.));
#5985 = DIRECTION('',(0.,1.,1.582E-14));
#5986 = ADVANCED_FACE('',(#5987),#6012,.F.);
#5987 = FACE_BOUND('',#5988,.F.);
#5988 = EDGE_LOOP('',(#5989,#5990,#5998,#6006));
#5989 = ORIENTED_EDGE('',*,*,#5837,.F.);
#5990 = ORIENTED_EDGE('',*,*,#5991,.T.);
#5991 = EDGE_CURVE('',#5830,#5992,#5994,.T.);
#5992 = VERTEX_POINT('',#5993);
#5993 = CARTESIAN_POINT('',(-0.4,-6.73,6.795061408915));
#5994 = LINE('',#5995,#5996);
#5995 = CARTESIAN_POINT('',(-0.4,-6.23,6.795061408915));
#5996 = VECTOR('',#5997,1.);
#5997 = DIRECTION('',(0.,-1.,-1.571E-14));
#5998 = ORIENTED_EDGE('',*,*,#5999,.T.);
#5999 = EDGE_CURVE('',#5992,#6000,#6002,.T.);
#6000 = VERTEX_POINT('',#6001);
#6001 = CARTESIAN_POINT('',(-0.4,-6.73,-3.2));
#6002 = LINE('',#6003,#6004);
#6003 = CARTESIAN_POINT('',(-0.4,-6.73,-3.55));
#6004 = VECTOR('',#6005,1.);
#6005 = DIRECTION('',(0.,0.,-1.));
#6006 = ORIENTED_EDGE('',*,*,#6007,.F.);
#6007 = EDGE_CURVE('',#5838,#6000,#6008,.T.);
#6008 = LINE('',#6009,#6010);
#6009 = CARTESIAN_POINT('',(-0.4,-6.23,-3.2));
#6010 = VECTOR('',#6011,1.);
#6011 = DIRECTION('',(0.,-1.,-1.571E-14));
#6012 = PLANE('',#6013);
#6013 = AXIS2_PLACEMENT_3D('',#6014,#6015,#6016);
#6014 = CARTESIAN_POINT('',(-0.4,-6.23,-3.55));
#6015 = DIRECTION('',(1.,0.,0.));
#6016 = DIRECTION('',(0.,-1.,-1.571E-14));
#6017 = ADVANCED_FACE('',(#6018),#6030,.T.);
#6018 = FACE_BOUND('',#6019,.T.);
#6019 = EDGE_LOOP('',(#6020,#6021,#6022,#6029));
#6020 = ORIENTED_EDGE('',*,*,#5845,.T.);
#6021 = ORIENTED_EDGE('',*,*,#5976,.T.);
#6022 = ORIENTED_EDGE('',*,*,#6023,.F.);
#6023 = EDGE_CURVE('',#6000,#5967,#6024,.T.);
#6024 = CIRCLE('',#6025,0.35);
#6025 = AXIS2_PLACEMENT_3D('',#6026,#6027,#6028);
#6026 = CARTESIAN_POINT('',(-5.E-02,-6.73,-3.2));
#6027 = DIRECTION('',(0.,-1.,-1.571E-14));
#6028 = DIRECTION('',(0.,1.571E-14,-1.));
#6029 = ORIENTED_EDGE('',*,*,#6007,.F.);
#6030 = CYLINDRICAL_SURFACE('',#6031,0.35);
#6031 = AXIS2_PLACEMENT_3D('',#6032,#6033,#6034);
#6032 = CARTESIAN_POINT('',(-5.E-02,-6.23,-3.2));
#6033 = DIRECTION('',(0.,-1.,-1.571E-14));
#6034 = DIRECTION('',(-1.,-0.,0.));
#6035 = ADVANCED_FACE('',(#6036),#6049,.F.);
#6036 = FACE_BOUND('',#6037,.F.);
#6037 = EDGE_LOOP('',(#6038,#6039,#6045,#6046,#6047,#6048));
#6038 = ORIENTED_EDGE('',*,*,#5999,.F.);
#6039 = ORIENTED_EDGE('',*,*,#6040,.T.);
#6040 = EDGE_CURVE('',#5992,#5878,#6041,.T.);
#6041 = LINE('',#6042,#6043);
#6042 = CARTESIAN_POINT('',(-0.4,-6.73,6.795061408915));
#6043 = VECTOR('',#6044,1.);
#6044 = DIRECTION('',(1.,0.,0.));
#6045 = ORIENTED_EDGE('',*,*,#5877,.T.);
#6046 = ORIENTED_EDGE('',*,*,#5908,.T.);
#6047 = ORIENTED_EDGE('',*,*,#5966,.F.);
#6048 = ORIENTED_EDGE('',*,*,#6023,.F.);
#6049 = PLANE('',#6050);
#6050 = AXIS2_PLACEMENT_3D('',#6051,#6052,#6053);
#6051 = CARTESIAN_POINT('',(-0.4,-6.73,-3.55));
#6052 = DIRECTION('',(0.,1.,0.));
#6053 = DIRECTION('',(1.,0.,0.));
#6054 = ADVANCED_FACE('',(#6055),#6074,.T.);
#6055 = FACE_BOUND('',#6056,.T.);
#6056 = EDGE_LOOP('',(#6057,#6066,#6067,#6068));
#6057 = ORIENTED_EDGE('',*,*,#6058,.T.);
#6058 = EDGE_CURVE('',#6059,#5878,#6061,.T.);
#6059 = VERTEX_POINT('',#6060);
#6060 = CARTESIAN_POINT('',(0.4,-5.434938591085,8.));
#6061 = CIRCLE('',#6062,1.250811948525);
#6062 = AXIS2_PLACEMENT_3D('',#6063,#6064,#6065);
#6063 = CARTESIAN_POINT('',(0.4,-5.48,6.75));
#6064 = DIRECTION('',(1.,0.,-0.));
#6065 = DIRECTION('',(0.,0.999959523463,8.997301560337E-03));
#6066 = ORIENTED_EDGE('',*,*,#5887,.T.);
#6067 = ORIENTED_EDGE('',*,*,#5933,.F.);
#6068 = ORIENTED_EDGE('',*,*,#6069,.F.);
#6069 = EDGE_CURVE('',#6059,#5934,#6070,.T.);
#6070 = LINE('',#6071,#6072);
#6071 = CARTESIAN_POINT('',(0.4,-5.434938591085,8.));
#6072 = VECTOR('',#6073,1.);
#6073 = DIRECTION('',(0.,-2.2E-16,-1.));
#6074 = PLANE('',#6075);
#6075 = AXIS2_PLACEMENT_3D('',#6076,#6077,#6078);
#6076 = CARTESIAN_POINT('',(0.4,-6.155243553373,7.488970009));
#6077 = DIRECTION('',(1.,0.,0.));
#6078 = DIRECTION('',(0.,-0.738220899027,-0.674559044294));
#6079 = ADVANCED_FACE('',(#6080),#6105,.F.);
#6080 = FACE_BOUND('',#6081,.F.);
#6081 = EDGE_LOOP('',(#6082,#6090,#6098,#6104));
#6082 = ORIENTED_EDGE('',*,*,#6083,.F.);
#6083 = EDGE_CURVE('',#6084,#5934,#6086,.T.);
#6084 = VERTEX_POINT('',#6085);
#6085 = CARTESIAN_POINT('',(0.4,-4.,7.5));
#6086 = LINE('',#6087,#6088);
#6087 = CARTESIAN_POINT('',(0.4,-4.,7.5));
#6088 = VECTOR('',#6089,1.);
#6089 = DIRECTION('',(0.,-1.,2.2E-16));
#6090 = ORIENTED_EDGE('',*,*,#6091,.T.);
#6091 = EDGE_CURVE('',#6084,#6092,#6094,.T.);
#6092 = VERTEX_POINT('',#6093);
#6093 = CARTESIAN_POINT('',(-0.4,-4.,7.5));
#6094 = LINE('',#6095,#6096);
#6095 = CARTESIAN_POINT('',(0.4,-4.,7.5));
#6096 = VECTOR('',#6097,1.);
#6097 = DIRECTION('',(-1.,0.,0.));
#6098 = ORIENTED_EDGE('',*,*,#6099,.T.);
#6099 = EDGE_CURVE('',#6092,#5943,#6100,.T.);
#6100 = LINE('',#6101,#6102);
#6101 = CARTESIAN_POINT('',(-0.4,-4.,7.5));
#6102 = VECTOR('',#6103,1.);
#6103 = DIRECTION('',(0.,-1.,0.));
#6104 = ORIENTED_EDGE('',*,*,#5942,.F.);
#6105 = PLANE('',#6106);
#6106 = AXIS2_PLACEMENT_3D('',#6107,#6108,#6109);
#6107 = CARTESIAN_POINT('',(0.4,-4.,7.5));
#6108 = DIRECTION('',(0.,0.,1.));
#6109 = DIRECTION('',(-1.,0.,0.));
#6110 = ADVANCED_FACE('',(#6111),#6130,.T.);
#6111 = FACE_BOUND('',#6112,.T.);
#6112 = EDGE_LOOP('',(#6113,#6114,#6115,#6124));
#6113 = ORIENTED_EDGE('',*,*,#5950,.T.);
#6114 = ORIENTED_EDGE('',*,*,#5991,.T.);
#6115 = ORIENTED_EDGE('',*,*,#6116,.F.);
#6116 = EDGE_CURVE('',#6117,#5992,#6119,.T.);
#6117 = VERTEX_POINT('',#6118);
#6118 = CARTESIAN_POINT('',(-0.4,-5.434938591085,8.));
#6119 = CIRCLE('',#6120,1.250811948525);
#6120 = AXIS2_PLACEMENT_3D('',#6121,#6122,#6123);
#6121 = CARTESIAN_POINT('',(-0.4,-5.48,6.75));
#6122 = DIRECTION('',(1.,0.,-0.));
#6123 = DIRECTION('',(0.,0.999959523463,8.997301560337E-03));
#6124 = ORIENTED_EDGE('',*,*,#6125,.F.);
#6125 = EDGE_CURVE('',#5943,#6117,#6126,.T.);
#6126 = LINE('',#6127,#6128);
#6127 = CARTESIAN_POINT('',(-0.4,-5.434938591085,7.5));
#6128 = VECTOR('',#6129,1.);
#6129 = DIRECTION('',(0.,2.2E-16,1.));
#6130 = PLANE('',#6131);
#6131 = AXIS2_PLACEMENT_3D('',#6132,#6133,#6134);
#6132 = CARTESIAN_POINT('',(-0.4,-6.155243553373,7.488970009));
#6133 = DIRECTION('',(-1.,0.,0.));
#6134 = DIRECTION('',(-0.,-0.738220899027,-0.674559044294));
#6135 = ADVANCED_FACE('',(#6136),#6147,.T.);
#6136 = FACE_BOUND('',#6137,.T.);
#6137 = EDGE_LOOP('',(#6138,#6139,#6140,#6141));
#6138 = ORIENTED_EDGE('',*,*,#6116,.T.);
#6139 = ORIENTED_EDGE('',*,*,#6040,.T.);
#6140 = ORIENTED_EDGE('',*,*,#6058,.F.);
#6141 = ORIENTED_EDGE('',*,*,#6142,.F.);
#6142 = EDGE_CURVE('',#6117,#6059,#6143,.T.);
#6143 = LINE('',#6144,#6145);
#6144 = CARTESIAN_POINT('',(-0.4,-5.434938591085,8.));
#6145 = VECTOR('',#6146,1.);
#6146 = DIRECTION('',(1.,0.,0.));
#6147 = CYLINDRICAL_SURFACE('',#6148,1.250811948525);
#6148 = AXIS2_PLACEMENT_3D('',#6149,#6150,#6151);
#6149 = CARTESIAN_POINT('',(-0.4,-5.48,6.75));
#6150 = DIRECTION('',(1.,0.,0.));
#6151 = DIRECTION('',(-0.,0.999959523463,8.997301560337E-03));
#6152 = ADVANCED_FACE('',(#6153),#6171,.F.);
#6153 = FACE_BOUND('',#6154,.F.);
#6154 = EDGE_LOOP('',(#6155,#6163,#6169,#6170));
#6155 = ORIENTED_EDGE('',*,*,#6156,.F.);
#6156 = EDGE_CURVE('',#6157,#6059,#6159,.T.);
#6157 = VERTEX_POINT('',#6158);
#6158 = CARTESIAN_POINT('',(0.4,-4.,8.));
#6159 = LINE('',#6160,#6161);
#6160 = CARTESIAN_POINT('',(0.4,-4.,8.));
#6161 = VECTOR('',#6162,1.);
#6162 = DIRECTION('',(0.,-1.,0.));
#6163 = ORIENTED_EDGE('',*,*,#6164,.T.);
#6164 = EDGE_CURVE('',#6157,#6084,#6165,.T.);
#6165 = LINE('',#6166,#6167);
#6166 = CARTESIAN_POINT('',(0.4,-4.,8.));
#6167 = VECTOR('',#6168,1.);
#6168 = DIRECTION('',(0.,-2.2E-16,-1.));
#6169 = ORIENTED_EDGE('',*,*,#6083,.T.);
#6170 = ORIENTED_EDGE('',*,*,#6069,.F.);
#6171 = PLANE('',#6172);
#6172 = AXIS2_PLACEMENT_3D('',#6173,#6174,#6175);
#6173 = CARTESIAN_POINT('',(0.4,-4.,8.));
#6174 = DIRECTION('',(-1.,0.,0.));
#6175 = DIRECTION('',(-0.,-2.2E-16,-1.));
#6176 = ADVANCED_FACE('',(#6177),#6218,.T.);
#6177 = FACE_BOUND('',#6178,.T.);
#6178 = EDGE_LOOP('',(#6179,#6189,#6195,#6196,#6204,#6212));
#6179 = ORIENTED_EDGE('',*,*,#6180,.T.);
#6180 = EDGE_CURVE('',#6181,#6183,#6185,.T.);
#6181 = VERTEX_POINT('',#6182);
#6182 = CARTESIAN_POINT('',(0.75,-3.,7.5));
#6183 = VERTEX_POINT('',#6184);
#6184 = CARTESIAN_POINT('',(0.75,-4.,7.5));
#6185 = LINE('',#6186,#6187);
#6186 = CARTESIAN_POINT('',(0.75,-3.,7.5));
#6187 = VECTOR('',#6188,1.);
#6188 = DIRECTION('',(0.,-1.,2.2E-16));
#6189 = ORIENTED_EDGE('',*,*,#6190,.T.);
#6190 = EDGE_CURVE('',#6183,#6084,#6191,.T.);
#6191 = LINE('',#6192,#6193);
#6192 = CARTESIAN_POINT('',(0.75,-4.,7.5));
#6193 = VECTOR('',#6194,1.);
#6194 = DIRECTION('',(-1.,0.,0.));
#6195 = ORIENTED_EDGE('',*,*,#6091,.T.);
#6196 = ORIENTED_EDGE('',*,*,#6197,.T.);
#6197 = EDGE_CURVE('',#6092,#6198,#6200,.T.);
#6198 = VERTEX_POINT('',#6199);
#6199 = CARTESIAN_POINT('',(-0.75,-4.,7.5));
#6200 = LINE('',#6201,#6202);
#6201 = CARTESIAN_POINT('',(0.75,-4.,7.5));
#6202 = VECTOR('',#6203,1.);
#6203 = DIRECTION('',(-1.,0.,0.));
#6204 = ORIENTED_EDGE('',*,*,#6205,.F.);
#6205 = EDGE_CURVE('',#6206,#6198,#6208,.T.);
#6206 = VERTEX_POINT('',#6207);
#6207 = CARTESIAN_POINT('',(-0.75,-3.,7.5));
#6208 = LINE('',#6209,#6210);
#6209 = CARTESIAN_POINT('',(-0.75,-3.,7.5));
#6210 = VECTOR('',#6211,1.);
#6211 = DIRECTION('',(0.,-1.,2.2E-16));
#6212 = ORIENTED_EDGE('',*,*,#6213,.F.);
#6213 = EDGE_CURVE('',#6181,#6206,#6214,.T.);
#6214 = LINE('',#6215,#6216);
#6215 = CARTESIAN_POINT('',(0.75,-3.,7.5));
#6216 = VECTOR('',#6217,1.);
#6217 = DIRECTION('',(-1.,0.,0.));
#6218 = PLANE('',#6219);
#6219 = AXIS2_PLACEMENT_3D('',#6220,#6221,#6222);
#6220 = CARTESIAN_POINT('',(0.75,-3.,7.5));
#6221 = DIRECTION('',(-0.,-2.2E-16,-1.));
#6222 = DIRECTION('',(-1.,0.,0.));
#6223 = ADVANCED_FACE('',(#6224),#6242,.F.);
#6224 = FACE_BOUND('',#6225,.F.);
#6225 = EDGE_LOOP('',(#6226,#6227,#6235,#6241));
#6226 = ORIENTED_EDGE('',*,*,#6099,.F.);
#6227 = ORIENTED_EDGE('',*,*,#6228,.T.);
#6228 = EDGE_CURVE('',#6092,#6229,#6231,.T.);
#6229 = VERTEX_POINT('',#6230);
#6230 = CARTESIAN_POINT('',(-0.4,-4.,8.));
#6231 = LINE('',#6232,#6233);
#6232 = CARTESIAN_POINT('',(-0.4,-4.,7.5));
#6233 = VECTOR('',#6234,1.);
#6234 = DIRECTION('',(0.,2.2E-16,1.));
#6235 = ORIENTED_EDGE('',*,*,#6236,.T.);
#6236 = EDGE_CURVE('',#6229,#6117,#6237,.T.);
#6237 = LINE('',#6238,#6239);
#6238 = CARTESIAN_POINT('',(-0.4,-4.,8.));
#6239 = VECTOR('',#6240,1.);
#6240 = DIRECTION('',(0.,-1.,0.));
#6241 = ORIENTED_EDGE('',*,*,#6125,.F.);
#6242 = PLANE('',#6243);
#6243 = AXIS2_PLACEMENT_3D('',#6244,#6245,#6246);
#6244 = CARTESIAN_POINT('',(-0.4,-4.,7.5));
#6245 = DIRECTION('',(1.,0.,0.));
#6246 = DIRECTION('',(-0.,2.2E-16,1.));
#6247 = ADVANCED_FACE('',(#6248),#6259,.F.);
#6248 = FACE_BOUND('',#6249,.F.);
#6249 = EDGE_LOOP('',(#6250,#6251,#6257,#6258));
#6250 = ORIENTED_EDGE('',*,*,#6236,.F.);
#6251 = ORIENTED_EDGE('',*,*,#6252,.T.);
#6252 = EDGE_CURVE('',#6229,#6157,#6253,.T.);
#6253 = LINE('',#6254,#6255);
#6254 = CARTESIAN_POINT('',(-0.4,-4.,8.));
#6255 = VECTOR('',#6256,1.);
#6256 = DIRECTION('',(1.,0.,0.));
#6257 = ORIENTED_EDGE('',*,*,#6156,.T.);
#6258 = ORIENTED_EDGE('',*,*,#6142,.F.);
#6259 = PLANE('',#6260);
#6260 = AXIS2_PLACEMENT_3D('',#6261,#6262,#6263);
#6261 = CARTESIAN_POINT('',(-0.4,-4.,8.));
#6262 = DIRECTION('',(0.,0.,-1.));
#6263 = DIRECTION('',(1.,0.,0.));
#6264 = ADVANCED_FACE('',(#6265),#6283,.F.);
#6265 = FACE_BOUND('',#6266,.F.);
#6266 = EDGE_LOOP('',(#6267,#6268,#6276,#6282));
#6267 = ORIENTED_EDGE('',*,*,#6164,.F.);
#6268 = ORIENTED_EDGE('',*,*,#6269,.T.);
#6269 = EDGE_CURVE('',#6157,#6270,#6272,.T.);
#6270 = VERTEX_POINT('',#6271);
#6271 = CARTESIAN_POINT('',(0.75,-4.,8.));
#6272 = LINE('',#6273,#6274);
#6273 = CARTESIAN_POINT('',(-0.75,-4.,8.));
#6274 = VECTOR('',#6275,1.);
#6275 = DIRECTION('',(1.,0.,0.));
#6276 = ORIENTED_EDGE('',*,*,#6277,.T.);
#6277 = EDGE_CURVE('',#6270,#6183,#6278,.T.);
#6278 = LINE('',#6279,#6280);
#6279 = CARTESIAN_POINT('',(0.75,-4.,8.));
#6280 = VECTOR('',#6281,1.);
#6281 = DIRECTION('',(0.,0.,-1.));
#6282 = ORIENTED_EDGE('',*,*,#6190,.T.);
#6283 = PLANE('',#6284);
#6284 = AXIS2_PLACEMENT_3D('',#6285,#6286,#6287);
#6285 = CARTESIAN_POINT('',(0.,-4.,7.75));
#6286 = DIRECTION('',(0.,1.,0.));
#6287 = DIRECTION('',(0.,-0.,1.));
#6288 = ADVANCED_FACE('',(#6289),#6307,.T.);
#6289 = FACE_BOUND('',#6290,.T.);
#6290 = EDGE_LOOP('',(#6291,#6299,#6300,#6301));
#6291 = ORIENTED_EDGE('',*,*,#6292,.T.);
#6292 = EDGE_CURVE('',#6293,#6270,#6295,.T.);
#6293 = VERTEX_POINT('',#6294);
#6294 = CARTESIAN_POINT('',(0.75,-3.,8.));
#6295 = LINE('',#6296,#6297);
#6296 = CARTESIAN_POINT('',(0.75,-3.,8.));
#6297 = VECTOR('',#6298,1.);
#6298 = DIRECTION('',(0.,-1.,2.2E-16));
#6299 = ORIENTED_EDGE('',*,*,#6277,.T.);
#6300 = ORIENTED_EDGE('',*,*,#6180,.F.);
#6301 = ORIENTED_EDGE('',*,*,#6302,.F.);
#6302 = EDGE_CURVE('',#6293,#6181,#6303,.T.);
#6303 = LINE('',#6304,#6305);
#6304 = CARTESIAN_POINT('',(0.75,-3.,8.));
#6305 = VECTOR('',#6306,1.);
#6306 = DIRECTION('',(0.,0.,-1.));
#6307 = PLANE('',#6308);
#6308 = AXIS2_PLACEMENT_3D('',#6309,#6310,#6311);
#6309 = CARTESIAN_POINT('',(0.75,-3.,8.));
#6310 = DIRECTION('',(1.,0.,0.));
#6311 = DIRECTION('',(0.,-2.2E-16,-1.));
#6312 = ADVANCED_FACE('',(#6313),#6338,.T.);
#6313 = FACE_BOUND('',#6314,.T.);
#6314 = EDGE_LOOP('',(#6315,#6316,#6324,#6332));
#6315 = ORIENTED_EDGE('',*,*,#6205,.T.);
#6316 = ORIENTED_EDGE('',*,*,#6317,.T.);
#6317 = EDGE_CURVE('',#6198,#6318,#6320,.T.);
#6318 = VERTEX_POINT('',#6319);
#6319 = CARTESIAN_POINT('',(-0.75,-4.,8.));
#6320 = LINE('',#6321,#6322);
#6321 = CARTESIAN_POINT('',(-0.75,-4.,7.5));
#6322 = VECTOR('',#6323,1.);
#6323 = DIRECTION('',(0.,0.,1.));
#6324 = ORIENTED_EDGE('',*,*,#6325,.F.);
#6325 = EDGE_CURVE('',#6326,#6318,#6328,.T.);
#6326 = VERTEX_POINT('',#6327);
#6327 = CARTESIAN_POINT('',(-0.75,-3.,8.));
#6328 = LINE('',#6329,#6330);
#6329 = CARTESIAN_POINT('',(-0.75,-3.,8.));
#6330 = VECTOR('',#6331,1.);
#6331 = DIRECTION('',(0.,-1.,2.2E-16));
#6332 = ORIENTED_EDGE('',*,*,#6333,.F.);
#6333 = EDGE_CURVE('',#6206,#6326,#6334,.T.);
#6334 = LINE('',#6335,#6336);
#6335 = CARTESIAN_POINT('',(-0.75,-3.,7.5));
#6336 = VECTOR('',#6337,1.);
#6337 = DIRECTION('',(0.,0.,1.));
#6338 = PLANE('',#6339);
#6339 = AXIS2_PLACEMENT_3D('',#6340,#6341,#6342);
#6340 = CARTESIAN_POINT('',(-0.75,-3.,7.5));
#6341 = DIRECTION('',(-1.,0.,0.));
#6342 = DIRECTION('',(0.,2.2E-16,1.));
#6343 = ADVANCED_FACE('',(#6344,#6421),#6432,.T.);
#6344 = FACE_BOUND('',#6345,.T.);
#6345 = EDGE_LOOP('',(#6346,#6356,#6365,#6373,#6382,#6388,#6389,#6397,
    #6406,#6414));
#6346 = ORIENTED_EDGE('',*,*,#6347,.T.);
#6347 = EDGE_CURVE('',#6348,#6350,#6352,.T.);
#6348 = VERTEX_POINT('',#6349);
#6349 = CARTESIAN_POINT('',(-2.5,3.,7.5));
#6350 = VERTEX_POINT('',#6351);
#6351 = CARTESIAN_POINT('',(2.5,3.,7.5));
#6352 = LINE('',#6353,#6354);
#6353 = CARTESIAN_POINT('',(-2.9,3.,7.5));
#6354 = VECTOR('',#6355,1.);
#6355 = DIRECTION('',(1.,0.,0.));
#6356 = ORIENTED_EDGE('',*,*,#6357,.T.);
#6357 = EDGE_CURVE('',#6350,#6358,#6360,.T.);
#6358 = VERTEX_POINT('',#6359);
#6359 = CARTESIAN_POINT('',(2.9,2.6,7.5));
#6360 = CIRCLE('',#6361,0.4);
#6361 = AXIS2_PLACEMENT_3D('',#6362,#6363,#6364);
#6362 = CARTESIAN_POINT('',(2.5,2.6,7.5));
#6363 = DIRECTION('',(-0.,-0.,-1.));
#6364 = DIRECTION('',(0.,-1.,0.));
#6365 = ORIENTED_EDGE('',*,*,#6366,.T.);
#6366 = EDGE_CURVE('',#6358,#6367,#6369,.T.);
#6367 = VERTEX_POINT('',#6368);
#6368 = CARTESIAN_POINT('',(2.9,-2.6,7.5));
#6369 = LINE('',#6370,#6371);
#6370 = CARTESIAN_POINT('',(2.9,3.,7.5));
#6371 = VECTOR('',#6372,1.);
#6372 = DIRECTION('',(0.,-1.,0.));
#6373 = ORIENTED_EDGE('',*,*,#6374,.T.);
#6374 = EDGE_CURVE('',#6367,#6375,#6377,.T.);
#6375 = VERTEX_POINT('',#6376);
#6376 = CARTESIAN_POINT('',(2.5,-3.,7.5));
#6377 = CIRCLE('',#6378,0.4);
#6378 = AXIS2_PLACEMENT_3D('',#6379,#6380,#6381);
#6379 = CARTESIAN_POINT('',(2.5,-2.6,7.5));
#6380 = DIRECTION('',(-0.,-0.,-1.));
#6381 = DIRECTION('',(0.,-1.,0.));
#6382 = ORIENTED_EDGE('',*,*,#6383,.T.);
#6383 = EDGE_CURVE('',#6375,#6181,#6384,.T.);
#6384 = LINE('',#6385,#6386);
#6385 = CARTESIAN_POINT('',(2.9,-3.,7.5));
#6386 = VECTOR('',#6387,1.);
#6387 = DIRECTION('',(-1.,0.,0.));
#6388 = ORIENTED_EDGE('',*,*,#6213,.T.);
#6389 = ORIENTED_EDGE('',*,*,#6390,.T.);
#6390 = EDGE_CURVE('',#6206,#6391,#6393,.T.);
#6391 = VERTEX_POINT('',#6392);
#6392 = CARTESIAN_POINT('',(-2.5,-3.,7.5));
#6393 = LINE('',#6394,#6395);
#6394 = CARTESIAN_POINT('',(2.9,-3.,7.5));
#6395 = VECTOR('',#6396,1.);
#6396 = DIRECTION('',(-1.,0.,0.));
#6397 = ORIENTED_EDGE('',*,*,#6398,.T.);
#6398 = EDGE_CURVE('',#6391,#6399,#6401,.T.);
#6399 = VERTEX_POINT('',#6400);
#6400 = CARTESIAN_POINT('',(-2.9,-2.6,7.5));
#6401 = CIRCLE('',#6402,0.4);
#6402 = AXIS2_PLACEMENT_3D('',#6403,#6404,#6405);
#6403 = CARTESIAN_POINT('',(-2.5,-2.6,7.5));
#6404 = DIRECTION('',(-0.,-0.,-1.));
#6405 = DIRECTION('',(0.,-1.,0.));
#6406 = ORIENTED_EDGE('',*,*,#6407,.T.);
#6407 = EDGE_CURVE('',#6399,#6408,#6410,.T.);
#6408 = VERTEX_POINT('',#6409);
#6409 = CARTESIAN_POINT('',(-2.9,2.6,7.5));
#6410 = LINE('',#6411,#6412);
#6411 = CARTESIAN_POINT('',(-2.9,-3.,7.5));
#6412 = VECTOR('',#6413,1.);
#6413 = DIRECTION('',(0.,1.,0.));
#6414 = ORIENTED_EDGE('',*,*,#6415,.F.);
#6415 = EDGE_CURVE('',#6348,#6408,#6416,.T.);
#6416 = CIRCLE('',#6417,0.4);
#6417 = AXIS2_PLACEMENT_3D('',#6418,#6419,#6420);
#6418 = CARTESIAN_POINT('',(-2.5,2.6,7.5));
#6419 = DIRECTION('',(-0.,0.,1.));
#6420 = DIRECTION('',(0.,-1.,0.));
#6421 = FACE_BOUND('',#6422,.T.);
#6422 = EDGE_LOOP('',(#6423));
#6423 = ORIENTED_EDGE('',*,*,#6424,.T.);
#6424 = EDGE_CURVE('',#6425,#6425,#6427,.T.);
#6425 = VERTEX_POINT('',#6426);
#6426 = CARTESIAN_POINT('',(1.8,0.,7.5));
#6427 = CIRCLE('',#6428,1.8);
#6428 = AXIS2_PLACEMENT_3D('',#6429,#6430,#6431);
#6429 = CARTESIAN_POINT('',(0.,0.,7.5));
#6430 = DIRECTION('',(0.,0.,1.));
#6431 = DIRECTION('',(1.,0.,-0.));
#6432 = PLANE('',#6433);
#6433 = AXIS2_PLACEMENT_3D('',#6434,#6435,#6436);
#6434 = CARTESIAN_POINT('',(0.,0.,7.5));
#6435 = DIRECTION('',(-0.,-0.,-1.));
#6436 = DIRECTION('',(-1.,0.,0.));
#6437 = ADVANCED_FACE('',(#6438),#6449,.F.);
#6438 = FACE_BOUND('',#6439,.F.);
#6439 = EDGE_LOOP('',(#6440,#6441,#6447,#6448));
#6440 = ORIENTED_EDGE('',*,*,#6317,.T.);
#6441 = ORIENTED_EDGE('',*,*,#6442,.T.);
#6442 = EDGE_CURVE('',#6318,#6229,#6443,.T.);
#6443 = LINE('',#6444,#6445);
#6444 = CARTESIAN_POINT('',(-0.75,-4.,8.));
#6445 = VECTOR('',#6446,1.);
#6446 = DIRECTION('',(1.,0.,0.));
#6447 = ORIENTED_EDGE('',*,*,#6228,.F.);
#6448 = ORIENTED_EDGE('',*,*,#6197,.T.);
#6449 = PLANE('',#6450);
#6450 = AXIS2_PLACEMENT_3D('',#6451,#6452,#6453);
#6451 = CARTESIAN_POINT('',(0.,-4.,7.75));
#6452 = DIRECTION('',(0.,1.,0.));
#6453 = DIRECTION('',(0.,-0.,1.));
#6454 = ADVANCED_FACE('',(#6455),#6468,.T.);
#6455 = FACE_BOUND('',#6456,.T.);
#6456 = EDGE_LOOP('',(#6457,#6458,#6459,#6460,#6461,#6462));
#6457 = ORIENTED_EDGE('',*,*,#6325,.T.);
#6458 = ORIENTED_EDGE('',*,*,#6442,.T.);
#6459 = ORIENTED_EDGE('',*,*,#6252,.T.);
#6460 = ORIENTED_EDGE('',*,*,#6269,.T.);
#6461 = ORIENTED_EDGE('',*,*,#6292,.F.);
#6462 = ORIENTED_EDGE('',*,*,#6463,.F.);
#6463 = EDGE_CURVE('',#6326,#6293,#6464,.T.);
#6464 = LINE('',#6465,#6466);
#6465 = CARTESIAN_POINT('',(-0.75,-3.,8.));
#6466 = VECTOR('',#6467,1.);
#6467 = DIRECTION('',(1.,0.,0.));
#6468 = PLANE('',#6469);
#6469 = AXIS2_PLACEMENT_3D('',#6470,#6471,#6472);
#6470 = CARTESIAN_POINT('',(-0.75,-3.,8.));
#6471 = DIRECTION('',(0.,2.2E-16,1.));
#6472 = DIRECTION('',(1.,0.,-0.));
#6473 = ADVANCED_FACE('',(#6474),#6492,.T.);
#6474 = FACE_BOUND('',#6475,.T.);
#6475 = EDGE_LOOP('',(#6476,#6477,#6485,#6491));
#6476 = ORIENTED_EDGE('',*,*,#6383,.F.);
#6477 = ORIENTED_EDGE('',*,*,#6478,.T.);
#6478 = EDGE_CURVE('',#6375,#6479,#6481,.T.);
#6479 = VERTEX_POINT('',#6480);
#6480 = CARTESIAN_POINT('',(2.5,-3.,8.));
#6481 = LINE('',#6482,#6483);
#6482 = CARTESIAN_POINT('',(2.5,-3.,7.5));
#6483 = VECTOR('',#6484,1.);
#6484 = DIRECTION('',(0.,0.,1.));
#6485 = ORIENTED_EDGE('',*,*,#6486,.T.);
#6486 = EDGE_CURVE('',#6479,#6293,#6487,.T.);
#6487 = LINE('',#6488,#6489);
#6488 = CARTESIAN_POINT('',(2.9,-3.,8.));
#6489 = VECTOR('',#6490,1.);
#6490 = DIRECTION('',(-1.,0.,0.));
#6491 = ORIENTED_EDGE('',*,*,#6302,.T.);
#6492 = PLANE('',#6493);
#6493 = AXIS2_PLACEMENT_3D('',#6494,#6495,#6496);
#6494 = CARTESIAN_POINT('',(2.9,-3.,7.5));
#6495 = DIRECTION('',(0.,-1.,0.));
#6496 = DIRECTION('',(-1.,0.,0.));
#6497 = ADVANCED_FACE('',(#6498),#6516,.T.);
#6498 = FACE_BOUND('',#6499,.T.);
#6499 = EDGE_LOOP('',(#6500,#6501,#6502,#6510));
#6500 = ORIENTED_EDGE('',*,*,#6390,.F.);
#6501 = ORIENTED_EDGE('',*,*,#6333,.T.);
#6502 = ORIENTED_EDGE('',*,*,#6503,.T.);
#6503 = EDGE_CURVE('',#6326,#6504,#6506,.T.);
#6504 = VERTEX_POINT('',#6505);
#6505 = CARTESIAN_POINT('',(-2.5,-3.,8.));
#6506 = LINE('',#6507,#6508);
#6507 = CARTESIAN_POINT('',(2.9,-3.,8.));
#6508 = VECTOR('',#6509,1.);
#6509 = DIRECTION('',(-1.,0.,0.));
#6510 = ORIENTED_EDGE('',*,*,#6511,.F.);
#6511 = EDGE_CURVE('',#6391,#6504,#6512,.T.);
#6512 = LINE('',#6513,#6514);
#6513 = CARTESIAN_POINT('',(-2.5,-3.,7.5));
#6514 = VECTOR('',#6515,1.);
#6515 = DIRECTION('',(0.,0.,1.));
#6516 = PLANE('',#6517);
#6517 = AXIS2_PLACEMENT_3D('',#6518,#6519,#6520);
#6518 = CARTESIAN_POINT('',(2.9,-3.,7.5));
#6519 = DIRECTION('',(0.,-1.,0.));
#6520 = DIRECTION('',(-1.,0.,0.));
#6521 = ADVANCED_FACE('',(#6522),#6547,.T.);
#6522 = FACE_BOUND('',#6523,.T.);
#6523 = EDGE_LOOP('',(#6524,#6525,#6533,#6541));
#6524 = ORIENTED_EDGE('',*,*,#6347,.F.);
#6525 = ORIENTED_EDGE('',*,*,#6526,.T.);
#6526 = EDGE_CURVE('',#6348,#6527,#6529,.T.);
#6527 = VERTEX_POINT('',#6528);
#6528 = CARTESIAN_POINT('',(-2.5,3.,8.));
#6529 = LINE('',#6530,#6531);
#6530 = CARTESIAN_POINT('',(-2.5,3.,7.5));
#6531 = VECTOR('',#6532,1.);
#6532 = DIRECTION('',(0.,0.,1.));
#6533 = ORIENTED_EDGE('',*,*,#6534,.T.);
#6534 = EDGE_CURVE('',#6527,#6535,#6537,.T.);
#6535 = VERTEX_POINT('',#6536);
#6536 = CARTESIAN_POINT('',(2.5,3.,8.));
#6537 = LINE('',#6538,#6539);
#6538 = CARTESIAN_POINT('',(-2.9,3.,8.));
#6539 = VECTOR('',#6540,1.);
#6540 = DIRECTION('',(1.,0.,0.));
#6541 = ORIENTED_EDGE('',*,*,#6542,.F.);
#6542 = EDGE_CURVE('',#6350,#6535,#6543,.T.);
#6543 = LINE('',#6544,#6545);
#6544 = CARTESIAN_POINT('',(2.5,3.,7.5));
#6545 = VECTOR('',#6546,1.);
#6546 = DIRECTION('',(0.,0.,1.));
#6547 = PLANE('',#6548);
#6548 = AXIS2_PLACEMENT_3D('',#6549,#6550,#6551);
#6549 = CARTESIAN_POINT('',(-2.9,3.,7.5));
#6550 = DIRECTION('',(0.,1.,0.));
#6551 = DIRECTION('',(1.,0.,0.));
#6552 = ADVANCED_FACE('',(#6553),#6572,.T.);
#6553 = FACE_BOUND('',#6554,.T.);
#6554 = EDGE_LOOP('',(#6555,#6556,#6564,#6571));
#6555 = ORIENTED_EDGE('',*,*,#6415,.T.);
#6556 = ORIENTED_EDGE('',*,*,#6557,.T.);
#6557 = EDGE_CURVE('',#6408,#6558,#6560,.T.);
#6558 = VERTEX_POINT('',#6559);
#6559 = CARTESIAN_POINT('',(-2.9,2.6,8.));
#6560 = LINE('',#6561,#6562);
#6561 = CARTESIAN_POINT('',(-2.9,2.6,7.5));
#6562 = VECTOR('',#6563,1.);
#6563 = DIRECTION('',(0.,0.,1.));
#6564 = ORIENTED_EDGE('',*,*,#6565,.F.);
#6565 = EDGE_CURVE('',#6527,#6558,#6566,.T.);
#6566 = CIRCLE('',#6567,0.4);
#6567 = AXIS2_PLACEMENT_3D('',#6568,#6569,#6570);
#6568 = CARTESIAN_POINT('',(-2.5,2.6,8.));
#6569 = DIRECTION('',(-0.,0.,1.));
#6570 = DIRECTION('',(0.,-1.,0.));
#6571 = ORIENTED_EDGE('',*,*,#6526,.F.);
#6572 = CYLINDRICAL_SURFACE('',#6573,0.4);
#6573 = AXIS2_PLACEMENT_3D('',#6574,#6575,#6576);
#6574 = CARTESIAN_POINT('',(-2.5,2.6,7.5));
#6575 = DIRECTION('',(0.,0.,1.));
#6576 = DIRECTION('',(0.,1.,0.));
#6577 = ADVANCED_FACE('',(#6578),#6597,.T.);
#6578 = FACE_BOUND('',#6579,.T.);
#6579 = EDGE_LOOP('',(#6580,#6581,#6590,#6596));
#6580 = ORIENTED_EDGE('',*,*,#6542,.T.);
#6581 = ORIENTED_EDGE('',*,*,#6582,.T.);
#6582 = EDGE_CURVE('',#6535,#6583,#6585,.T.);
#6583 = VERTEX_POINT('',#6584);
#6584 = CARTESIAN_POINT('',(2.9,2.6,8.));
#6585 = CIRCLE('',#6586,0.4);
#6586 = AXIS2_PLACEMENT_3D('',#6587,#6588,#6589);
#6587 = CARTESIAN_POINT('',(2.5,2.6,8.));
#6588 = DIRECTION('',(-0.,-0.,-1.));
#6589 = DIRECTION('',(0.,-1.,0.));
#6590 = ORIENTED_EDGE('',*,*,#6591,.F.);
#6591 = EDGE_CURVE('',#6358,#6583,#6592,.T.);
#6592 = LINE('',#6593,#6594);
#6593 = CARTESIAN_POINT('',(2.9,2.6,7.5));
#6594 = VECTOR('',#6595,1.);
#6595 = DIRECTION('',(0.,0.,1.));
#6596 = ORIENTED_EDGE('',*,*,#6357,.F.);
#6597 = CYLINDRICAL_SURFACE('',#6598,0.4);
#6598 = AXIS2_PLACEMENT_3D('',#6599,#6600,#6601);
#6599 = CARTESIAN_POINT('',(2.5,2.6,7.5));
#6600 = DIRECTION('',(0.,0.,1.));
#6601 = DIRECTION('',(0.,1.,0.));
#6602 = ADVANCED_FACE('',(#6603),#6621,.T.);
#6603 = FACE_BOUND('',#6604,.T.);
#6604 = EDGE_LOOP('',(#6605,#6606,#6614,#6620));
#6605 = ORIENTED_EDGE('',*,*,#6407,.F.);
#6606 = ORIENTED_EDGE('',*,*,#6607,.T.);
#6607 = EDGE_CURVE('',#6399,#6608,#6610,.T.);
#6608 = VERTEX_POINT('',#6609);
#6609 = CARTESIAN_POINT('',(-2.9,-2.6,8.));
#6610 = LINE('',#6611,#6612);
#6611 = CARTESIAN_POINT('',(-2.9,-2.6,7.5));
#6612 = VECTOR('',#6613,1.);
#6613 = DIRECTION('',(0.,0.,1.));
#6614 = ORIENTED_EDGE('',*,*,#6615,.T.);
#6615 = EDGE_CURVE('',#6608,#6558,#6616,.T.);
#6616 = LINE('',#6617,#6618);
#6617 = CARTESIAN_POINT('',(-2.9,-3.,8.));
#6618 = VECTOR('',#6619,1.);
#6619 = DIRECTION('',(0.,1.,0.));
#6620 = ORIENTED_EDGE('',*,*,#6557,.F.);
#6621 = PLANE('',#6622);
#6622 = AXIS2_PLACEMENT_3D('',#6623,#6624,#6625);
#6623 = CARTESIAN_POINT('',(-2.9,-3.,7.5));
#6624 = DIRECTION('',(-1.,0.,0.));
#6625 = DIRECTION('',(0.,1.,0.));
#6626 = ADVANCED_FACE('',(#6627),#6645,.T.);
#6627 = FACE_BOUND('',#6628,.T.);
#6628 = EDGE_LOOP('',(#6629,#6630,#6631,#6639));
#6629 = ORIENTED_EDGE('',*,*,#6366,.F.);
#6630 = ORIENTED_EDGE('',*,*,#6591,.T.);
#6631 = ORIENTED_EDGE('',*,*,#6632,.T.);
#6632 = EDGE_CURVE('',#6583,#6633,#6635,.T.);
#6633 = VERTEX_POINT('',#6634);
#6634 = CARTESIAN_POINT('',(2.9,-2.6,8.));
#6635 = LINE('',#6636,#6637);
#6636 = CARTESIAN_POINT('',(2.9,3.,8.));
#6637 = VECTOR('',#6638,1.);
#6638 = DIRECTION('',(0.,-1.,0.));
#6639 = ORIENTED_EDGE('',*,*,#6640,.F.);
#6640 = EDGE_CURVE('',#6367,#6633,#6641,.T.);
#6641 = LINE('',#6642,#6643);
#6642 = CARTESIAN_POINT('',(2.9,-2.6,7.5));
#6643 = VECTOR('',#6644,1.);
#6644 = DIRECTION('',(0.,0.,1.));
#6645 = PLANE('',#6646);
#6646 = AXIS2_PLACEMENT_3D('',#6647,#6648,#6649);
#6647 = CARTESIAN_POINT('',(2.9,3.,7.5));
#6648 = DIRECTION('',(1.,0.,0.));
#6649 = DIRECTION('',(0.,-1.,0.));
#6650 = ADVANCED_FACE('',(#6651),#6663,.T.);
#6651 = FACE_BOUND('',#6652,.T.);
#6652 = EDGE_LOOP('',(#6653,#6654,#6661,#6662));
#6653 = ORIENTED_EDGE('',*,*,#6511,.T.);
#6654 = ORIENTED_EDGE('',*,*,#6655,.T.);
#6655 = EDGE_CURVE('',#6504,#6608,#6656,.T.);
#6656 = CIRCLE('',#6657,0.4);
#6657 = AXIS2_PLACEMENT_3D('',#6658,#6659,#6660);
#6658 = CARTESIAN_POINT('',(-2.5,-2.6,8.));
#6659 = DIRECTION('',(-0.,-0.,-1.));
#6660 = DIRECTION('',(0.,-1.,0.));
#6661 = ORIENTED_EDGE('',*,*,#6607,.F.);
#6662 = ORIENTED_EDGE('',*,*,#6398,.F.);
#6663 = CYLINDRICAL_SURFACE('',#6664,0.4);
#6664 = AXIS2_PLACEMENT_3D('',#6665,#6666,#6667);
#6665 = CARTESIAN_POINT('',(-2.5,-2.6,7.5));
#6666 = DIRECTION('',(0.,0.,1.));
#6667 = DIRECTION('',(0.,-1.,0.));
#6668 = ADVANCED_FACE('',(#6669),#6681,.T.);
#6669 = FACE_BOUND('',#6670,.T.);
#6670 = EDGE_LOOP('',(#6671,#6672,#6679,#6680));
#6671 = ORIENTED_EDGE('',*,*,#6640,.T.);
#6672 = ORIENTED_EDGE('',*,*,#6673,.T.);
#6673 = EDGE_CURVE('',#6633,#6479,#6674,.T.);
#6674 = CIRCLE('',#6675,0.4);
#6675 = AXIS2_PLACEMENT_3D('',#6676,#6677,#6678);
#6676 = CARTESIAN_POINT('',(2.5,-2.6,8.));
#6677 = DIRECTION('',(-0.,-0.,-1.));
#6678 = DIRECTION('',(0.,-1.,0.));
#6679 = ORIENTED_EDGE('',*,*,#6478,.F.);
#6680 = ORIENTED_EDGE('',*,*,#6374,.F.);
#6681 = CYLINDRICAL_SURFACE('',#6682,0.4);
#6682 = AXIS2_PLACEMENT_3D('',#6683,#6684,#6685);
#6683 = CARTESIAN_POINT('',(2.5,-2.6,7.5));
#6684 = DIRECTION('',(0.,0.,1.));
#6685 = DIRECTION('',(1.,0.,-0.));
#6686 = ADVANCED_FACE('',(#6687),#6706,.F.);
#6687 = FACE_BOUND('',#6688,.F.);
#6688 = EDGE_LOOP('',(#6689,#6698,#6704,#6705));
#6689 = ORIENTED_EDGE('',*,*,#6690,.F.);
#6690 = EDGE_CURVE('',#6691,#6691,#6693,.T.);
#6691 = VERTEX_POINT('',#6692);
#6692 = CARTESIAN_POINT('',(1.8,0.,8.));
#6693 = CIRCLE('',#6694,1.8);
#6694 = AXIS2_PLACEMENT_3D('',#6695,#6696,#6697);
#6695 = CARTESIAN_POINT('',(0.,0.,8.));
#6696 = DIRECTION('',(0.,0.,1.));
#6697 = DIRECTION('',(1.,0.,-0.));
#6698 = ORIENTED_EDGE('',*,*,#6699,.T.);
#6699 = EDGE_CURVE('',#6691,#6425,#6700,.T.);
#6700 = LINE('',#6701,#6702);
#6701 = CARTESIAN_POINT('',(1.8,0.,8.));
#6702 = VECTOR('',#6703,1.);
#6703 = DIRECTION('',(-0.,-0.,-1.));
#6704 = ORIENTED_EDGE('',*,*,#6424,.T.);
#6705 = ORIENTED_EDGE('',*,*,#6699,.F.);
#6706 = CYLINDRICAL_SURFACE('',#6707,1.8);
#6707 = AXIS2_PLACEMENT_3D('',#6708,#6709,#6710);
#6708 = CARTESIAN_POINT('',(0.,0.,8.));
#6709 = DIRECTION('',(0.,0.,1.));
#6710 = DIRECTION('',(1.,0.,-0.));
#6711 = ADVANCED_FACE('',(#6712,#6724),#6727,.F.);
#6712 = FACE_BOUND('',#6713,.F.);
#6713 = EDGE_LOOP('',(#6714,#6715,#6716,#6717,#6718,#6719,#6720,#6721,
    #6722,#6723));
#6714 = ORIENTED_EDGE('',*,*,#6534,.T.);
#6715 = ORIENTED_EDGE('',*,*,#6582,.T.);
#6716 = ORIENTED_EDGE('',*,*,#6632,.T.);
#6717 = ORIENTED_EDGE('',*,*,#6673,.T.);
#6718 = ORIENTED_EDGE('',*,*,#6486,.T.);
#6719 = ORIENTED_EDGE('',*,*,#6463,.F.);
#6720 = ORIENTED_EDGE('',*,*,#6503,.T.);
#6721 = ORIENTED_EDGE('',*,*,#6655,.T.);
#6722 = ORIENTED_EDGE('',*,*,#6615,.T.);
#6723 = ORIENTED_EDGE('',*,*,#6565,.F.);
#6724 = FACE_BOUND('',#6725,.F.);
#6725 = EDGE_LOOP('',(#6726));
#6726 = ORIENTED_EDGE('',*,*,#6690,.T.);
#6727 = PLANE('',#6728);
#6728 = AXIS2_PLACEMENT_3D('',#6729,#6730,#6731);
#6729 = CARTESIAN_POINT('',(0.,0.,8.));
#6730 = DIRECTION('',(-0.,-0.,-1.));
#6731 = DIRECTION('',(-1.,0.,0.));
#6732 = ( GEOMETRIC_REPRESENTATION_CONTEXT(3) 
GLOBAL_UNCERTAINTY_ASSIGNED_CONTEXT((#6736)) 
GLOBAL_UNIT_ASSIGNED_CONTEXT((#6733,#6734,#6735)) REPRESENTATION_CONTEXT
('Context #1','3D Context with UNIT and UNCERTAINTY') );
#6733 = ( LENGTH_UNIT() NAMED_UNIT(*) SI_UNIT(.MILLI.,.METRE.) );
#6734 = ( NAMED_UNIT(*) PLANE_ANGLE_UNIT() SI_UNIT($,.RADIAN.) );
#6735 = ( NAMED_UNIT(*) SI_UNIT($,.STERADIAN.) SOLID_ANGLE_UNIT() );
#6736 = UNCERTAINTY_MEASURE_WITH_UNIT(LENGTH_MEASURE(1.E-07),#6733,
  'distance_accuracy_value','confusion accuracy');
#6737 = CONTEXT_DEPENDENT_SHAPE_REPRESENTATION(#6738,#6740);
#6738 = ( REPRESENTATION_RELATIONSHIP('','',#5812,#2688) 
REPRESENTATION_RELATIONSHIP_WITH_TRANSFORMATION(#6739) 
SHAPE_REPRESENTATION_RELATIONSHIP() );
#6739 = ITEM_DEFINED_TRANSFORMATION('','',#11,#2701);
#6740 = PRODUCT_DEFINITION_SHAPE('Placement','Placement of an item',
  #6741);
#6741 = NEXT_ASSEMBLY_USAGE_OCCURRENCE('20','=>[0:1:1:9]','',#2683,#5807
  ,$);
#6742 = PRODUCT_RELATED_PRODUCT_CATEGORY('part',$,(#5809));
#6743 = SHAPE_DEFINITION_REPRESENTATION(#6744,#6750);
#6744 = PRODUCT_DEFINITION_SHAPE('','',#6745);
#6745 = PRODUCT_DEFINITION('design','',#6746,#6749);
#6746 = PRODUCT_DEFINITION_FORMATION('','',#6747);
#6747 = PRODUCT('Body','Body','',(#6748));
#6748 = PRODUCT_CONTEXT('',#2,'mechanical');
#6749 = PRODUCT_DEFINITION_CONTEXT('part definition',#2,'design');
#6750 = ADVANCED_BREP_SHAPE_REPRESENTATION('',(#11,#6751),#8422);
#6751 = MANIFOLD_SOLID_BREP('',#6752);
#6752 = CLOSED_SHELL('',(#6753,#6825,#7018,#7042,#7187,#7227,#7251,#7284
    ,#7301,#7368,#7399,#7423,#7447,#7471,#7495,#7519,#7543,#7567,#7591,
    #7624,#7648,#7672,#7696,#7720,#7744,#7768,#7792,#7816,#7840,#7921,
    #7952,#7976,#8008,#8046,#8071,#8095,#8113,#8152,#8176,#8200,#8217,
    #8273,#8290,#8307,#8324,#8341,#8353,#8370,#8382,#8405));
#6753 = ADVANCED_FACE('',(#6754),#6820,.T.);
#6754 = FACE_BOUND('',#6755,.T.);
#6755 = EDGE_LOOP('',(#6756,#6766,#6774,#6782,#6790,#6798,#6806,#6814));
#6756 = ORIENTED_EDGE('',*,*,#6757,.F.);
#6757 = EDGE_CURVE('',#6758,#6760,#6762,.T.);
#6758 = VERTEX_POINT('',#6759);
#6759 = CARTESIAN_POINT('',(-4.5,6.,0.));
#6760 = VERTEX_POINT('',#6761);
#6761 = CARTESIAN_POINT('',(4.5,6.,0.));
#6762 = LINE('',#6763,#6764);
#6763 = CARTESIAN_POINT('',(-4.5,6.,0.));
#6764 = VECTOR('',#6765,1.);
#6765 = DIRECTION('',(1.,0.,0.));
#6766 = ORIENTED_EDGE('',*,*,#6767,.T.);
#6767 = EDGE_CURVE('',#6758,#6768,#6770,.T.);
#6768 = VERTEX_POINT('',#6769);
#6769 = CARTESIAN_POINT('',(-4.5,6.,9.));
#6770 = LINE('',#6771,#6772);
#6771 = CARTESIAN_POINT('',(-4.5,6.,0.));
#6772 = VECTOR('',#6773,1.);
#6773 = DIRECTION('',(0.,0.,1.));
#6774 = ORIENTED_EDGE('',*,*,#6775,.T.);
#6775 = EDGE_CURVE('',#6768,#6776,#6778,.T.);
#6776 = VERTEX_POINT('',#6777);
#6777 = CARTESIAN_POINT('',(-1.,6.,9.));
#6778 = LINE('',#6779,#6780);
#6779 = CARTESIAN_POINT('',(-4.5,6.,9.));
#6780 = VECTOR('',#6781,1.);
#6781 = DIRECTION('',(1.,0.,0.));
#6782 = ORIENTED_EDGE('',*,*,#6783,.T.);
#6783 = EDGE_CURVE('',#6776,#6784,#6786,.T.);
#6784 = VERTEX_POINT('',#6785);
#6785 = CARTESIAN_POINT('',(-1.,6.,3.));
#6786 = LINE('',#6787,#6788);
#6787 = CARTESIAN_POINT('',(-1.,6.,9.));
#6788 = VECTOR('',#6789,1.);
#6789 = DIRECTION('',(0.,0.,-1.));
#6790 = ORIENTED_EDGE('',*,*,#6791,.T.);
#6791 = EDGE_CURVE('',#6784,#6792,#6794,.T.);
#6792 = VERTEX_POINT('',#6793);
#6793 = CARTESIAN_POINT('',(1.,6.,3.));
#6794 = LINE('',#6795,#6796);
#6795 = CARTESIAN_POINT('',(-1.,6.,3.));
#6796 = VECTOR('',#6797,1.);
#6797 = DIRECTION('',(1.,0.,0.));
#6798 = ORIENTED_EDGE('',*,*,#6799,.T.);
#6799 = EDGE_CURVE('',#6792,#6800,#6802,.T.);
#6800 = VERTEX_POINT('',#6801);
#6801 = CARTESIAN_POINT('',(1.,6.,9.));
#6802 = LINE('',#6803,#6804);
#6803 = CARTESIAN_POINT('',(1.,6.,3.));
#6804 = VECTOR('',#6805,1.);
#6805 = DIRECTION('',(0.,0.,1.));
#6806 = ORIENTED_EDGE('',*,*,#6807,.T.);
#6807 = EDGE_CURVE('',#6800,#6808,#6810,.T.);
#6808 = VERTEX_POINT('',#6809);
#6809 = CARTESIAN_POINT('',(4.5,6.,9.));
#6810 = LINE('',#6811,#6812);
#6811 = CARTESIAN_POINT('',(-4.5,6.,9.));
#6812 = VECTOR('',#6813,1.);
#6813 = DIRECTION('',(1.,0.,0.));
#6814 = ORIENTED_EDGE('',*,*,#6815,.F.);
#6815 = EDGE_CURVE('',#6760,#6808,#6816,.T.);
#6816 = LINE('',#6817,#6818);
#6817 = CARTESIAN_POINT('',(4.5,6.,0.));
#6818 = VECTOR('',#6819,1.);
#6819 = DIRECTION('',(0.,0.,1.));
#6820 = PLANE('',#6821);
#6821 = AXIS2_PLACEMENT_3D('',#6822,#6823,#6824);
#6822 = CARTESIAN_POINT('',(-4.5,6.,0.));
#6823 = DIRECTION('',(0.,1.,0.));
#6824 = DIRECTION('',(1.,0.,0.));
#6825 = ADVANCED_FACE('',(#6826,#6851),#7013,.T.);
#6826 = FACE_BOUND('',#6827,.T.);
#6827 = EDGE_LOOP('',(#6828,#6829,#6837,#6845));
#6828 = ORIENTED_EDGE('',*,*,#6757,.T.);
#6829 = ORIENTED_EDGE('',*,*,#6830,.T.);
#6830 = EDGE_CURVE('',#6760,#6831,#6833,.T.);
#6831 = VERTEX_POINT('',#6832);
#6832 = CARTESIAN_POINT('',(4.5,-4.5,0.));
#6833 = LINE('',#6834,#6835);
#6834 = CARTESIAN_POINT('',(4.5,6.,0.));
#6835 = VECTOR('',#6836,1.);
#6836 = DIRECTION('',(0.,-1.,0.));
#6837 = ORIENTED_EDGE('',*,*,#6838,.T.);
#6838 = EDGE_CURVE('',#6831,#6839,#6841,.T.);
#6839 = VERTEX_POINT('',#6840);
#6840 = CARTESIAN_POINT('',(-4.5,-4.5,0.));
#6841 = LINE('',#6842,#6843);
#6842 = CARTESIAN_POINT('',(4.5,-4.5,0.));
#6843 = VECTOR('',#6844,1.);
#6844 = DIRECTION('',(-1.,0.,0.));
#6845 = ORIENTED_EDGE('',*,*,#6846,.T.);
#6846 = EDGE_CURVE('',#6839,#6758,#6847,.T.);
#6847 = LINE('',#6848,#6849);
#6848 = CARTESIAN_POINT('',(-4.5,-4.5,0.));
#6849 = VECTOR('',#6850,1.);
#6850 = DIRECTION('',(0.,1.,0.));
#6851 = FACE_BOUND('',#6852,.T.);
#6852 = EDGE_LOOP('',(#6853,#6863,#6871,#6879,#6887,#6895,#6903,#6911,
    #6919,#6927,#6935,#6943,#6951,#6959,#6967,#6975,#6983,#6991,#6999,
    #7007));
#6853 = ORIENTED_EDGE('',*,*,#6854,.F.);
#6854 = EDGE_CURVE('',#6855,#6857,#6859,.T.);
#6855 = VERTEX_POINT('',#6856);
#6856 = CARTESIAN_POINT('',(-3.75,-3.63,0.));
#6857 = VERTEX_POINT('',#6858);
#6858 = CARTESIAN_POINT('',(-3.75,-3.13,0.));
#6859 = LINE('',#6860,#6861);
#6860 = CARTESIAN_POINT('',(-3.75,-3.63,0.));
#6861 = VECTOR('',#6862,1.);
#6862 = DIRECTION('',(0.,1.,0.));
#6863 = ORIENTED_EDGE('',*,*,#6864,.F.);
#6864 = EDGE_CURVE('',#6865,#6855,#6867,.T.);
#6865 = VERTEX_POINT('',#6866);
#6866 = CARTESIAN_POINT('',(3.75,-3.63,0.));
#6867 = LINE('',#6868,#6869);
#6868 = CARTESIAN_POINT('',(3.75,-3.63,0.));
#6869 = VECTOR('',#6870,1.);
#6870 = DIRECTION('',(-1.,0.,0.));
#6871 = ORIENTED_EDGE('',*,*,#6872,.F.);
#6872 = EDGE_CURVE('',#6873,#6865,#6875,.T.);
#6873 = VERTEX_POINT('',#6874);
#6874 = CARTESIAN_POINT('',(3.75,-3.13,0.));
#6875 = LINE('',#6876,#6877);
#6876 = CARTESIAN_POINT('',(3.75,-3.13,0.));
#6877 = VECTOR('',#6878,1.);
#6878 = DIRECTION('',(0.,-1.,0.));
#6879 = ORIENTED_EDGE('',*,*,#6880,.F.);
#6880 = EDGE_CURVE('',#6881,#6873,#6883,.T.);
#6881 = VERTEX_POINT('',#6882);
#6882 = CARTESIAN_POINT('',(2.75,-3.13,0.));
#6883 = LINE('',#6884,#6885);
#6884 = CARTESIAN_POINT('',(2.75,-3.13,0.));
#6885 = VECTOR('',#6886,1.);
#6886 = DIRECTION('',(1.,0.,0.));
#6887 = ORIENTED_EDGE('',*,*,#6888,.F.);
#6888 = EDGE_CURVE('',#6889,#6881,#6891,.T.);
#6889 = VERTEX_POINT('',#6890);
#6890 = CARTESIAN_POINT('',(2.75,-1.13,0.));
#6891 = LINE('',#6892,#6893);
#6892 = CARTESIAN_POINT('',(2.75,-1.13,0.));
#6893 = VECTOR('',#6894,1.);
#6894 = DIRECTION('',(0.,-1.,0.));
#6895 = ORIENTED_EDGE('',*,*,#6896,.F.);
#6896 = EDGE_CURVE('',#6897,#6889,#6899,.T.);
#6897 = VERTEX_POINT('',#6898);
#6898 = CARTESIAN_POINT('',(3.75,-1.13,0.));
#6899 = LINE('',#6900,#6901);
#6900 = CARTESIAN_POINT('',(3.75,-1.13,0.));
#6901 = VECTOR('',#6902,1.);
#6902 = DIRECTION('',(-1.,0.,0.));
#6903 = ORIENTED_EDGE('',*,*,#6904,.F.);
#6904 = EDGE_CURVE('',#6905,#6897,#6907,.T.);
#6905 = VERTEX_POINT('',#6906);
#6906 = CARTESIAN_POINT('',(3.75,3.67,0.));
#6907 = LINE('',#6908,#6909);
#6908 = CARTESIAN_POINT('',(3.75,3.67,0.));
#6909 = VECTOR('',#6910,1.);
#6910 = DIRECTION('',(0.,-1.,0.));
#6911 = ORIENTED_EDGE('',*,*,#6912,.F.);
#6912 = EDGE_CURVE('',#6913,#6905,#6915,.T.);
#6913 = VERTEX_POINT('',#6914);
#6914 = CARTESIAN_POINT('',(2.75,3.67,0.));
#6915 = LINE('',#6916,#6917);
#6916 = CARTESIAN_POINT('',(2.75,3.67,0.));
#6917 = VECTOR('',#6918,1.);
#6918 = DIRECTION('',(1.,0.,0.));
#6919 = ORIENTED_EDGE('',*,*,#6920,.F.);
#6920 = EDGE_CURVE('',#6921,#6913,#6923,.T.);
#6921 = VERTEX_POINT('',#6922);
#6922 = CARTESIAN_POINT('',(2.75,4.67,0.));
#6923 = LINE('',#6924,#6925);
#6924 = CARTESIAN_POINT('',(2.75,4.67,0.));
#6925 = VECTOR('',#6926,1.);
#6926 = DIRECTION('',(0.,-1.,0.));
#6927 = ORIENTED_EDGE('',*,*,#6928,.F.);
#6928 = EDGE_CURVE('',#6929,#6921,#6931,.T.);
#6929 = VERTEX_POINT('',#6930);
#6930 = CARTESIAN_POINT('',(3.75,4.67,0.));
#6931 = LINE('',#6932,#6933);
#6932 = CARTESIAN_POINT('',(3.75,4.67,0.));
#6933 = VECTOR('',#6934,1.);
#6934 = DIRECTION('',(-1.,0.,0.));
#6935 = ORIENTED_EDGE('',*,*,#6936,.F.);
#6936 = EDGE_CURVE('',#6937,#6929,#6939,.T.);
#6937 = VERTEX_POINT('',#6938);
#6938 = CARTESIAN_POINT('',(3.75,5.17,0.));
#6939 = LINE('',#6940,#6941);
#6940 = CARTESIAN_POINT('',(3.75,5.17,0.));
#6941 = VECTOR('',#6942,1.);
#6942 = DIRECTION('',(0.,-1.,0.));
#6943 = ORIENTED_EDGE('',*,*,#6944,.F.);
#6944 = EDGE_CURVE('',#6945,#6937,#6947,.T.);
#6945 = VERTEX_POINT('',#6946);
#6946 = CARTESIAN_POINT('',(-3.75,5.17,0.));
#6947 = LINE('',#6948,#6949);
#6948 = CARTESIAN_POINT('',(-3.75,5.17,0.));
#6949 = VECTOR('',#6950,1.);
#6950 = DIRECTION('',(1.,0.,0.));
#6951 = ORIENTED_EDGE('',*,*,#6952,.F.);
#6952 = EDGE_CURVE('',#6953,#6945,#6955,.T.);
#6953 = VERTEX_POINT('',#6954);
#6954 = CARTESIAN_POINT('',(-3.75,4.67,0.));
#6955 = LINE('',#6956,#6957);
#6956 = CARTESIAN_POINT('',(-3.75,4.67,0.));
#6957 = VECTOR('',#6958,1.);
#6958 = DIRECTION('',(0.,1.,0.));
#6959 = ORIENTED_EDGE('',*,*,#6960,.F.);
#6960 = EDGE_CURVE('',#6961,#6953,#6963,.T.);
#6961 = VERTEX_POINT('',#6962);
#6962 = CARTESIAN_POINT('',(-2.75,4.67,0.));
#6963 = LINE('',#6964,#6965);
#6964 = CARTESIAN_POINT('',(-2.75,4.67,0.));
#6965 = VECTOR('',#6966,1.);
#6966 = DIRECTION('',(-1.,0.,0.));
#6967 = ORIENTED_EDGE('',*,*,#6968,.F.);
#6968 = EDGE_CURVE('',#6969,#6961,#6971,.T.);
#6969 = VERTEX_POINT('',#6970);
#6970 = CARTESIAN_POINT('',(-2.75,3.67,0.));
#6971 = LINE('',#6972,#6973);
#6972 = CARTESIAN_POINT('',(-2.75,3.67,0.));
#6973 = VECTOR('',#6974,1.);
#6974 = DIRECTION('',(0.,1.,0.));
#6975 = ORIENTED_EDGE('',*,*,#6976,.F.);
#6976 = EDGE_CURVE('',#6977,#6969,#6979,.T.);
#6977 = VERTEX_POINT('',#6978);
#6978 = CARTESIAN_POINT('',(-3.75,3.67,0.));
#6979 = LINE('',#6980,#6981);
#6980 = CARTESIAN_POINT('',(-3.75,3.67,0.));
#6981 = VECTOR('',#6982,1.);
#6982 = DIRECTION('',(1.,0.,0.));
#6983 = ORIENTED_EDGE('',*,*,#6984,.F.);
#6984 = EDGE_CURVE('',#6985,#6977,#6987,.T.);
#6985 = VERTEX_POINT('',#6986);
#6986 = CARTESIAN_POINT('',(-3.75,-1.13,0.));
#6987 = LINE('',#6988,#6989);
#6988 = CARTESIAN_POINT('',(-3.75,-1.13,0.));
#6989 = VECTOR('',#6990,1.);
#6990 = DIRECTION('',(0.,1.,0.));
#6991 = ORIENTED_EDGE('',*,*,#6992,.F.);
#6992 = EDGE_CURVE('',#6993,#6985,#6995,.T.);
#6993 = VERTEX_POINT('',#6994);
#6994 = CARTESIAN_POINT('',(-2.75,-1.13,0.));
#6995 = LINE('',#6996,#6997);
#6996 = CARTESIAN_POINT('',(-2.75,-1.13,0.));
#6997 = VECTOR('',#6998,1.);
#6998 = DIRECTION('',(-1.,0.,0.));
#6999 = ORIENTED_EDGE('',*,*,#7000,.F.);
#7000 = EDGE_CURVE('',#7001,#6993,#7003,.T.);
#7001 = VERTEX_POINT('',#7002);
#7002 = CARTESIAN_POINT('',(-2.75,-3.13,0.));
#7003 = LINE('',#7004,#7005);
#7004 = CARTESIAN_POINT('',(-2.75,-3.13,0.));
#7005 = VECTOR('',#7006,1.);
#7006 = DIRECTION('',(0.,1.,0.));
#7007 = ORIENTED_EDGE('',*,*,#7008,.F.);
#7008 = EDGE_CURVE('',#6857,#7001,#7009,.T.);
#7009 = LINE('',#7010,#7011);
#7010 = CARTESIAN_POINT('',(-3.75,-3.13,0.));
#7011 = VECTOR('',#7012,1.);
#7012 = DIRECTION('',(1.,0.,0.));
#7013 = PLANE('',#7014);
#7014 = AXIS2_PLACEMENT_3D('',#7015,#7016,#7017);
#7015 = CARTESIAN_POINT('',(0.,0.75,0.));
#7016 = DIRECTION('',(-0.,-0.,-1.));
#7017 = DIRECTION('',(-1.,0.,0.));
#7018 = ADVANCED_FACE('',(#7019),#7037,.T.);
#7019 = FACE_BOUND('',#7020,.T.);
#7020 = EDGE_LOOP('',(#7021,#7022,#7030,#7036));
#7021 = ORIENTED_EDGE('',*,*,#6815,.T.);
#7022 = ORIENTED_EDGE('',*,*,#7023,.T.);
#7023 = EDGE_CURVE('',#6808,#7024,#7026,.T.);
#7024 = VERTEX_POINT('',#7025);
#7025 = CARTESIAN_POINT('',(4.5,-4.5,9.));
#7026 = LINE('',#7027,#7028);
#7027 = CARTESIAN_POINT('',(4.5,6.,9.));
#7028 = VECTOR('',#7029,1.);
#7029 = DIRECTION('',(0.,-1.,0.));
#7030 = ORIENTED_EDGE('',*,*,#7031,.F.);
#7031 = EDGE_CURVE('',#6831,#7024,#7032,.T.);
#7032 = LINE('',#7033,#7034);
#7033 = CARTESIAN_POINT('',(4.5,-4.5,0.));
#7034 = VECTOR('',#7035,1.);
#7035 = DIRECTION('',(0.,0.,1.));
#7036 = ORIENTED_EDGE('',*,*,#6830,.F.);
#7037 = PLANE('',#7038);
#7038 = AXIS2_PLACEMENT_3D('',#7039,#7040,#7041);
#7039 = CARTESIAN_POINT('',(4.5,6.,0.));
#7040 = DIRECTION('',(1.,0.,0.));
#7041 = DIRECTION('',(0.,-1.,0.));
#7042 = ADVANCED_FACE('',(#7043),#7182,.F.);
#7043 = FACE_BOUND('',#7044,.F.);
#7044 = EDGE_LOOP('',(#7045,#7055,#7063,#7069,#7070,#7078,#7086,#7092,
    #7093,#7094,#7102,#7110,#7118,#7126,#7134,#7143,#7151,#7160,#7168,
    #7176));
#7045 = ORIENTED_EDGE('',*,*,#7046,.F.);
#7046 = EDGE_CURVE('',#7047,#7049,#7051,.T.);
#7047 = VERTEX_POINT('',#7048);
#7048 = CARTESIAN_POINT('',(-3.,-4.5,9.));
#7049 = VERTEX_POINT('',#7050);
#7050 = CARTESIAN_POINT('',(-3.,-3.5,9.));
#7051 = LINE('',#7052,#7053);
#7052 = CARTESIAN_POINT('',(-3.,-4.5,9.));
#7053 = VECTOR('',#7054,1.);
#7054 = DIRECTION('',(0.,1.,-2.2E-16));
#7055 = ORIENTED_EDGE('',*,*,#7056,.T.);
#7056 = EDGE_CURVE('',#7047,#7057,#7059,.T.);
#7057 = VERTEX_POINT('',#7058);
#7058 = CARTESIAN_POINT('',(-4.5,-4.5,9.));
#7059 = LINE('',#7060,#7061);
#7060 = CARTESIAN_POINT('',(4.5,-4.5,9.));
#7061 = VECTOR('',#7062,1.);
#7062 = DIRECTION('',(-1.,0.,0.));
#7063 = ORIENTED_EDGE('',*,*,#7064,.T.);
#7064 = EDGE_CURVE('',#7057,#6768,#7065,.T.);
#7065 = LINE('',#7066,#7067);
#7066 = CARTESIAN_POINT('',(-4.5,-4.5,9.));
#7067 = VECTOR('',#7068,1.);
#7068 = DIRECTION('',(0.,1.,0.));
#7069 = ORIENTED_EDGE('',*,*,#6775,.T.);
#7070 = ORIENTED_EDGE('',*,*,#7071,.T.);
#7071 = EDGE_CURVE('',#6776,#7072,#7074,.T.);
#7072 = VERTEX_POINT('',#7073);
#7073 = CARTESIAN_POINT('',(-1.,4.5,9.));
#7074 = LINE('',#7075,#7076);
#7075 = CARTESIAN_POINT('',(-1.,6.,9.));
#7076 = VECTOR('',#7077,1.);
#7077 = DIRECTION('',(0.,-1.,2.2E-16));
#7078 = ORIENTED_EDGE('',*,*,#7079,.F.);
#7079 = EDGE_CURVE('',#7080,#7072,#7082,.T.);
#7080 = VERTEX_POINT('',#7081);
#7081 = CARTESIAN_POINT('',(1.,4.5,9.));
#7082 = LINE('',#7083,#7084);
#7083 = CARTESIAN_POINT('',(1.,4.5,9.));
#7084 = VECTOR('',#7085,1.);
#7085 = DIRECTION('',(-1.,0.,0.));
#7086 = ORIENTED_EDGE('',*,*,#7087,.F.);
#7087 = EDGE_CURVE('',#6800,#7080,#7088,.T.);
#7088 = LINE('',#7089,#7090);
#7089 = CARTESIAN_POINT('',(1.,6.,9.));
#7090 = VECTOR('',#7091,1.);
#7091 = DIRECTION('',(0.,-1.,2.2E-16));
#7092 = ORIENTED_EDGE('',*,*,#6807,.T.);
#7093 = ORIENTED_EDGE('',*,*,#7023,.T.);
#7094 = ORIENTED_EDGE('',*,*,#7095,.T.);
#7095 = EDGE_CURVE('',#7024,#7096,#7098,.T.);
#7096 = VERTEX_POINT('',#7097);
#7097 = CARTESIAN_POINT('',(3.,-4.5,9.));
#7098 = LINE('',#7099,#7100);
#7099 = CARTESIAN_POINT('',(4.5,-4.5,9.));
#7100 = VECTOR('',#7101,1.);
#7101 = DIRECTION('',(-1.,0.,0.));
#7102 = ORIENTED_EDGE('',*,*,#7103,.T.);
#7103 = EDGE_CURVE('',#7096,#7104,#7106,.T.);
#7104 = VERTEX_POINT('',#7105);
#7105 = CARTESIAN_POINT('',(3.,-3.5,9.));
#7106 = LINE('',#7107,#7108);
#7107 = CARTESIAN_POINT('',(3.,-4.5,9.));
#7108 = VECTOR('',#7109,1.);
#7109 = DIRECTION('',(0.,1.,-2.2E-16));
#7110 = ORIENTED_EDGE('',*,*,#7111,.T.);
#7111 = EDGE_CURVE('',#7104,#7112,#7114,.T.);
#7112 = VERTEX_POINT('',#7113);
#7113 = CARTESIAN_POINT('',(1.,-3.5,9.));
#7114 = LINE('',#7115,#7116);
#7115 = CARTESIAN_POINT('',(3.,-3.5,9.));
#7116 = VECTOR('',#7117,1.);
#7117 = DIRECTION('',(-1.,0.,0.));
#7118 = ORIENTED_EDGE('',*,*,#7119,.T.);
#7119 = EDGE_CURVE('',#7112,#7120,#7122,.T.);
#7120 = VERTEX_POINT('',#7121);
#7121 = CARTESIAN_POINT('',(1.,-3.,9.));
#7122 = LINE('',#7123,#7124);
#7123 = CARTESIAN_POINT('',(1.,-3.5,9.));
#7124 = VECTOR('',#7125,1.);
#7125 = DIRECTION('',(0.,1.,-2.2E-16));
#7126 = ORIENTED_EDGE('',*,*,#7127,.F.);
#7127 = EDGE_CURVE('',#7128,#7120,#7130,.T.);
#7128 = VERTEX_POINT('',#7129);
#7129 = CARTESIAN_POINT('',(2.25,-3.,9.));
#7130 = LINE('',#7131,#7132);
#7131 = CARTESIAN_POINT('',(2.25,-3.,9.));
#7132 = VECTOR('',#7133,1.);
#7133 = DIRECTION('',(-1.,-2.E-16,0.));
#7134 = ORIENTED_EDGE('',*,*,#7135,.T.);
#7135 = EDGE_CURVE('',#7128,#7136,#7138,.T.);
#7136 = VERTEX_POINT('',#7137);
#7137 = CARTESIAN_POINT('',(2.25,3.,9.));
#7138 = CIRCLE('',#7139,3.75);
#7139 = AXIS2_PLACEMENT_3D('',#7140,#7141,#7142);
#7140 = CARTESIAN_POINT('',(0.,0.,9.));
#7141 = DIRECTION('',(0.,0.,1.));
#7142 = DIRECTION('',(1.,0.,-0.));
#7143 = ORIENTED_EDGE('',*,*,#7144,.F.);
#7144 = EDGE_CURVE('',#7145,#7136,#7147,.T.);
#7145 = VERTEX_POINT('',#7146);
#7146 = CARTESIAN_POINT('',(-2.25,3.,9.));
#7147 = LINE('',#7148,#7149);
#7148 = CARTESIAN_POINT('',(-2.25,3.,9.));
#7149 = VECTOR('',#7150,1.);
#7150 = DIRECTION('',(1.,0.,0.));
#7151 = ORIENTED_EDGE('',*,*,#7152,.T.);
#7152 = EDGE_CURVE('',#7145,#7153,#7155,.T.);
#7153 = VERTEX_POINT('',#7154);
#7154 = CARTESIAN_POINT('',(-2.25,-3.,9.));
#7155 = CIRCLE('',#7156,3.75);
#7156 = AXIS2_PLACEMENT_3D('',#7157,#7158,#7159);
#7157 = CARTESIAN_POINT('',(0.,0.,9.));
#7158 = DIRECTION('',(0.,0.,1.));
#7159 = DIRECTION('',(1.,0.,-0.));
#7160 = ORIENTED_EDGE('',*,*,#7161,.F.);
#7161 = EDGE_CURVE('',#7162,#7153,#7164,.T.);
#7162 = VERTEX_POINT('',#7163);
#7163 = CARTESIAN_POINT('',(-1.,-3.,9.));
#7164 = LINE('',#7165,#7166);
#7165 = CARTESIAN_POINT('',(2.25,-3.,9.));
#7166 = VECTOR('',#7167,1.);
#7167 = DIRECTION('',(-1.,-2.E-16,0.));
#7168 = ORIENTED_EDGE('',*,*,#7169,.F.);
#7169 = EDGE_CURVE('',#7170,#7162,#7172,.T.);
#7170 = VERTEX_POINT('',#7171);
#7171 = CARTESIAN_POINT('',(-1.,-3.5,9.));
#7172 = LINE('',#7173,#7174);
#7173 = CARTESIAN_POINT('',(-1.,-3.5,9.));
#7174 = VECTOR('',#7175,1.);
#7175 = DIRECTION('',(0.,1.,-2.2E-16));
#7176 = ORIENTED_EDGE('',*,*,#7177,.T.);
#7177 = EDGE_CURVE('',#7170,#7049,#7178,.T.);
#7178 = LINE('',#7179,#7180);
#7179 = CARTESIAN_POINT('',(3.,-3.5,9.));
#7180 = VECTOR('',#7181,1.);
#7181 = DIRECTION('',(-1.,0.,0.));
#7182 = PLANE('',#7183);
#7183 = AXIS2_PLACEMENT_3D('',#7184,#7185,#7186);
#7184 = CARTESIAN_POINT('',(0.,0.75,9.));
#7185 = DIRECTION('',(-0.,-0.,-1.));
#7186 = DIRECTION('',(-1.,0.,0.));
#7187 = ADVANCED_FACE('',(#7188),#7222,.T.);
#7188 = FACE_BOUND('',#7189,.T.);
#7189 = EDGE_LOOP('',(#7190,#7191,#7199,#7207,#7215,#7221));
#7190 = ORIENTED_EDGE('',*,*,#6799,.F.);
#7191 = ORIENTED_EDGE('',*,*,#7192,.T.);
#7192 = EDGE_CURVE('',#6792,#7193,#7195,.T.);
#7193 = VERTEX_POINT('',#7194);
#7194 = CARTESIAN_POINT('',(1.,5.17,3.));
#7195 = LINE('',#7196,#7197);
#7196 = CARTESIAN_POINT('',(1.,6.,3.));
#7197 = VECTOR('',#7198,1.);
#7198 = DIRECTION('',(0.,-1.,2.2E-16));
#7199 = ORIENTED_EDGE('',*,*,#7200,.T.);
#7200 = EDGE_CURVE('',#7193,#7201,#7203,.T.);
#7201 = VERTEX_POINT('',#7202);
#7202 = CARTESIAN_POINT('',(1.,5.17,8.));
#7203 = LINE('',#7204,#7205);
#7204 = CARTESIAN_POINT('',(1.,5.17,1.5));
#7205 = VECTOR('',#7206,1.);
#7206 = DIRECTION('',(0.,0.,1.));
#7207 = ORIENTED_EDGE('',*,*,#7208,.F.);
#7208 = EDGE_CURVE('',#7209,#7201,#7211,.T.);
#7209 = VERTEX_POINT('',#7210);
#7210 = CARTESIAN_POINT('',(1.,4.5,8.));
#7211 = LINE('',#7212,#7213);
#7212 = CARTESIAN_POINT('',(1.,3.409630541872,8.));
#7213 = VECTOR('',#7214,1.);
#7214 = DIRECTION('',(0.,1.,0.));
#7215 = ORIENTED_EDGE('',*,*,#7216,.T.);
#7216 = EDGE_CURVE('',#7209,#7080,#7217,.T.);
#7217 = LINE('',#7218,#7219);
#7218 = CARTESIAN_POINT('',(1.,4.5,3.));
#7219 = VECTOR('',#7220,1.);
#7220 = DIRECTION('',(0.,0.,1.));
#7221 = ORIENTED_EDGE('',*,*,#7087,.F.);
#7222 = PLANE('',#7223);
#7223 = AXIS2_PLACEMENT_3D('',#7224,#7225,#7226);
#7224 = CARTESIAN_POINT('',(1.,6.,3.));
#7225 = DIRECTION('',(-1.,0.,0.));
#7226 = DIRECTION('',(0.,2.2E-16,1.));
#7227 = ADVANCED_FACE('',(#7228),#7246,.T.);
#7228 = FACE_BOUND('',#7229,.T.);
#7229 = EDGE_LOOP('',(#7230,#7231,#7239,#7245));
#7230 = ORIENTED_EDGE('',*,*,#6791,.F.);
#7231 = ORIENTED_EDGE('',*,*,#7232,.T.);
#7232 = EDGE_CURVE('',#6784,#7233,#7235,.T.);
#7233 = VERTEX_POINT('',#7234);
#7234 = CARTESIAN_POINT('',(-1.,5.17,3.));
#7235 = LINE('',#7236,#7237);
#7236 = CARTESIAN_POINT('',(-1.,6.,3.));
#7237 = VECTOR('',#7238,1.);
#7238 = DIRECTION('',(0.,-1.,2.2E-16));
#7239 = ORIENTED_EDGE('',*,*,#7240,.T.);
#7240 = EDGE_CURVE('',#7233,#7193,#7241,.T.);
#7241 = LINE('',#7242,#7243);
#7242 = CARTESIAN_POINT('',(-2.375,5.17,3.));
#7243 = VECTOR('',#7244,1.);
#7244 = DIRECTION('',(1.,0.,0.));
#7245 = ORIENTED_EDGE('',*,*,#7192,.F.);
#7246 = PLANE('',#7247);
#7247 = AXIS2_PLACEMENT_3D('',#7248,#7249,#7250);
#7248 = CARTESIAN_POINT('',(-1.,6.,3.));
#7249 = DIRECTION('',(0.,2.2E-16,1.));
#7250 = DIRECTION('',(1.,0.,-0.));
#7251 = ADVANCED_FACE('',(#7252),#7279,.T.);
#7252 = FACE_BOUND('',#7253,.T.);
#7253 = EDGE_LOOP('',(#7254,#7255,#7256,#7264,#7272,#7278));
#7254 = ORIENTED_EDGE('',*,*,#6783,.F.);
#7255 = ORIENTED_EDGE('',*,*,#7071,.T.);
#7256 = ORIENTED_EDGE('',*,*,#7257,.T.);
#7257 = EDGE_CURVE('',#7072,#7258,#7260,.T.);
#7258 = VERTEX_POINT('',#7259);
#7259 = CARTESIAN_POINT('',(-1.,4.5,8.));
#7260 = LINE('',#7261,#7262);
#7261 = CARTESIAN_POINT('',(-1.,4.5,9.));
#7262 = VECTOR('',#7263,1.);
#7263 = DIRECTION('',(0.,0.,-1.));
#7264 = ORIENTED_EDGE('',*,*,#7265,.F.);
#7265 = EDGE_CURVE('',#7266,#7258,#7268,.T.);
#7266 = VERTEX_POINT('',#7267);
#7267 = CARTESIAN_POINT('',(-1.,5.17,8.));
#7268 = LINE('',#7269,#7270);
#7269 = CARTESIAN_POINT('',(-1.,3.409630541872,8.));
#7270 = VECTOR('',#7271,1.);
#7271 = DIRECTION('',(0.,-1.,0.));
#7272 = ORIENTED_EDGE('',*,*,#7273,.T.);
#7273 = EDGE_CURVE('',#7266,#7233,#7274,.T.);
#7274 = LINE('',#7275,#7276);
#7275 = CARTESIAN_POINT('',(-1.,5.17,4.5));
#7276 = VECTOR('',#7277,1.);
#7277 = DIRECTION('',(0.,0.,-1.));
#7278 = ORIENTED_EDGE('',*,*,#7232,.F.);
#7279 = PLANE('',#7280);
#7280 = AXIS2_PLACEMENT_3D('',#7281,#7282,#7283);
#7281 = CARTESIAN_POINT('',(-1.,6.,9.));
#7282 = DIRECTION('',(1.,0.,0.));
#7283 = DIRECTION('',(0.,-2.2E-16,-1.));
#7284 = ADVANCED_FACE('',(#7285),#7296,.T.);
#7285 = FACE_BOUND('',#7286,.T.);
#7286 = EDGE_LOOP('',(#7287,#7293,#7294,#7295));
#7287 = ORIENTED_EDGE('',*,*,#7288,.T.);
#7288 = EDGE_CURVE('',#6839,#7057,#7289,.T.);
#7289 = LINE('',#7290,#7291);
#7290 = CARTESIAN_POINT('',(-4.5,-4.5,0.));
#7291 = VECTOR('',#7292,1.);
#7292 = DIRECTION('',(0.,0.,1.));
#7293 = ORIENTED_EDGE('',*,*,#7064,.T.);
#7294 = ORIENTED_EDGE('',*,*,#6767,.F.);
#7295 = ORIENTED_EDGE('',*,*,#6846,.F.);
#7296 = PLANE('',#7297);
#7297 = AXIS2_PLACEMENT_3D('',#7298,#7299,#7300);
#7298 = CARTESIAN_POINT('',(-4.5,-4.5,0.));
#7299 = DIRECTION('',(-1.,0.,0.));
#7300 = DIRECTION('',(0.,1.,0.));
#7301 = ADVANCED_FACE('',(#7302),#7363,.T.);
#7302 = FACE_BOUND('',#7303,.T.);
#7303 = EDGE_LOOP('',(#7304,#7305,#7306,#7307,#7315,#7323,#7331,#7339,
    #7347,#7355,#7361,#7362));
#7304 = ORIENTED_EDGE('',*,*,#6838,.F.);
#7305 = ORIENTED_EDGE('',*,*,#7031,.T.);
#7306 = ORIENTED_EDGE('',*,*,#7095,.T.);
#7307 = ORIENTED_EDGE('',*,*,#7308,.F.);
#7308 = EDGE_CURVE('',#7309,#7096,#7311,.T.);
#7309 = VERTEX_POINT('',#7310);
#7310 = CARTESIAN_POINT('',(3.,-4.5,6.));
#7311 = LINE('',#7312,#7313);
#7312 = CARTESIAN_POINT('',(3.,-4.5,6.));
#7313 = VECTOR('',#7314,1.);
#7314 = DIRECTION('',(0.,0.,1.));
#7315 = ORIENTED_EDGE('',*,*,#7316,.F.);
#7316 = EDGE_CURVE('',#7317,#7309,#7319,.T.);
#7317 = VERTEX_POINT('',#7318);
#7318 = CARTESIAN_POINT('',(1.,-4.5,6.));
#7319 = LINE('',#7320,#7321);
#7320 = CARTESIAN_POINT('',(1.,-4.5,6.));
#7321 = VECTOR('',#7322,1.);
#7322 = DIRECTION('',(1.,0.,0.));
#7323 = ORIENTED_EDGE('',*,*,#7324,.F.);
#7324 = EDGE_CURVE('',#7325,#7317,#7327,.T.);
#7325 = VERTEX_POINT('',#7326);
#7326 = CARTESIAN_POINT('',(1.,-4.5,3.5));
#7327 = LINE('',#7328,#7329);
#7328 = CARTESIAN_POINT('',(1.,-4.5,3.5));
#7329 = VECTOR('',#7330,1.);
#7330 = DIRECTION('',(0.,0.,1.));
#7331 = ORIENTED_EDGE('',*,*,#7332,.F.);
#7332 = EDGE_CURVE('',#7333,#7325,#7335,.T.);
#7333 = VERTEX_POINT('',#7334);
#7334 = CARTESIAN_POINT('',(-1.,-4.5,3.5));
#7335 = LINE('',#7336,#7337);
#7336 = CARTESIAN_POINT('',(-1.,-4.5,3.5));
#7337 = VECTOR('',#7338,1.);
#7338 = DIRECTION('',(1.,0.,0.));
#7339 = ORIENTED_EDGE('',*,*,#7340,.F.);
#7340 = EDGE_CURVE('',#7341,#7333,#7343,.T.);
#7341 = VERTEX_POINT('',#7342);
#7342 = CARTESIAN_POINT('',(-1.,-4.5,6.));
#7343 = LINE('',#7344,#7345);
#7344 = CARTESIAN_POINT('',(-1.,-4.5,6.));
#7345 = VECTOR('',#7346,1.);
#7346 = DIRECTION('',(0.,0.,-1.));
#7347 = ORIENTED_EDGE('',*,*,#7348,.F.);
#7348 = EDGE_CURVE('',#7349,#7341,#7351,.T.);
#7349 = VERTEX_POINT('',#7350);
#7350 = CARTESIAN_POINT('',(-3.,-4.5,6.));
#7351 = LINE('',#7352,#7353);
#7352 = CARTESIAN_POINT('',(-3.,-4.5,6.));
#7353 = VECTOR('',#7354,1.);
#7354 = DIRECTION('',(1.,0.,0.));
#7355 = ORIENTED_EDGE('',*,*,#7356,.F.);
#7356 = EDGE_CURVE('',#7047,#7349,#7357,.T.);
#7357 = LINE('',#7358,#7359);
#7358 = CARTESIAN_POINT('',(-3.,-4.5,9.));
#7359 = VECTOR('',#7360,1.);
#7360 = DIRECTION('',(0.,0.,-1.));
#7361 = ORIENTED_EDGE('',*,*,#7056,.T.);
#7362 = ORIENTED_EDGE('',*,*,#7288,.F.);
#7363 = PLANE('',#7364);
#7364 = AXIS2_PLACEMENT_3D('',#7365,#7366,#7367);
#7365 = CARTESIAN_POINT('',(4.5,-4.5,0.));
#7366 = DIRECTION('',(0.,-1.,0.));
#7367 = DIRECTION('',(-1.,0.,0.));
#7368 = ADVANCED_FACE('',(#7369),#7394,.F.);
#7369 = FACE_BOUND('',#7370,.F.);
#7370 = EDGE_LOOP('',(#7371,#7379,#7387,#7393));
#7371 = ORIENTED_EDGE('',*,*,#7372,.T.);
#7372 = EDGE_CURVE('',#6855,#7373,#7375,.T.);
#7373 = VERTEX_POINT('',#7374);
#7374 = CARTESIAN_POINT('',(-3.75,-3.63,8.));
#7375 = LINE('',#7376,#7377);
#7376 = CARTESIAN_POINT('',(-3.75,-3.63,0.));
#7377 = VECTOR('',#7378,1.);
#7378 = DIRECTION('',(0.,0.,1.));
#7379 = ORIENTED_EDGE('',*,*,#7380,.T.);
#7380 = EDGE_CURVE('',#7373,#7381,#7383,.T.);
#7381 = VERTEX_POINT('',#7382);
#7382 = CARTESIAN_POINT('',(-3.75,-3.13,8.));
#7383 = LINE('',#7384,#7385);
#7384 = CARTESIAN_POINT('',(-3.75,-3.63,8.));
#7385 = VECTOR('',#7386,1.);
#7386 = DIRECTION('',(0.,1.,0.));
#7387 = ORIENTED_EDGE('',*,*,#7388,.F.);
#7388 = EDGE_CURVE('',#6857,#7381,#7389,.T.);
#7389 = LINE('',#7390,#7391);
#7390 = CARTESIAN_POINT('',(-3.75,-3.13,0.));
#7391 = VECTOR('',#7392,1.);
#7392 = DIRECTION('',(0.,0.,1.));
#7393 = ORIENTED_EDGE('',*,*,#6854,.F.);
#7394 = PLANE('',#7395);
#7395 = AXIS2_PLACEMENT_3D('',#7396,#7397,#7398);
#7396 = CARTESIAN_POINT('',(-3.75,-3.63,0.));
#7397 = DIRECTION('',(-1.,0.,0.));
#7398 = DIRECTION('',(0.,1.,0.));
#7399 = ADVANCED_FACE('',(#7400),#7418,.F.);
#7400 = FACE_BOUND('',#7401,.F.);
#7401 = EDGE_LOOP('',(#7402,#7403,#7411,#7417));
#7402 = ORIENTED_EDGE('',*,*,#7388,.T.);
#7403 = ORIENTED_EDGE('',*,*,#7404,.T.);
#7404 = EDGE_CURVE('',#7381,#7405,#7407,.T.);
#7405 = VERTEX_POINT('',#7406);
#7406 = CARTESIAN_POINT('',(-2.75,-3.13,8.));
#7407 = LINE('',#7408,#7409);
#7408 = CARTESIAN_POINT('',(-3.75,-3.13,8.));
#7409 = VECTOR('',#7410,1.);
#7410 = DIRECTION('',(1.,0.,0.));
#7411 = ORIENTED_EDGE('',*,*,#7412,.F.);
#7412 = EDGE_CURVE('',#7001,#7405,#7413,.T.);
#7413 = LINE('',#7414,#7415);
#7414 = CARTESIAN_POINT('',(-2.75,-3.13,0.));
#7415 = VECTOR('',#7416,1.);
#7416 = DIRECTION('',(0.,0.,1.));
#7417 = ORIENTED_EDGE('',*,*,#7008,.F.);
#7418 = PLANE('',#7419);
#7419 = AXIS2_PLACEMENT_3D('',#7420,#7421,#7422);
#7420 = CARTESIAN_POINT('',(-3.75,-3.13,0.));
#7421 = DIRECTION('',(0.,1.,0.));
#7422 = DIRECTION('',(1.,0.,0.));
#7423 = ADVANCED_FACE('',(#7424),#7442,.F.);
#7424 = FACE_BOUND('',#7425,.F.);
#7425 = EDGE_LOOP('',(#7426,#7427,#7435,#7441));
#7426 = ORIENTED_EDGE('',*,*,#7412,.T.);
#7427 = ORIENTED_EDGE('',*,*,#7428,.T.);
#7428 = EDGE_CURVE('',#7405,#7429,#7431,.T.);
#7429 = VERTEX_POINT('',#7430);
#7430 = CARTESIAN_POINT('',(-2.75,-1.13,8.));
#7431 = LINE('',#7432,#7433);
#7432 = CARTESIAN_POINT('',(-2.75,-3.13,8.));
#7433 = VECTOR('',#7434,1.);
#7434 = DIRECTION('',(0.,1.,0.));
#7435 = ORIENTED_EDGE('',*,*,#7436,.F.);
#7436 = EDGE_CURVE('',#6993,#7429,#7437,.T.);
#7437 = LINE('',#7438,#7439);
#7438 = CARTESIAN_POINT('',(-2.75,-1.13,0.));
#7439 = VECTOR('',#7440,1.);
#7440 = DIRECTION('',(0.,0.,1.));
#7441 = ORIENTED_EDGE('',*,*,#7000,.F.);
#7442 = PLANE('',#7443);
#7443 = AXIS2_PLACEMENT_3D('',#7444,#7445,#7446);
#7444 = CARTESIAN_POINT('',(-2.75,-3.13,0.));
#7445 = DIRECTION('',(-1.,0.,0.));
#7446 = DIRECTION('',(0.,1.,0.));
#7447 = ADVANCED_FACE('',(#7448),#7466,.F.);
#7448 = FACE_BOUND('',#7449,.F.);
#7449 = EDGE_LOOP('',(#7450,#7451,#7459,#7465));
#7450 = ORIENTED_EDGE('',*,*,#7436,.T.);
#7451 = ORIENTED_EDGE('',*,*,#7452,.T.);
#7452 = EDGE_CURVE('',#7429,#7453,#7455,.T.);
#7453 = VERTEX_POINT('',#7454);
#7454 = CARTESIAN_POINT('',(-3.75,-1.13,8.));
#7455 = LINE('',#7456,#7457);
#7456 = CARTESIAN_POINT('',(-2.75,-1.13,8.));
#7457 = VECTOR('',#7458,1.);
#7458 = DIRECTION('',(-1.,0.,0.));
#7459 = ORIENTED_EDGE('',*,*,#7460,.F.);
#7460 = EDGE_CURVE('',#6985,#7453,#7461,.T.);
#7461 = LINE('',#7462,#7463);
#7462 = CARTESIAN_POINT('',(-3.75,-1.13,0.));
#7463 = VECTOR('',#7464,1.);
#7464 = DIRECTION('',(0.,0.,1.));
#7465 = ORIENTED_EDGE('',*,*,#6992,.F.);
#7466 = PLANE('',#7467);
#7467 = AXIS2_PLACEMENT_3D('',#7468,#7469,#7470);
#7468 = CARTESIAN_POINT('',(-2.75,-1.13,0.));
#7469 = DIRECTION('',(0.,-1.,0.));
#7470 = DIRECTION('',(-1.,0.,0.));
#7471 = ADVANCED_FACE('',(#7472),#7490,.F.);
#7472 = FACE_BOUND('',#7473,.F.);
#7473 = EDGE_LOOP('',(#7474,#7475,#7483,#7489));
#7474 = ORIENTED_EDGE('',*,*,#7460,.T.);
#7475 = ORIENTED_EDGE('',*,*,#7476,.T.);
#7476 = EDGE_CURVE('',#7453,#7477,#7479,.T.);
#7477 = VERTEX_POINT('',#7478);
#7478 = CARTESIAN_POINT('',(-3.75,3.67,8.));
#7479 = LINE('',#7480,#7481);
#7480 = CARTESIAN_POINT('',(-3.75,-1.13,8.));
#7481 = VECTOR('',#7482,1.);
#7482 = DIRECTION('',(0.,1.,0.));
#7483 = ORIENTED_EDGE('',*,*,#7484,.F.);
#7484 = EDGE_CURVE('',#6977,#7477,#7485,.T.);
#7485 = LINE('',#7486,#7487);
#7486 = CARTESIAN_POINT('',(-3.75,3.67,0.));
#7487 = VECTOR('',#7488,1.);
#7488 = DIRECTION('',(0.,0.,1.));
#7489 = ORIENTED_EDGE('',*,*,#6984,.F.);
#7490 = PLANE('',#7491);
#7491 = AXIS2_PLACEMENT_3D('',#7492,#7493,#7494);
#7492 = CARTESIAN_POINT('',(-3.75,-1.13,0.));
#7493 = DIRECTION('',(-1.,0.,0.));
#7494 = DIRECTION('',(0.,1.,0.));
#7495 = ADVANCED_FACE('',(#7496),#7514,.F.);
#7496 = FACE_BOUND('',#7497,.F.);
#7497 = EDGE_LOOP('',(#7498,#7499,#7507,#7513));
#7498 = ORIENTED_EDGE('',*,*,#7484,.T.);
#7499 = ORIENTED_EDGE('',*,*,#7500,.T.);
#7500 = EDGE_CURVE('',#7477,#7501,#7503,.T.);
#7501 = VERTEX_POINT('',#7502);
#7502 = CARTESIAN_POINT('',(-2.75,3.67,8.));
#7503 = LINE('',#7504,#7505);
#7504 = CARTESIAN_POINT('',(-3.75,3.67,8.));
#7505 = VECTOR('',#7506,1.);
#7506 = DIRECTION('',(1.,0.,0.));
#7507 = ORIENTED_EDGE('',*,*,#7508,.F.);
#7508 = EDGE_CURVE('',#6969,#7501,#7509,.T.);
#7509 = LINE('',#7510,#7511);
#7510 = CARTESIAN_POINT('',(-2.75,3.67,0.));
#7511 = VECTOR('',#7512,1.);
#7512 = DIRECTION('',(0.,0.,1.));
#7513 = ORIENTED_EDGE('',*,*,#6976,.F.);
#7514 = PLANE('',#7515);
#7515 = AXIS2_PLACEMENT_3D('',#7516,#7517,#7518);
#7516 = CARTESIAN_POINT('',(-3.75,3.67,0.));
#7517 = DIRECTION('',(0.,1.,0.));
#7518 = DIRECTION('',(1.,0.,0.));
#7519 = ADVANCED_FACE('',(#7520),#7538,.F.);
#7520 = FACE_BOUND('',#7521,.F.);
#7521 = EDGE_LOOP('',(#7522,#7523,#7531,#7537));
#7522 = ORIENTED_EDGE('',*,*,#7508,.T.);
#7523 = ORIENTED_EDGE('',*,*,#7524,.T.);
#7524 = EDGE_CURVE('',#7501,#7525,#7527,.T.);
#7525 = VERTEX_POINT('',#7526);
#7526 = CARTESIAN_POINT('',(-2.75,4.67,8.));
#7527 = LINE('',#7528,#7529);
#7528 = CARTESIAN_POINT('',(-2.75,3.67,8.));
#7529 = VECTOR('',#7530,1.);
#7530 = DIRECTION('',(0.,1.,0.));
#7531 = ORIENTED_EDGE('',*,*,#7532,.F.);
#7532 = EDGE_CURVE('',#6961,#7525,#7533,.T.);
#7533 = LINE('',#7534,#7535);
#7534 = CARTESIAN_POINT('',(-2.75,4.67,0.));
#7535 = VECTOR('',#7536,1.);
#7536 = DIRECTION('',(0.,0.,1.));
#7537 = ORIENTED_EDGE('',*,*,#6968,.F.);
#7538 = PLANE('',#7539);
#7539 = AXIS2_PLACEMENT_3D('',#7540,#7541,#7542);
#7540 = CARTESIAN_POINT('',(-2.75,3.67,0.));
#7541 = DIRECTION('',(-1.,0.,0.));
#7542 = DIRECTION('',(0.,1.,0.));
#7543 = ADVANCED_FACE('',(#7544),#7562,.F.);
#7544 = FACE_BOUND('',#7545,.F.);
#7545 = EDGE_LOOP('',(#7546,#7547,#7555,#7561));
#7546 = ORIENTED_EDGE('',*,*,#7532,.T.);
#7547 = ORIENTED_EDGE('',*,*,#7548,.T.);
#7548 = EDGE_CURVE('',#7525,#7549,#7551,.T.);
#7549 = VERTEX_POINT('',#7550);
#7550 = CARTESIAN_POINT('',(-3.75,4.67,8.));
#7551 = LINE('',#7552,#7553);
#7552 = CARTESIAN_POINT('',(-2.75,4.67,8.));
#7553 = VECTOR('',#7554,1.);
#7554 = DIRECTION('',(-1.,0.,0.));
#7555 = ORIENTED_EDGE('',*,*,#7556,.F.);
#7556 = EDGE_CURVE('',#6953,#7549,#7557,.T.);
#7557 = LINE('',#7558,#7559);
#7558 = CARTESIAN_POINT('',(-3.75,4.67,0.));
#7559 = VECTOR('',#7560,1.);
#7560 = DIRECTION('',(0.,0.,1.));
#7561 = ORIENTED_EDGE('',*,*,#6960,.F.);
#7562 = PLANE('',#7563);
#7563 = AXIS2_PLACEMENT_3D('',#7564,#7565,#7566);
#7564 = CARTESIAN_POINT('',(-2.75,4.67,0.));
#7565 = DIRECTION('',(0.,-1.,0.));
#7566 = DIRECTION('',(-1.,0.,0.));
#7567 = ADVANCED_FACE('',(#7568),#7586,.F.);
#7568 = FACE_BOUND('',#7569,.F.);
#7569 = EDGE_LOOP('',(#7570,#7571,#7579,#7585));
#7570 = ORIENTED_EDGE('',*,*,#7556,.T.);
#7571 = ORIENTED_EDGE('',*,*,#7572,.T.);
#7572 = EDGE_CURVE('',#7549,#7573,#7575,.T.);
#7573 = VERTEX_POINT('',#7574);
#7574 = CARTESIAN_POINT('',(-3.75,5.17,8.));
#7575 = LINE('',#7576,#7577);
#7576 = CARTESIAN_POINT('',(-3.75,4.67,8.));
#7577 = VECTOR('',#7578,1.);
#7578 = DIRECTION('',(0.,1.,0.));
#7579 = ORIENTED_EDGE('',*,*,#7580,.F.);
#7580 = EDGE_CURVE('',#6945,#7573,#7581,.T.);
#7581 = LINE('',#7582,#7583);
#7582 = CARTESIAN_POINT('',(-3.75,5.17,0.));
#7583 = VECTOR('',#7584,1.);
#7584 = DIRECTION('',(0.,0.,1.));
#7585 = ORIENTED_EDGE('',*,*,#6952,.F.);
#7586 = PLANE('',#7587);
#7587 = AXIS2_PLACEMENT_3D('',#7588,#7589,#7590);
#7588 = CARTESIAN_POINT('',(-3.75,4.67,0.));
#7589 = DIRECTION('',(-1.,0.,0.));
#7590 = DIRECTION('',(0.,1.,0.));
#7591 = ADVANCED_FACE('',(#7592),#7619,.F.);
#7592 = FACE_BOUND('',#7593,.F.);
#7593 = EDGE_LOOP('',(#7594,#7595,#7596,#7602,#7603,#7604,#7605,#7613));
#7594 = ORIENTED_EDGE('',*,*,#6944,.F.);
#7595 = ORIENTED_EDGE('',*,*,#7580,.T.);
#7596 = ORIENTED_EDGE('',*,*,#7597,.T.);
#7597 = EDGE_CURVE('',#7573,#7266,#7598,.T.);
#7598 = LINE('',#7599,#7600);
#7599 = CARTESIAN_POINT('',(-3.75,5.17,8.));
#7600 = VECTOR('',#7601,1.);
#7601 = DIRECTION('',(1.,0.,0.));
#7602 = ORIENTED_EDGE('',*,*,#7273,.T.);
#7603 = ORIENTED_EDGE('',*,*,#7240,.T.);
#7604 = ORIENTED_EDGE('',*,*,#7200,.T.);
#7605 = ORIENTED_EDGE('',*,*,#7606,.T.);
#7606 = EDGE_CURVE('',#7201,#7607,#7609,.T.);
#7607 = VERTEX_POINT('',#7608);
#7608 = CARTESIAN_POINT('',(3.75,5.17,8.));
#7609 = LINE('',#7610,#7611);
#7610 = CARTESIAN_POINT('',(-3.75,5.17,8.));
#7611 = VECTOR('',#7612,1.);
#7612 = DIRECTION('',(1.,0.,0.));
#7613 = ORIENTED_EDGE('',*,*,#7614,.F.);
#7614 = EDGE_CURVE('',#6937,#7607,#7615,.T.);
#7615 = LINE('',#7616,#7617);
#7616 = CARTESIAN_POINT('',(3.75,5.17,0.));
#7617 = VECTOR('',#7618,1.);
#7618 = DIRECTION('',(0.,0.,1.));
#7619 = PLANE('',#7620);
#7620 = AXIS2_PLACEMENT_3D('',#7621,#7622,#7623);
#7621 = CARTESIAN_POINT('',(-3.75,5.17,0.));
#7622 = DIRECTION('',(0.,1.,0.));
#7623 = DIRECTION('',(1.,0.,0.));
#7624 = ADVANCED_FACE('',(#7625),#7643,.F.);
#7625 = FACE_BOUND('',#7626,.F.);
#7626 = EDGE_LOOP('',(#7627,#7628,#7636,#7642));
#7627 = ORIENTED_EDGE('',*,*,#7614,.T.);
#7628 = ORIENTED_EDGE('',*,*,#7629,.T.);
#7629 = EDGE_CURVE('',#7607,#7630,#7632,.T.);
#7630 = VERTEX_POINT('',#7631);
#7631 = CARTESIAN_POINT('',(3.75,4.67,8.));
#7632 = LINE('',#7633,#7634);
#7633 = CARTESIAN_POINT('',(3.75,5.17,8.));
#7634 = VECTOR('',#7635,1.);
#7635 = DIRECTION('',(0.,-1.,0.));
#7636 = ORIENTED_EDGE('',*,*,#7637,.F.);
#7637 = EDGE_CURVE('',#6929,#7630,#7638,.T.);
#7638 = LINE('',#7639,#7640);
#7639 = CARTESIAN_POINT('',(3.75,4.67,0.));
#7640 = VECTOR('',#7641,1.);
#7641 = DIRECTION('',(0.,0.,1.));
#7642 = ORIENTED_EDGE('',*,*,#6936,.F.);
#7643 = PLANE('',#7644);
#7644 = AXIS2_PLACEMENT_3D('',#7645,#7646,#7647);
#7645 = CARTESIAN_POINT('',(3.75,5.17,0.));
#7646 = DIRECTION('',(1.,0.,0.));
#7647 = DIRECTION('',(0.,-1.,0.));
#7648 = ADVANCED_FACE('',(#7649),#7667,.F.);
#7649 = FACE_BOUND('',#7650,.F.);
#7650 = EDGE_LOOP('',(#7651,#7652,#7660,#7666));
#7651 = ORIENTED_EDGE('',*,*,#7637,.T.);
#7652 = ORIENTED_EDGE('',*,*,#7653,.T.);
#7653 = EDGE_CURVE('',#7630,#7654,#7656,.T.);
#7654 = VERTEX_POINT('',#7655);
#7655 = CARTESIAN_POINT('',(2.75,4.67,8.));
#7656 = LINE('',#7657,#7658);
#7657 = CARTESIAN_POINT('',(3.75,4.67,8.));
#7658 = VECTOR('',#7659,1.);
#7659 = DIRECTION('',(-1.,0.,0.));
#7660 = ORIENTED_EDGE('',*,*,#7661,.F.);
#7661 = EDGE_CURVE('',#6921,#7654,#7662,.T.);
#7662 = LINE('',#7663,#7664);
#7663 = CARTESIAN_POINT('',(2.75,4.67,0.));
#7664 = VECTOR('',#7665,1.);
#7665 = DIRECTION('',(0.,0.,1.));
#7666 = ORIENTED_EDGE('',*,*,#6928,.F.);
#7667 = PLANE('',#7668);
#7668 = AXIS2_PLACEMENT_3D('',#7669,#7670,#7671);
#7669 = CARTESIAN_POINT('',(3.75,4.67,0.));
#7670 = DIRECTION('',(0.,-1.,0.));
#7671 = DIRECTION('',(-1.,0.,0.));
#7672 = ADVANCED_FACE('',(#7673),#7691,.F.);
#7673 = FACE_BOUND('',#7674,.F.);
#7674 = EDGE_LOOP('',(#7675,#7676,#7684,#7690));
#7675 = ORIENTED_EDGE('',*,*,#7661,.T.);
#7676 = ORIENTED_EDGE('',*,*,#7677,.T.);
#7677 = EDGE_CURVE('',#7654,#7678,#7680,.T.);
#7678 = VERTEX_POINT('',#7679);
#7679 = CARTESIAN_POINT('',(2.75,3.67,8.));
#7680 = LINE('',#7681,#7682);
#7681 = CARTESIAN_POINT('',(2.75,4.67,8.));
#7682 = VECTOR('',#7683,1.);
#7683 = DIRECTION('',(0.,-1.,0.));
#7684 = ORIENTED_EDGE('',*,*,#7685,.F.);
#7685 = EDGE_CURVE('',#6913,#7678,#7686,.T.);
#7686 = LINE('',#7687,#7688);
#7687 = CARTESIAN_POINT('',(2.75,3.67,0.));
#7688 = VECTOR('',#7689,1.);
#7689 = DIRECTION('',(0.,0.,1.));
#7690 = ORIENTED_EDGE('',*,*,#6920,.F.);
#7691 = PLANE('',#7692);
#7692 = AXIS2_PLACEMENT_3D('',#7693,#7694,#7695);
#7693 = CARTESIAN_POINT('',(2.75,4.67,0.));
#7694 = DIRECTION('',(1.,0.,0.));
#7695 = DIRECTION('',(0.,-1.,0.));
#7696 = ADVANCED_FACE('',(#7697),#7715,.F.);
#7697 = FACE_BOUND('',#7698,.F.);
#7698 = EDGE_LOOP('',(#7699,#7700,#7708,#7714));
#7699 = ORIENTED_EDGE('',*,*,#7685,.T.);
#7700 = ORIENTED_EDGE('',*,*,#7701,.T.);
#7701 = EDGE_CURVE('',#7678,#7702,#7704,.T.);
#7702 = VERTEX_POINT('',#7703);
#7703 = CARTESIAN_POINT('',(3.75,3.67,8.));
#7704 = LINE('',#7705,#7706);
#7705 = CARTESIAN_POINT('',(2.75,3.67,8.));
#7706 = VECTOR('',#7707,1.);
#7707 = DIRECTION('',(1.,0.,0.));
#7708 = ORIENTED_EDGE('',*,*,#7709,.F.);
#7709 = EDGE_CURVE('',#6905,#7702,#7710,.T.);
#7710 = LINE('',#7711,#7712);
#7711 = CARTESIAN_POINT('',(3.75,3.67,0.));
#7712 = VECTOR('',#7713,1.);
#7713 = DIRECTION('',(0.,0.,1.));
#7714 = ORIENTED_EDGE('',*,*,#6912,.F.);
#7715 = PLANE('',#7716);
#7716 = AXIS2_PLACEMENT_3D('',#7717,#7718,#7719);
#7717 = CARTESIAN_POINT('',(2.75,3.67,0.));
#7718 = DIRECTION('',(0.,1.,0.));
#7719 = DIRECTION('',(1.,0.,0.));
#7720 = ADVANCED_FACE('',(#7721),#7739,.F.);
#7721 = FACE_BOUND('',#7722,.F.);
#7722 = EDGE_LOOP('',(#7723,#7724,#7732,#7738));
#7723 = ORIENTED_EDGE('',*,*,#7709,.T.);
#7724 = ORIENTED_EDGE('',*,*,#7725,.T.);
#7725 = EDGE_CURVE('',#7702,#7726,#7728,.T.);
#7726 = VERTEX_POINT('',#7727);
#7727 = CARTESIAN_POINT('',(3.75,-1.13,8.));
#7728 = LINE('',#7729,#7730);
#7729 = CARTESIAN_POINT('',(3.75,3.67,8.));
#7730 = VECTOR('',#7731,1.);
#7731 = DIRECTION('',(0.,-1.,0.));
#7732 = ORIENTED_EDGE('',*,*,#7733,.F.);
#7733 = EDGE_CURVE('',#6897,#7726,#7734,.T.);
#7734 = LINE('',#7735,#7736);
#7735 = CARTESIAN_POINT('',(3.75,-1.13,0.));
#7736 = VECTOR('',#7737,1.);
#7737 = DIRECTION('',(0.,0.,1.));
#7738 = ORIENTED_EDGE('',*,*,#6904,.F.);
#7739 = PLANE('',#7740);
#7740 = AXIS2_PLACEMENT_3D('',#7741,#7742,#7743);
#7741 = CARTESIAN_POINT('',(3.75,3.67,0.));
#7742 = DIRECTION('',(1.,0.,0.));
#7743 = DIRECTION('',(0.,-1.,0.));
#7744 = ADVANCED_FACE('',(#7745),#7763,.F.);
#7745 = FACE_BOUND('',#7746,.F.);
#7746 = EDGE_LOOP('',(#7747,#7748,#7756,#7762));
#7747 = ORIENTED_EDGE('',*,*,#7733,.T.);
#7748 = ORIENTED_EDGE('',*,*,#7749,.T.);
#7749 = EDGE_CURVE('',#7726,#7750,#7752,.T.);
#7750 = VERTEX_POINT('',#7751);
#7751 = CARTESIAN_POINT('',(2.75,-1.13,8.));
#7752 = LINE('',#7753,#7754);
#7753 = CARTESIAN_POINT('',(3.75,-1.13,8.));
#7754 = VECTOR('',#7755,1.);
#7755 = DIRECTION('',(-1.,0.,0.));
#7756 = ORIENTED_EDGE('',*,*,#7757,.F.);
#7757 = EDGE_CURVE('',#6889,#7750,#7758,.T.);
#7758 = LINE('',#7759,#7760);
#7759 = CARTESIAN_POINT('',(2.75,-1.13,0.));
#7760 = VECTOR('',#7761,1.);
#7761 = DIRECTION('',(0.,0.,1.));
#7762 = ORIENTED_EDGE('',*,*,#6896,.F.);
#7763 = PLANE('',#7764);
#7764 = AXIS2_PLACEMENT_3D('',#7765,#7766,#7767);
#7765 = CARTESIAN_POINT('',(3.75,-1.13,0.));
#7766 = DIRECTION('',(0.,-1.,0.));
#7767 = DIRECTION('',(-1.,0.,0.));
#7768 = ADVANCED_FACE('',(#7769),#7787,.F.);
#7769 = FACE_BOUND('',#7770,.F.);
#7770 = EDGE_LOOP('',(#7771,#7772,#7780,#7786));
#7771 = ORIENTED_EDGE('',*,*,#7757,.T.);
#7772 = ORIENTED_EDGE('',*,*,#7773,.T.);
#7773 = EDGE_CURVE('',#7750,#7774,#7776,.T.);
#7774 = VERTEX_POINT('',#7775);
#7775 = CARTESIAN_POINT('',(2.75,-3.13,8.));
#7776 = LINE('',#7777,#7778);
#7777 = CARTESIAN_POINT('',(2.75,-1.13,8.));
#7778 = VECTOR('',#7779,1.);
#7779 = DIRECTION('',(0.,-1.,0.));
#7780 = ORIENTED_EDGE('',*,*,#7781,.F.);
#7781 = EDGE_CURVE('',#6881,#7774,#7782,.T.);
#7782 = LINE('',#7783,#7784);
#7783 = CARTESIAN_POINT('',(2.75,-3.13,0.));
#7784 = VECTOR('',#7785,1.);
#7785 = DIRECTION('',(0.,0.,1.));
#7786 = ORIENTED_EDGE('',*,*,#6888,.F.);
#7787 = PLANE('',#7788);
#7788 = AXIS2_PLACEMENT_3D('',#7789,#7790,#7791);
#7789 = CARTESIAN_POINT('',(2.75,-1.13,0.));
#7790 = DIRECTION('',(1.,0.,0.));
#7791 = DIRECTION('',(0.,-1.,0.));
#7792 = ADVANCED_FACE('',(#7793),#7811,.F.);
#7793 = FACE_BOUND('',#7794,.F.);
#7794 = EDGE_LOOP('',(#7795,#7796,#7804,#7810));
#7795 = ORIENTED_EDGE('',*,*,#7781,.T.);
#7796 = ORIENTED_EDGE('',*,*,#7797,.T.);
#7797 = EDGE_CURVE('',#7774,#7798,#7800,.T.);
#7798 = VERTEX_POINT('',#7799);
#7799 = CARTESIAN_POINT('',(3.75,-3.13,8.));
#7800 = LINE('',#7801,#7802);
#7801 = CARTESIAN_POINT('',(2.75,-3.13,8.));
#7802 = VECTOR('',#7803,1.);
#7803 = DIRECTION('',(1.,0.,0.));
#7804 = ORIENTED_EDGE('',*,*,#7805,.F.);
#7805 = EDGE_CURVE('',#6873,#7798,#7806,.T.);
#7806 = LINE('',#7807,#7808);
#7807 = CARTESIAN_POINT('',(3.75,-3.13,0.));
#7808 = VECTOR('',#7809,1.);
#7809 = DIRECTION('',(0.,0.,1.));
#7810 = ORIENTED_EDGE('',*,*,#6880,.F.);
#7811 = PLANE('',#7812);
#7812 = AXIS2_PLACEMENT_3D('',#7813,#7814,#7815);
#7813 = CARTESIAN_POINT('',(2.75,-3.13,0.));
#7814 = DIRECTION('',(0.,1.,0.));
#7815 = DIRECTION('',(1.,0.,0.));
#7816 = ADVANCED_FACE('',(#7817),#7835,.F.);
#7817 = FACE_BOUND('',#7818,.F.);
#7818 = EDGE_LOOP('',(#7819,#7820,#7828,#7834));
#7819 = ORIENTED_EDGE('',*,*,#7805,.T.);
#7820 = ORIENTED_EDGE('',*,*,#7821,.T.);
#7821 = EDGE_CURVE('',#7798,#7822,#7824,.T.);
#7822 = VERTEX_POINT('',#7823);
#7823 = CARTESIAN_POINT('',(3.75,-3.63,8.));
#7824 = LINE('',#7825,#7826);
#7825 = CARTESIAN_POINT('',(3.75,-3.13,8.));
#7826 = VECTOR('',#7827,1.);
#7827 = DIRECTION('',(0.,-1.,0.));
#7828 = ORIENTED_EDGE('',*,*,#7829,.F.);
#7829 = EDGE_CURVE('',#6865,#7822,#7830,.T.);
#7830 = LINE('',#7831,#7832);
#7831 = CARTESIAN_POINT('',(3.75,-3.63,0.));
#7832 = VECTOR('',#7833,1.);
#7833 = DIRECTION('',(0.,0.,1.));
#7834 = ORIENTED_EDGE('',*,*,#6872,.F.);
#7835 = PLANE('',#7836);
#7836 = AXIS2_PLACEMENT_3D('',#7837,#7838,#7839);
#7837 = CARTESIAN_POINT('',(3.75,-3.13,0.));
#7838 = DIRECTION('',(1.,0.,0.));
#7839 = DIRECTION('',(0.,-1.,0.));
#7840 = ADVANCED_FACE('',(#7841),#7916,.F.);
#7841 = FACE_BOUND('',#7842,.F.);
#7842 = EDGE_LOOP('',(#7843,#7844,#7845,#7853,#7861,#7869,#7877,#7885,
    #7893,#7901,#7909,#7915));
#7843 = ORIENTED_EDGE('',*,*,#6864,.F.);
#7844 = ORIENTED_EDGE('',*,*,#7829,.T.);
#7845 = ORIENTED_EDGE('',*,*,#7846,.T.);
#7846 = EDGE_CURVE('',#7822,#7847,#7849,.T.);
#7847 = VERTEX_POINT('',#7848);
#7848 = CARTESIAN_POINT('',(3.,-3.63,8.));
#7849 = LINE('',#7850,#7851);
#7850 = CARTESIAN_POINT('',(3.75,-3.63,8.));
#7851 = VECTOR('',#7852,1.);
#7852 = DIRECTION('',(-1.,0.,0.));
#7853 = ORIENTED_EDGE('',*,*,#7854,.F.);
#7854 = EDGE_CURVE('',#7855,#7847,#7857,.T.);
#7855 = VERTEX_POINT('',#7856);
#7856 = CARTESIAN_POINT('',(3.,-3.63,6.));
#7857 = LINE('',#7858,#7859);
#7858 = CARTESIAN_POINT('',(3.,-3.63,3.));
#7859 = VECTOR('',#7860,1.);
#7860 = DIRECTION('',(0.,0.,1.));
#7861 = ORIENTED_EDGE('',*,*,#7862,.F.);
#7862 = EDGE_CURVE('',#7863,#7855,#7865,.T.);
#7863 = VERTEX_POINT('',#7864);
#7864 = CARTESIAN_POINT('',(1.,-3.63,6.));
#7865 = LINE('',#7866,#7867);
#7866 = CARTESIAN_POINT('',(2.375,-3.63,6.));
#7867 = VECTOR('',#7868,1.);
#7868 = DIRECTION('',(1.,0.,0.));
#7869 = ORIENTED_EDGE('',*,*,#7870,.F.);
#7870 = EDGE_CURVE('',#7871,#7863,#7873,.T.);
#7871 = VERTEX_POINT('',#7872);
#7872 = CARTESIAN_POINT('',(1.,-3.63,3.5));
#7873 = LINE('',#7874,#7875);
#7874 = CARTESIAN_POINT('',(1.,-3.63,1.75));
#7875 = VECTOR('',#7876,1.);
#7876 = DIRECTION('',(0.,0.,1.));
#7877 = ORIENTED_EDGE('',*,*,#7878,.F.);
#7878 = EDGE_CURVE('',#7879,#7871,#7881,.T.);
#7879 = VERTEX_POINT('',#7880);
#7880 = CARTESIAN_POINT('',(-1.,-3.63,3.5));
#7881 = LINE('',#7882,#7883);
#7882 = CARTESIAN_POINT('',(1.375,-3.63,3.5));
#7883 = VECTOR('',#7884,1.);
#7884 = DIRECTION('',(1.,0.,0.));
#7885 = ORIENTED_EDGE('',*,*,#7886,.F.);
#7886 = EDGE_CURVE('',#7887,#7879,#7889,.T.);
#7887 = VERTEX_POINT('',#7888);
#7888 = CARTESIAN_POINT('',(-1.,-3.63,6.));
#7889 = LINE('',#7890,#7891);
#7890 = CARTESIAN_POINT('',(-1.,-3.63,3.));
#7891 = VECTOR('',#7892,1.);
#7892 = DIRECTION('',(0.,0.,-1.));
#7893 = ORIENTED_EDGE('',*,*,#7894,.F.);
#7894 = EDGE_CURVE('',#7895,#7887,#7897,.T.);
#7895 = VERTEX_POINT('',#7896);
#7896 = CARTESIAN_POINT('',(-3.,-3.63,6.));
#7897 = LINE('',#7898,#7899);
#7898 = CARTESIAN_POINT('',(0.375,-3.63,6.));
#7899 = VECTOR('',#7900,1.);
#7900 = DIRECTION('',(1.,0.,0.));
#7901 = ORIENTED_EDGE('',*,*,#7902,.F.);
#7902 = EDGE_CURVE('',#7903,#7895,#7905,.T.);
#7903 = VERTEX_POINT('',#7904);
#7904 = CARTESIAN_POINT('',(-3.,-3.63,8.));
#7905 = LINE('',#7906,#7907);
#7906 = CARTESIAN_POINT('',(-3.,-3.63,4.5));
#7907 = VECTOR('',#7908,1.);
#7908 = DIRECTION('',(0.,0.,-1.));
#7909 = ORIENTED_EDGE('',*,*,#7910,.T.);
#7910 = EDGE_CURVE('',#7903,#7373,#7911,.T.);
#7911 = LINE('',#7912,#7913);
#7912 = CARTESIAN_POINT('',(3.75,-3.63,8.));
#7913 = VECTOR('',#7914,1.);
#7914 = DIRECTION('',(-1.,0.,0.));
#7915 = ORIENTED_EDGE('',*,*,#7372,.F.);
#7916 = PLANE('',#7917);
#7917 = AXIS2_PLACEMENT_3D('',#7918,#7919,#7920);
#7918 = CARTESIAN_POINT('',(3.75,-3.63,0.));
#7919 = DIRECTION('',(0.,-1.,0.));
#7920 = DIRECTION('',(-1.,0.,0.));
#7921 = ADVANCED_FACE('',(#7922),#7947,.F.);
#7922 = FACE_BOUND('',#7923,.F.);
#7923 = EDGE_LOOP('',(#7924,#7925,#7926,#7934,#7940,#7941));
#7924 = ORIENTED_EDGE('',*,*,#7356,.F.);
#7925 = ORIENTED_EDGE('',*,*,#7046,.T.);
#7926 = ORIENTED_EDGE('',*,*,#7927,.T.);
#7927 = EDGE_CURVE('',#7049,#7928,#7930,.T.);
#7928 = VERTEX_POINT('',#7929);
#7929 = CARTESIAN_POINT('',(-3.,-3.5,8.));
#7930 = LINE('',#7931,#7932);
#7931 = CARTESIAN_POINT('',(-3.,-3.5,9.));
#7932 = VECTOR('',#7933,1.);
#7933 = DIRECTION('',(0.,0.,-1.));
#7934 = ORIENTED_EDGE('',*,*,#7935,.F.);
#7935 = EDGE_CURVE('',#7903,#7928,#7936,.T.);
#7936 = LINE('',#7937,#7938);
#7937 = CARTESIAN_POINT('',(-3.,-1.840369458128,8.));
#7938 = VECTOR('',#7939,1.);
#7939 = DIRECTION('',(0.,1.,0.));
#7940 = ORIENTED_EDGE('',*,*,#7902,.T.);
#7941 = ORIENTED_EDGE('',*,*,#7942,.F.);
#7942 = EDGE_CURVE('',#7349,#7895,#7943,.T.);
#7943 = LINE('',#7944,#7945);
#7944 = CARTESIAN_POINT('',(-3.,-4.5,6.));
#7945 = VECTOR('',#7946,1.);
#7946 = DIRECTION('',(0.,1.,-2.2E-16));
#7947 = PLANE('',#7948);
#7948 = AXIS2_PLACEMENT_3D('',#7949,#7950,#7951);
#7949 = CARTESIAN_POINT('',(-3.,-4.5,9.));
#7950 = DIRECTION('',(-1.,0.,0.));
#7951 = DIRECTION('',(-0.,-2.2E-16,-1.));
#7952 = ADVANCED_FACE('',(#7953),#7971,.T.);
#7953 = FACE_BOUND('',#7954,.T.);
#7954 = EDGE_LOOP('',(#7955,#7963,#7964,#7965));
#7955 = ORIENTED_EDGE('',*,*,#7956,.T.);
#7956 = EDGE_CURVE('',#7957,#7170,#7959,.T.);
#7957 = VERTEX_POINT('',#7958);
#7958 = CARTESIAN_POINT('',(-1.,-3.5,8.));
#7959 = LINE('',#7960,#7961);
#7960 = CARTESIAN_POINT('',(-1.,-3.5,8.));
#7961 = VECTOR('',#7962,1.);
#7962 = DIRECTION('',(0.,0.,1.));
#7963 = ORIENTED_EDGE('',*,*,#7177,.T.);
#7964 = ORIENTED_EDGE('',*,*,#7927,.T.);
#7965 = ORIENTED_EDGE('',*,*,#7966,.F.);
#7966 = EDGE_CURVE('',#7957,#7928,#7967,.T.);
#7967 = LINE('',#7968,#7969);
#7968 = CARTESIAN_POINT('',(0.,-3.5,8.));
#7969 = VECTOR('',#7970,1.);
#7970 = DIRECTION('',(-1.,0.,0.));
#7971 = PLANE('',#7972);
#7972 = AXIS2_PLACEMENT_3D('',#7973,#7974,#7975);
#7973 = CARTESIAN_POINT('',(0.,-3.5,6.684782608696));
#7974 = DIRECTION('',(0.,-1.,1.3E-16));
#7975 = DIRECTION('',(0.,-1.3E-16,-1.));
#7976 = ADVANCED_FACE('',(#7977),#8003,.T.);
#7977 = FACE_BOUND('',#7978,.T.);
#7978 = EDGE_LOOP('',(#7979,#7987,#7995,#8001,#8002));
#7979 = ORIENTED_EDGE('',*,*,#7980,.T.);
#7980 = EDGE_CURVE('',#7957,#7981,#7983,.T.);
#7981 = VERTEX_POINT('',#7982);
#7982 = CARTESIAN_POINT('',(-1.,-2.5,8.));
#7983 = LINE('',#7984,#7985);
#7984 = CARTESIAN_POINT('',(-1.,-3.5,8.));
#7985 = VECTOR('',#7986,1.);
#7986 = DIRECTION('',(0.,1.,-2.2E-16));
#7987 = ORIENTED_EDGE('',*,*,#7988,.T.);
#7988 = EDGE_CURVE('',#7981,#7989,#7991,.T.);
#7989 = VERTEX_POINT('',#7990);
#7990 = CARTESIAN_POINT('',(-1.,-2.5,9.));
#7991 = LINE('',#7992,#7993);
#7992 = CARTESIAN_POINT('',(-1.,-2.5,8.));
#7993 = VECTOR('',#7994,1.);
#7994 = DIRECTION('',(0.,0.,1.));
#7995 = ORIENTED_EDGE('',*,*,#7996,.F.);
#7996 = EDGE_CURVE('',#7162,#7989,#7997,.T.);
#7997 = LINE('',#7998,#7999);
#7998 = CARTESIAN_POINT('',(-1.,-3.5,9.));
#7999 = VECTOR('',#8000,1.);
#8000 = DIRECTION('',(0.,1.,-2.2E-16));
#8001 = ORIENTED_EDGE('',*,*,#7169,.F.);
#8002 = ORIENTED_EDGE('',*,*,#7956,.F.);
#8003 = PLANE('',#8004);
#8004 = AXIS2_PLACEMENT_3D('',#8005,#8006,#8007);
#8005 = CARTESIAN_POINT('',(-1.,-3.5,8.));
#8006 = DIRECTION('',(1.,0.,0.));
#8007 = DIRECTION('',(-0.,2.2E-16,1.));
#8008 = ADVANCED_FACE('',(#8009),#8041,.T.);
#8009 = FACE_BOUND('',#8010,.T.);
#8010 = EDGE_LOOP('',(#8011,#8019,#8027,#8033,#8034,#8040));
#8011 = ORIENTED_EDGE('',*,*,#8012,.T.);
#8012 = EDGE_CURVE('',#7128,#8013,#8015,.T.);
#8013 = VERTEX_POINT('',#8014);
#8014 = CARTESIAN_POINT('',(2.25,-3.,10.));
#8015 = LINE('',#8016,#8017);
#8016 = CARTESIAN_POINT('',(2.25,-3.,9.));
#8017 = VECTOR('',#8018,1.);
#8018 = DIRECTION('',(0.,0.,1.));
#8019 = ORIENTED_EDGE('',*,*,#8020,.T.);
#8020 = EDGE_CURVE('',#8013,#8021,#8023,.T.);
#8021 = VERTEX_POINT('',#8022);
#8022 = CARTESIAN_POINT('',(-2.25,-3.,10.));
#8023 = LINE('',#8024,#8025);
#8024 = CARTESIAN_POINT('',(2.25,-3.,10.));
#8025 = VECTOR('',#8026,1.);
#8026 = DIRECTION('',(-1.,-2.E-16,0.));
#8027 = ORIENTED_EDGE('',*,*,#8028,.F.);
#8028 = EDGE_CURVE('',#7153,#8021,#8029,.T.);
#8029 = LINE('',#8030,#8031);
#8030 = CARTESIAN_POINT('',(-2.25,-3.,9.));
#8031 = VECTOR('',#8032,1.);
#8032 = DIRECTION('',(0.,0.,1.));
#8033 = ORIENTED_EDGE('',*,*,#7161,.F.);
#8034 = ORIENTED_EDGE('',*,*,#8035,.F.);
#8035 = EDGE_CURVE('',#7120,#7162,#8036,.T.);
#8036 = LINE('',#8037,#8038);
#8037 = CARTESIAN_POINT('',(2.25,-3.,9.));
#8038 = VECTOR('',#8039,1.);
#8039 = DIRECTION('',(-1.,-2.E-16,0.));
#8040 = ORIENTED_EDGE('',*,*,#7127,.F.);
#8041 = PLANE('',#8042);
#8042 = AXIS2_PLACEMENT_3D('',#8043,#8044,#8045);
#8043 = CARTESIAN_POINT('',(2.25,-3.,9.));
#8044 = DIRECTION('',(2.E-16,-1.,0.));
#8045 = DIRECTION('',(-1.,-2.E-16,0.));
#8046 = ADVANCED_FACE('',(#8047),#8066,.T.);
#8047 = FACE_BOUND('',#8048,.T.);
#8048 = EDGE_LOOP('',(#8049,#8050,#8051,#8060));
#8049 = ORIENTED_EDGE('',*,*,#7152,.T.);
#8050 = ORIENTED_EDGE('',*,*,#8028,.T.);
#8051 = ORIENTED_EDGE('',*,*,#8052,.F.);
#8052 = EDGE_CURVE('',#8053,#8021,#8055,.T.);
#8053 = VERTEX_POINT('',#8054);
#8054 = CARTESIAN_POINT('',(-2.25,3.,10.));
#8055 = CIRCLE('',#8056,3.75);
#8056 = AXIS2_PLACEMENT_3D('',#8057,#8058,#8059);
#8057 = CARTESIAN_POINT('',(0.,0.,10.));
#8058 = DIRECTION('',(0.,0.,1.));
#8059 = DIRECTION('',(1.,0.,-0.));
#8060 = ORIENTED_EDGE('',*,*,#8061,.F.);
#8061 = EDGE_CURVE('',#7145,#8053,#8062,.T.);
#8062 = LINE('',#8063,#8064);
#8063 = CARTESIAN_POINT('',(-2.25,3.,9.));
#8064 = VECTOR('',#8065,1.);
#8065 = DIRECTION('',(0.,0.,1.));
#8066 = CYLINDRICAL_SURFACE('',#8067,3.75);
#8067 = AXIS2_PLACEMENT_3D('',#8068,#8069,#8070);
#8068 = CARTESIAN_POINT('',(0.,0.,9.));
#8069 = DIRECTION('',(-0.,-0.,-1.));
#8070 = DIRECTION('',(1.,0.,0.));
#8071 = ADVANCED_FACE('',(#8072),#8090,.T.);
#8072 = FACE_BOUND('',#8073,.T.);
#8073 = EDGE_LOOP('',(#8074,#8075,#8083,#8089));
#8074 = ORIENTED_EDGE('',*,*,#8061,.T.);
#8075 = ORIENTED_EDGE('',*,*,#8076,.T.);
#8076 = EDGE_CURVE('',#8053,#8077,#8079,.T.);
#8077 = VERTEX_POINT('',#8078);
#8078 = CARTESIAN_POINT('',(2.25,3.,10.));
#8079 = LINE('',#8080,#8081);
#8080 = CARTESIAN_POINT('',(-2.25,3.,10.));
#8081 = VECTOR('',#8082,1.);
#8082 = DIRECTION('',(1.,0.,0.));
#8083 = ORIENTED_EDGE('',*,*,#8084,.F.);
#8084 = EDGE_CURVE('',#7136,#8077,#8085,.T.);
#8085 = LINE('',#8086,#8087);
#8086 = CARTESIAN_POINT('',(2.25,3.,9.));
#8087 = VECTOR('',#8088,1.);
#8088 = DIRECTION('',(0.,0.,1.));
#8089 = ORIENTED_EDGE('',*,*,#7144,.F.);
#8090 = PLANE('',#8091);
#8091 = AXIS2_PLACEMENT_3D('',#8092,#8093,#8094);
#8092 = CARTESIAN_POINT('',(-2.25,3.,9.));
#8093 = DIRECTION('',(0.,1.,0.));
#8094 = DIRECTION('',(1.,0.,0.));
#8095 = ADVANCED_FACE('',(#8096),#8108,.T.);
#8096 = FACE_BOUND('',#8097,.T.);
#8097 = EDGE_LOOP('',(#8098,#8099,#8100,#8107));
#8098 = ORIENTED_EDGE('',*,*,#7135,.T.);
#8099 = ORIENTED_EDGE('',*,*,#8084,.T.);
#8100 = ORIENTED_EDGE('',*,*,#8101,.F.);
#8101 = EDGE_CURVE('',#8013,#8077,#8102,.T.);
#8102 = CIRCLE('',#8103,3.75);
#8103 = AXIS2_PLACEMENT_3D('',#8104,#8105,#8106);
#8104 = CARTESIAN_POINT('',(0.,0.,10.));
#8105 = DIRECTION('',(0.,0.,1.));
#8106 = DIRECTION('',(1.,0.,-0.));
#8107 = ORIENTED_EDGE('',*,*,#8012,.F.);
#8108 = CYLINDRICAL_SURFACE('',#8109,3.75);
#8109 = AXIS2_PLACEMENT_3D('',#8110,#8111,#8112);
#8110 = CARTESIAN_POINT('',(0.,0.,9.));
#8111 = DIRECTION('',(-0.,-0.,-1.));
#8112 = DIRECTION('',(1.,0.,0.));
#8113 = ADVANCED_FACE('',(#8114),#8147,.T.);
#8114 = FACE_BOUND('',#8115,.T.);
#8115 = EDGE_LOOP('',(#8116,#8117,#8125,#8133,#8141));
#8116 = ORIENTED_EDGE('',*,*,#7119,.T.);
#8117 = ORIENTED_EDGE('',*,*,#8118,.T.);
#8118 = EDGE_CURVE('',#7120,#8119,#8121,.T.);
#8119 = VERTEX_POINT('',#8120);
#8120 = CARTESIAN_POINT('',(1.,-2.5,9.));
#8121 = LINE('',#8122,#8123);
#8122 = CARTESIAN_POINT('',(1.,-3.5,9.));
#8123 = VECTOR('',#8124,1.);
#8124 = DIRECTION('',(0.,1.,-2.2E-16));
#8125 = ORIENTED_EDGE('',*,*,#8126,.T.);
#8126 = EDGE_CURVE('',#8119,#8127,#8129,.T.);
#8127 = VERTEX_POINT('',#8128);
#8128 = CARTESIAN_POINT('',(1.,-2.5,8.));
#8129 = LINE('',#8130,#8131);
#8130 = CARTESIAN_POINT('',(1.,-2.5,9.));
#8131 = VECTOR('',#8132,1.);
#8132 = DIRECTION('',(0.,0.,-1.));
#8133 = ORIENTED_EDGE('',*,*,#8134,.F.);
#8134 = EDGE_CURVE('',#8135,#8127,#8137,.T.);
#8135 = VERTEX_POINT('',#8136);
#8136 = CARTESIAN_POINT('',(1.,-3.5,8.));
#8137 = LINE('',#8138,#8139);
#8138 = CARTESIAN_POINT('',(1.,-3.5,8.));
#8139 = VECTOR('',#8140,1.);
#8140 = DIRECTION('',(0.,1.,-2.2E-16));
#8141 = ORIENTED_EDGE('',*,*,#8142,.F.);
#8142 = EDGE_CURVE('',#7112,#8135,#8143,.T.);
#8143 = LINE('',#8144,#8145);
#8144 = CARTESIAN_POINT('',(1.,-3.5,9.));
#8145 = VECTOR('',#8146,1.);
#8146 = DIRECTION('',(0.,0.,-1.));
#8147 = PLANE('',#8148);
#8148 = AXIS2_PLACEMENT_3D('',#8149,#8150,#8151);
#8149 = CARTESIAN_POINT('',(1.,-3.5,9.));
#8150 = DIRECTION('',(-1.,0.,0.));
#8151 = DIRECTION('',(-0.,-2.2E-16,-1.));
#8152 = ADVANCED_FACE('',(#8153),#8171,.T.);
#8153 = FACE_BOUND('',#8154,.T.);
#8154 = EDGE_LOOP('',(#8155,#8163,#8164,#8165));
#8155 = ORIENTED_EDGE('',*,*,#8156,.T.);
#8156 = EDGE_CURVE('',#8157,#7104,#8159,.T.);
#8157 = VERTEX_POINT('',#8158);
#8158 = CARTESIAN_POINT('',(3.,-3.5,8.));
#8159 = LINE('',#8160,#8161);
#8160 = CARTESIAN_POINT('',(3.,-3.5,6.));
#8161 = VECTOR('',#8162,1.);
#8162 = DIRECTION('',(0.,0.,1.));
#8163 = ORIENTED_EDGE('',*,*,#7111,.T.);
#8164 = ORIENTED_EDGE('',*,*,#8142,.T.);
#8165 = ORIENTED_EDGE('',*,*,#8166,.F.);
#8166 = EDGE_CURVE('',#8157,#8135,#8167,.T.);
#8167 = LINE('',#8168,#8169);
#8168 = CARTESIAN_POINT('',(0.,-3.5,8.));
#8169 = VECTOR('',#8170,1.);
#8170 = DIRECTION('',(-1.,0.,0.));
#8171 = PLANE('',#8172);
#8172 = AXIS2_PLACEMENT_3D('',#8173,#8174,#8175);
#8173 = CARTESIAN_POINT('',(0.,-3.5,6.684782608696));
#8174 = DIRECTION('',(0.,-1.,1.3E-16));
#8175 = DIRECTION('',(0.,-1.3E-16,-1.));
#8176 = ADVANCED_FACE('',(#8177),#8195,.F.);
#8177 = FACE_BOUND('',#8178,.F.);
#8178 = EDGE_LOOP('',(#8179,#8180,#8186,#8187,#8193,#8194));
#8179 = ORIENTED_EDGE('',*,*,#7308,.F.);
#8180 = ORIENTED_EDGE('',*,*,#8181,.T.);
#8181 = EDGE_CURVE('',#7309,#7855,#8182,.T.);
#8182 = LINE('',#8183,#8184);
#8183 = CARTESIAN_POINT('',(3.,-4.5,6.));
#8184 = VECTOR('',#8185,1.);
#8185 = DIRECTION('',(0.,1.,-2.2E-16));
#8186 = ORIENTED_EDGE('',*,*,#7854,.T.);
#8187 = ORIENTED_EDGE('',*,*,#8188,.F.);
#8188 = EDGE_CURVE('',#8157,#7847,#8189,.T.);
#8189 = LINE('',#8190,#8191);
#8190 = CARTESIAN_POINT('',(3.,-1.840369458128,8.));
#8191 = VECTOR('',#8192,1.);
#8192 = DIRECTION('',(0.,-1.,0.));
#8193 = ORIENTED_EDGE('',*,*,#8156,.T.);
#8194 = ORIENTED_EDGE('',*,*,#7103,.F.);
#8195 = PLANE('',#8196);
#8196 = AXIS2_PLACEMENT_3D('',#8197,#8198,#8199);
#8197 = CARTESIAN_POINT('',(3.,-4.5,6.));
#8198 = DIRECTION('',(1.,0.,0.));
#8199 = DIRECTION('',(-0.,2.2E-16,1.));
#8200 = ADVANCED_FACE('',(#8201),#8212,.F.);
#8201 = FACE_BOUND('',#8202,.F.);
#8202 = EDGE_LOOP('',(#8203,#8204,#8205,#8206));
#8203 = ORIENTED_EDGE('',*,*,#7216,.T.);
#8204 = ORIENTED_EDGE('',*,*,#7079,.T.);
#8205 = ORIENTED_EDGE('',*,*,#7257,.T.);
#8206 = ORIENTED_EDGE('',*,*,#8207,.F.);
#8207 = EDGE_CURVE('',#7209,#7258,#8208,.T.);
#8208 = LINE('',#8209,#8210);
#8209 = CARTESIAN_POINT('',(0.,4.5,8.));
#8210 = VECTOR('',#8211,1.);
#8211 = DIRECTION('',(-1.,0.,0.));
#8212 = PLANE('',#8213);
#8213 = AXIS2_PLACEMENT_3D('',#8214,#8215,#8216);
#8214 = CARTESIAN_POINT('',(0.,4.5,6.));
#8215 = DIRECTION('',(0.,-1.,1.5E-16));
#8216 = DIRECTION('',(0.,-1.5E-16,-1.));
#8217 = ADVANCED_FACE('',(#8218,#8257),#8268,.T.);
#8218 = FACE_BOUND('',#8219,.T.);
#8219 = EDGE_LOOP('',(#8220,#8221,#8222,#8223,#8224,#8225,#8226,#8232,
    #8233,#8234,#8235,#8236,#8237,#8238,#8239,#8240,#8241,#8242,#8243,
    #8244,#8245,#8246,#8247,#8248,#8249,#8250,#8251,#8252,#8253,#8254,
    #8255,#8256));
#8220 = ORIENTED_EDGE('',*,*,#7797,.T.);
#8221 = ORIENTED_EDGE('',*,*,#7821,.T.);
#8222 = ORIENTED_EDGE('',*,*,#7846,.T.);
#8223 = ORIENTED_EDGE('',*,*,#8188,.F.);
#8224 = ORIENTED_EDGE('',*,*,#8166,.T.);
#8225 = ORIENTED_EDGE('',*,*,#8134,.T.);
#8226 = ORIENTED_EDGE('',*,*,#8227,.T.);
#8227 = EDGE_CURVE('',#8127,#7981,#8228,.T.);
#8228 = LINE('',#8229,#8230);
#8229 = CARTESIAN_POINT('',(1.,-2.5,8.));
#8230 = VECTOR('',#8231,1.);
#8231 = DIRECTION('',(-1.,0.,0.));
#8232 = ORIENTED_EDGE('',*,*,#7980,.F.);
#8233 = ORIENTED_EDGE('',*,*,#7966,.T.);
#8234 = ORIENTED_EDGE('',*,*,#7935,.F.);
#8235 = ORIENTED_EDGE('',*,*,#7910,.T.);
#8236 = ORIENTED_EDGE('',*,*,#7380,.T.);
#8237 = ORIENTED_EDGE('',*,*,#7404,.T.);
#8238 = ORIENTED_EDGE('',*,*,#7428,.T.);
#8239 = ORIENTED_EDGE('',*,*,#7452,.T.);
#8240 = ORIENTED_EDGE('',*,*,#7476,.T.);
#8241 = ORIENTED_EDGE('',*,*,#7500,.T.);
#8242 = ORIENTED_EDGE('',*,*,#7524,.T.);
#8243 = ORIENTED_EDGE('',*,*,#7548,.T.);
#8244 = ORIENTED_EDGE('',*,*,#7572,.T.);
#8245 = ORIENTED_EDGE('',*,*,#7597,.T.);
#8246 = ORIENTED_EDGE('',*,*,#7265,.T.);
#8247 = ORIENTED_EDGE('',*,*,#8207,.F.);
#8248 = ORIENTED_EDGE('',*,*,#7208,.T.);
#8249 = ORIENTED_EDGE('',*,*,#7606,.T.);
#8250 = ORIENTED_EDGE('',*,*,#7629,.T.);
#8251 = ORIENTED_EDGE('',*,*,#7653,.T.);
#8252 = ORIENTED_EDGE('',*,*,#7677,.T.);
#8253 = ORIENTED_EDGE('',*,*,#7701,.T.);
#8254 = ORIENTED_EDGE('',*,*,#7725,.T.);
#8255 = ORIENTED_EDGE('',*,*,#7749,.T.);
#8256 = ORIENTED_EDGE('',*,*,#7773,.T.);
#8257 = FACE_BOUND('',#8258,.T.);
#8258 = EDGE_LOOP('',(#8259));
#8259 = ORIENTED_EDGE('',*,*,#8260,.T.);
#8260 = EDGE_CURVE('',#8261,#8261,#8263,.T.);
#8261 = VERTEX_POINT('',#8262);
#8262 = CARTESIAN_POINT('',(1.8,2.E-15,8.));
#8263 = CIRCLE('',#8264,1.8);
#8264 = AXIS2_PLACEMENT_3D('',#8265,#8266,#8267);
#8265 = CARTESIAN_POINT('',(0.,2.E-15,8.));
#8266 = DIRECTION('',(0.,0.,1.));
#8267 = DIRECTION('',(1.,0.,-0.));
#8268 = PLANE('',#8269);
#8269 = AXIS2_PLACEMENT_3D('',#8270,#8271,#8272);
#8270 = CARTESIAN_POINT('',(0.,0.819261083744,8.));
#8271 = DIRECTION('',(-0.,-0.,-1.));
#8272 = DIRECTION('',(-1.,0.,0.));
#8273 = ADVANCED_FACE('',(#8274),#8285,.F.);
#8274 = FACE_BOUND('',#8275,.F.);
#8275 = EDGE_LOOP('',(#8276,#8277,#8278,#8279));
#8276 = ORIENTED_EDGE('',*,*,#7348,.F.);
#8277 = ORIENTED_EDGE('',*,*,#7942,.T.);
#8278 = ORIENTED_EDGE('',*,*,#7894,.T.);
#8279 = ORIENTED_EDGE('',*,*,#8280,.F.);
#8280 = EDGE_CURVE('',#7341,#7887,#8281,.T.);
#8281 = LINE('',#8282,#8283);
#8282 = CARTESIAN_POINT('',(-1.,-4.5,6.));
#8283 = VECTOR('',#8284,1.);
#8284 = DIRECTION('',(0.,1.,-2.2E-16));
#8285 = PLANE('',#8286);
#8286 = AXIS2_PLACEMENT_3D('',#8287,#8288,#8289);
#8287 = CARTESIAN_POINT('',(-3.,-4.5,6.));
#8288 = DIRECTION('',(0.,-2.2E-16,-1.));
#8289 = DIRECTION('',(1.,0.,0.));
#8290 = ADVANCED_FACE('',(#8291),#8302,.F.);
#8291 = FACE_BOUND('',#8292,.F.);
#8292 = EDGE_LOOP('',(#8293,#8294,#8295,#8296));
#8293 = ORIENTED_EDGE('',*,*,#7340,.F.);
#8294 = ORIENTED_EDGE('',*,*,#8280,.T.);
#8295 = ORIENTED_EDGE('',*,*,#7886,.T.);
#8296 = ORIENTED_EDGE('',*,*,#8297,.F.);
#8297 = EDGE_CURVE('',#7333,#7879,#8298,.T.);
#8298 = LINE('',#8299,#8300);
#8299 = CARTESIAN_POINT('',(-1.,-4.5,3.5));
#8300 = VECTOR('',#8301,1.);
#8301 = DIRECTION('',(0.,1.,-2.2E-16));
#8302 = PLANE('',#8303);
#8303 = AXIS2_PLACEMENT_3D('',#8304,#8305,#8306);
#8304 = CARTESIAN_POINT('',(-1.,-4.5,6.));
#8305 = DIRECTION('',(-1.,0.,0.));
#8306 = DIRECTION('',(-0.,-2.2E-16,-1.));
#8307 = ADVANCED_FACE('',(#8308),#8319,.F.);
#8308 = FACE_BOUND('',#8309,.F.);
#8309 = EDGE_LOOP('',(#8310,#8311,#8312,#8313));
#8310 = ORIENTED_EDGE('',*,*,#7332,.F.);
#8311 = ORIENTED_EDGE('',*,*,#8297,.T.);
#8312 = ORIENTED_EDGE('',*,*,#7878,.T.);
#8313 = ORIENTED_EDGE('',*,*,#8314,.F.);
#8314 = EDGE_CURVE('',#7325,#7871,#8315,.T.);
#8315 = LINE('',#8316,#8317);
#8316 = CARTESIAN_POINT('',(1.,-4.5,3.5));
#8317 = VECTOR('',#8318,1.);
#8318 = DIRECTION('',(0.,1.,-2.2E-16));
#8319 = PLANE('',#8320);
#8320 = AXIS2_PLACEMENT_3D('',#8321,#8322,#8323);
#8321 = CARTESIAN_POINT('',(-1.,-4.5,3.5));
#8322 = DIRECTION('',(0.,-2.2E-16,-1.));
#8323 = DIRECTION('',(1.,0.,0.));
#8324 = ADVANCED_FACE('',(#8325),#8336,.F.);
#8325 = FACE_BOUND('',#8326,.F.);
#8326 = EDGE_LOOP('',(#8327,#8328,#8329,#8330));
#8327 = ORIENTED_EDGE('',*,*,#7324,.F.);
#8328 = ORIENTED_EDGE('',*,*,#8314,.T.);
#8329 = ORIENTED_EDGE('',*,*,#7870,.T.);
#8330 = ORIENTED_EDGE('',*,*,#8331,.F.);
#8331 = EDGE_CURVE('',#7317,#7863,#8332,.T.);
#8332 = LINE('',#8333,#8334);
#8333 = CARTESIAN_POINT('',(1.,-4.5,6.));
#8334 = VECTOR('',#8335,1.);
#8335 = DIRECTION('',(0.,1.,-2.2E-16));
#8336 = PLANE('',#8337);
#8337 = AXIS2_PLACEMENT_3D('',#8338,#8339,#8340);
#8338 = CARTESIAN_POINT('',(1.,-4.5,3.5));
#8339 = DIRECTION('',(1.,0.,0.));
#8340 = DIRECTION('',(-0.,2.2E-16,1.));
#8341 = ADVANCED_FACE('',(#8342),#8348,.F.);
#8342 = FACE_BOUND('',#8343,.F.);
#8343 = EDGE_LOOP('',(#8344,#8345,#8346,#8347));
#8344 = ORIENTED_EDGE('',*,*,#7316,.F.);
#8345 = ORIENTED_EDGE('',*,*,#8331,.T.);
#8346 = ORIENTED_EDGE('',*,*,#7862,.T.);
#8347 = ORIENTED_EDGE('',*,*,#8181,.F.);
#8348 = PLANE('',#8349);
#8349 = AXIS2_PLACEMENT_3D('',#8350,#8351,#8352);
#8350 = CARTESIAN_POINT('',(1.,-4.5,6.));
#8351 = DIRECTION('',(0.,-2.2E-16,-1.));
#8352 = DIRECTION('',(1.,0.,0.));
#8353 = ADVANCED_FACE('',(#8354),#8365,.T.);
#8354 = FACE_BOUND('',#8355,.T.);
#8355 = EDGE_LOOP('',(#8356,#8357,#8358,#8364));
#8356 = ORIENTED_EDGE('',*,*,#8035,.T.);
#8357 = ORIENTED_EDGE('',*,*,#7996,.T.);
#8358 = ORIENTED_EDGE('',*,*,#8359,.T.);
#8359 = EDGE_CURVE('',#7989,#8119,#8360,.T.);
#8360 = LINE('',#8361,#8362);
#8361 = CARTESIAN_POINT('',(-1.,-2.5,9.));
#8362 = VECTOR('',#8363,1.);
#8363 = DIRECTION('',(1.,0.,0.));
#8364 = ORIENTED_EDGE('',*,*,#8118,.F.);
#8365 = PLANE('',#8366);
#8366 = AXIS2_PLACEMENT_3D('',#8367,#8368,#8369);
#8367 = CARTESIAN_POINT('',(-1.,-3.5,9.));
#8368 = DIRECTION('',(-0.,-2.2E-16,-1.));
#8369 = DIRECTION('',(1.,-0.,0.));
#8370 = ADVANCED_FACE('',(#8371),#8377,.F.);
#8371 = FACE_BOUND('',#8372,.F.);
#8372 = EDGE_LOOP('',(#8373,#8374,#8375,#8376));
#8373 = ORIENTED_EDGE('',*,*,#8359,.T.);
#8374 = ORIENTED_EDGE('',*,*,#8126,.T.);
#8375 = ORIENTED_EDGE('',*,*,#8227,.T.);
#8376 = ORIENTED_EDGE('',*,*,#7988,.T.);
#8377 = PLANE('',#8378);
#8378 = AXIS2_PLACEMENT_3D('',#8379,#8380,#8381);
#8379 = CARTESIAN_POINT('',(0.,-2.5,8.5));
#8380 = DIRECTION('',(0.,1.,0.));
#8381 = DIRECTION('',(0.,-0.,1.));
#8382 = ADVANCED_FACE('',(#8383,#8389),#8400,.F.);
#8383 = FACE_BOUND('',#8384,.F.);
#8384 = EDGE_LOOP('',(#8385,#8386,#8387,#8388));
#8385 = ORIENTED_EDGE('',*,*,#8020,.T.);
#8386 = ORIENTED_EDGE('',*,*,#8052,.F.);
#8387 = ORIENTED_EDGE('',*,*,#8076,.T.);
#8388 = ORIENTED_EDGE('',*,*,#8101,.F.);
#8389 = FACE_BOUND('',#8390,.F.);
#8390 = EDGE_LOOP('',(#8391));
#8391 = ORIENTED_EDGE('',*,*,#8392,.F.);
#8392 = EDGE_CURVE('',#8393,#8393,#8395,.T.);
#8393 = VERTEX_POINT('',#8394);
#8394 = CARTESIAN_POINT('',(1.8,2.E-15,10.));
#8395 = CIRCLE('',#8396,1.8);
#8396 = AXIS2_PLACEMENT_3D('',#8397,#8398,#8399);
#8397 = CARTESIAN_POINT('',(0.,2.E-15,10.));
#8398 = DIRECTION('',(0.,0.,-1.));
#8399 = DIRECTION('',(1.,0.,0.));
#8400 = PLANE('',#8401);
#8401 = AXIS2_PLACEMENT_3D('',#8402,#8403,#8404);
#8402 = CARTESIAN_POINT('',(8.6E-16,7.4E-16,10.));
#8403 = DIRECTION('',(0.,0.,-1.));
#8404 = DIRECTION('',(0.,-1.,0.));
#8405 = ADVANCED_FACE('',(#8406),#8417,.F.);
#8406 = FACE_BOUND('',#8407,.F.);
#8407 = EDGE_LOOP('',(#8408,#8414,#8415,#8416));
#8408 = ORIENTED_EDGE('',*,*,#8409,.T.);
#8409 = EDGE_CURVE('',#8393,#8261,#8410,.T.);
#8410 = LINE('',#8411,#8412);
#8411 = CARTESIAN_POINT('',(1.8,2.E-15,10.));
#8412 = VECTOR('',#8413,1.);
#8413 = DIRECTION('',(-0.,-0.,-1.));
#8414 = ORIENTED_EDGE('',*,*,#8260,.T.);
#8415 = ORIENTED_EDGE('',*,*,#8409,.F.);
#8416 = ORIENTED_EDGE('',*,*,#8392,.T.);
#8417 = CYLINDRICAL_SURFACE('',#8418,1.8);
#8418 = AXIS2_PLACEMENT_3D('',#8419,#8420,#8421);
#8419 = CARTESIAN_POINT('',(0.,2.E-15,10.));
#8420 = DIRECTION('',(0.,0.,1.));
#8421 = DIRECTION('',(1.,0.,-0.));
#8422 = ( GEOMETRIC_REPRESENTATION_CONTEXT(3) 
GLOBAL_UNCERTAINTY_ASSIGNED_CONTEXT((#8426)) 
GLOBAL_UNIT_ASSIGNED_CONTEXT((#8423,#8424,#8425)) REPRESENTATION_CONTEXT
('Context #1','3D Context with UNIT and UNCERTAINTY') );
#8423 = ( LENGTH_UNIT() NAMED_UNIT(*) SI_UNIT(.MILLI.,.METRE.) );
#8424 = ( NAMED_UNIT(*) PLANE_ANGLE_UNIT() SI_UNIT($,.RADIAN.) );
#8425 = ( NAMED_UNIT(*) SI_UNIT($,.STERADIAN.) SOLID_ANGLE_UNIT() );
#8426 = UNCERTAINTY_MEASURE_WITH_UNIT(LENGTH_MEASURE(1.E-07),#8423,
  'distance_accuracy_value','confusion accuracy');
#8427 = CONTEXT_DEPENDENT_SHAPE_REPRESENTATION(#8428,#8430);
#8428 = ( REPRESENTATION_RELATIONSHIP('','',#6750,#2688) 
REPRESENTATION_RELATIONSHIP_WITH_TRANSFORMATION(#8429) 
SHAPE_REPRESENTATION_RELATIONSHIP() );
#8429 = ITEM_DEFINED_TRANSFORMATION('','',#11,#2705);
#8430 = PRODUCT_DEFINITION_SHAPE('Placement','Placement of an item',
  #8431);
#8431 = NEXT_ASSEMBLY_USAGE_OCCURRENCE('21','=>[0:1:1:10]','',#2683,
  #6745,$);
#8432 = PRODUCT_RELATED_PRODUCT_CATEGORY('part',$,(#6747));
#8433 = SHAPE_DEFINITION_REPRESENTATION(#8434,#8440);
#8434 = PRODUCT_DEFINITION_SHAPE('','',#8435);
#8435 = PRODUCT_DEFINITION('design','',#8436,#8439);
#8436 = PRODUCT_DEFINITION_FORMATION('','',#8437);
#8437 = PRODUCT('SOT-23-3','SOT-23-3','',(#8438));
#8438 = PRODUCT_CONTEXT('',#2,'mechanical');
#8439 = PRODUCT_DEFINITION_CONTEXT('part definition',#2,'design');
#8440 = ADVANCED_BREP_SHAPE_REPRESENTATION('',(#11,#8441),#10423);
#8441 = MANIFOLD_SOLID_BREP('',#8442);
#8442 = CLOSED_SHELL('',(#8443,#8481,#8544,#8567,#8596,#8619,#8674,#8713
    ,#8736,#8759,#8776,#8799,#8887,#8903,#8933,#8966,#8997,#9030,#9047,
    #9064,#9097,#9127,#9150,#9173,#9190,#9219,#9273,#9296,#9319,#9342,
    #9381,#9403,#9447,#9522,#9546,#9614,#9631,#9706,#9730,#9798,#9873,
    #9897,#9965,#9982,#9999,#10045,#10061,#10077,#10094,#10106,#10123,
    #10140,#10157,#10174,#10191,#10208,#10220,#10237,#10254,#10271,
    #10288,#10305,#10317,#10334,#10351,#10368,#10385,#10402,#10414));
#8443 = ADVANCED_FACE('',(#8444),#8476,.F.);
#8444 = FACE_BOUND('',#8445,.F.);
#8445 = EDGE_LOOP('',(#8446,#8456,#8463,#8471));
#8446 = ORIENTED_EDGE('',*,*,#8447,.T.);
#8447 = EDGE_CURVE('',#8448,#8450,#8452,.T.);
#8448 = VERTEX_POINT('',#8449);
#8449 = CARTESIAN_POINT('',(-0.571621551758,1.433243103516,0.1));
#8450 = VERTEX_POINT('',#8451);
#8451 = CARTESIAN_POINT('',(0.571621551758,1.433243103516,0.1));
#8452 = LINE('',#8453,#8454);
#8453 = CARTESIAN_POINT('',(-0.571621551758,1.433243103516,0.1));
#8454 = VECTOR('',#8455,1.);
#8455 = DIRECTION('',(1.,1.110223024625E-16,0.));
#8456 = ORIENTED_EDGE('',*,*,#8457,.T.);
#8457 = EDGE_CURVE('',#8450,#8458,#8460,.T.);
#8458 = VERTEX_POINT('',#8459);
#8459 = CARTESIAN_POINT('',(0.605,1.5,0.575));
#8460 = B_SPLINE_CURVE_WITH_KNOTS('',1,(#8461,#8462),.UNSPECIFIED.,.F.,
  .F.,(2,2),(0.,1.),.PIECEWISE_BEZIER_KNOTS.);
#8461 = CARTESIAN_POINT('',(0.571621551758,1.433243103516,0.1));
#8462 = CARTESIAN_POINT('',(0.605,1.5,0.575));
#8463 = ORIENTED_EDGE('',*,*,#8464,.F.);
#8464 = EDGE_CURVE('',#8465,#8458,#8467,.T.);
#8465 = VERTEX_POINT('',#8466);
#8466 = CARTESIAN_POINT('',(-0.605,1.5,0.575));
#8467 = LINE('',#8468,#8469);
#8468 = CARTESIAN_POINT('',(-0.605,1.5,0.575));
#8469 = VECTOR('',#8470,1.);
#8470 = DIRECTION('',(1.,1.110223024625E-16,0.));
#8471 = ORIENTED_EDGE('',*,*,#8472,.F.);
#8472 = EDGE_CURVE('',#8448,#8465,#8473,.T.);
#8473 = B_SPLINE_CURVE_WITH_KNOTS('',1,(#8474,#8475),.UNSPECIFIED.,.F.,
  .F.,(2,2),(0.,1.),.PIECEWISE_BEZIER_KNOTS.);
#8474 = CARTESIAN_POINT('',(-0.571621551758,1.433243103516,0.1));
#8475 = CARTESIAN_POINT('',(-0.605,1.5,0.575));
#8476 = B_SPLINE_SURFACE_WITH_KNOTS('',1,1,(
    (#8477,#8478)
    ,(#8479,#8480
    )),.UNSPECIFIED.,.F.,.F.,.F.,(2,2),(2,2),(0.,1.21),(0.,1.),
  .PIECEWISE_BEZIER_KNOTS.);
#8477 = CARTESIAN_POINT('',(-0.571621551758,1.433243103516,0.1));
#8478 = CARTESIAN_POINT('',(-0.605,1.5,0.575));
#8479 = CARTESIAN_POINT('',(0.571621551758,1.433243103516,0.1));
#8480 = CARTESIAN_POINT('',(0.605,1.5,0.575));
#8481 = ADVANCED_FACE('',(#8482),#8539,.T.);
#8482 = FACE_BOUND('',#8483,.T.);
#8483 = EDGE_LOOP('',(#8484,#8485,#8493,#8501,#8509,#8517,#8525,#8533));
#8484 = ORIENTED_EDGE('',*,*,#8447,.T.);
#8485 = ORIENTED_EDGE('',*,*,#8486,.T.);
#8486 = EDGE_CURVE('',#8450,#8487,#8489,.T.);
#8487 = VERTEX_POINT('',#8488);
#8488 = CARTESIAN_POINT('',(0.633243103516,1.371621551758,0.1));
#8489 = LINE('',#8490,#8491);
#8490 = CARTESIAN_POINT('',(0.571621551758,1.433243103516,0.1));
#8491 = VECTOR('',#8492,1.);
#8492 = DIRECTION('',(0.707106781187,-0.707106781187,0.));
#8493 = ORIENTED_EDGE('',*,*,#8494,.T.);
#8494 = EDGE_CURVE('',#8487,#8495,#8497,.T.);
#8495 = VERTEX_POINT('',#8496);
#8496 = CARTESIAN_POINT('',(0.633243103516,-1.371621551758,0.1));
#8497 = LINE('',#8498,#8499);
#8498 = CARTESIAN_POINT('',(0.633243103516,1.371621551758,0.1));
#8499 = VECTOR('',#8500,1.);
#8500 = DIRECTION('',(1.110223024625E-16,-1.,0.));
#8501 = ORIENTED_EDGE('',*,*,#8502,.T.);
#8502 = EDGE_CURVE('',#8495,#8503,#8505,.T.);
#8503 = VERTEX_POINT('',#8504);
#8504 = CARTESIAN_POINT('',(0.571621551758,-1.433243103516,0.1));
#8505 = LINE('',#8506,#8507);
#8506 = CARTESIAN_POINT('',(0.633243103516,-1.371621551758,0.1));
#8507 = VECTOR('',#8508,1.);
#8508 = DIRECTION('',(-0.707106781187,-0.707106781187,0.));
#8509 = ORIENTED_EDGE('',*,*,#8510,.T.);
#8510 = EDGE_CURVE('',#8503,#8511,#8513,.T.);
#8511 = VERTEX_POINT('',#8512);
#8512 = CARTESIAN_POINT('',(-0.571621551758,-1.433243103516,0.1));
#8513 = LINE('',#8514,#8515);
#8514 = CARTESIAN_POINT('',(0.571621551758,-1.433243103516,0.1));
#8515 = VECTOR('',#8516,1.);
#8516 = DIRECTION('',(-1.,-1.110223024625E-16,0.));
#8517 = ORIENTED_EDGE('',*,*,#8518,.T.);
#8518 = EDGE_CURVE('',#8511,#8519,#8521,.T.);
#8519 = VERTEX_POINT('',#8520);
#8520 = CARTESIAN_POINT('',(-0.633243103516,-1.371621551758,0.1));
#8521 = LINE('',#8522,#8523);
#8522 = CARTESIAN_POINT('',(-0.571621551758,-1.433243103516,0.1));
#8523 = VECTOR('',#8524,1.);
#8524 = DIRECTION('',(-0.707106781187,0.707106781187,0.));
#8525 = ORIENTED_EDGE('',*,*,#8526,.T.);
#8526 = EDGE_CURVE('',#8519,#8527,#8529,.T.);
#8527 = VERTEX_POINT('',#8528);
#8528 = CARTESIAN_POINT('',(-0.633243103516,1.371621551758,0.1));
#8529 = LINE('',#8530,#8531);
#8530 = CARTESIAN_POINT('',(-0.633243103516,-1.371621551758,0.1));
#8531 = VECTOR('',#8532,1.);
#8532 = DIRECTION('',(-1.110223024625E-16,1.,0.));
#8533 = ORIENTED_EDGE('',*,*,#8534,.T.);
#8534 = EDGE_CURVE('',#8527,#8448,#8535,.T.);
#8535 = LINE('',#8536,#8537);
#8536 = CARTESIAN_POINT('',(-0.633243103516,1.371621551758,0.1));
#8537 = VECTOR('',#8538,1.);
#8538 = DIRECTION('',(0.707106781187,0.707106781187,0.));
#8539 = PLANE('',#8540);
#8540 = AXIS2_PLACEMENT_3D('',#8541,#8542,#8543);
#8541 = CARTESIAN_POINT('',(-0.571621551758,1.433243103516,0.1));
#8542 = DIRECTION('',(0.,0.,-1.));
#8543 = DIRECTION('',(0.370454302632,-0.928850692879,0.));
#8544 = ADVANCED_FACE('',(#8545),#8562,.F.);
#8545 = FACE_BOUND('',#8546,.F.);
#8546 = EDGE_LOOP('',(#8547,#8548,#8555,#8561));
#8547 = ORIENTED_EDGE('',*,*,#8486,.T.);
#8548 = ORIENTED_EDGE('',*,*,#8549,.T.);
#8549 = EDGE_CURVE('',#8487,#8550,#8552,.T.);
#8550 = VERTEX_POINT('',#8551);
#8551 = CARTESIAN_POINT('',(0.7,1.405,0.575));
#8552 = B_SPLINE_CURVE_WITH_KNOTS('',1,(#8553,#8554),.UNSPECIFIED.,.F.,
  .F.,(2,2),(0.,1.),.PIECEWISE_BEZIER_KNOTS.);
#8553 = CARTESIAN_POINT('',(0.633243103516,1.371621551758,0.1));
#8554 = CARTESIAN_POINT('',(0.7,1.405,0.575));
#8555 = ORIENTED_EDGE('',*,*,#8556,.F.);
#8556 = EDGE_CURVE('',#8458,#8550,#8557,.T.);
#8557 = LINE('',#8558,#8559);
#8558 = CARTESIAN_POINT('',(0.605,1.5,0.575));
#8559 = VECTOR('',#8560,1.);
#8560 = DIRECTION('',(0.707106781187,-0.707106781187,0.));
#8561 = ORIENTED_EDGE('',*,*,#8457,.F.);
#8562 = B_SPLINE_SURFACE_WITH_KNOTS('',1,1,(
    (#8563,#8564)
    ,(#8565,#8566
    )),.UNSPECIFIED.,.F.,.F.,.F.,(2,2),(2,2),(0.,0.134350288425),(0.,1.)
  ,.PIECEWISE_BEZIER_KNOTS.);
#8563 = CARTESIAN_POINT('',(0.571621551758,1.433243103516,0.1));
#8564 = CARTESIAN_POINT('',(0.605,1.5,0.575));
#8565 = CARTESIAN_POINT('',(0.633243103516,1.371621551758,0.1));
#8566 = CARTESIAN_POINT('',(0.7,1.405,0.575));
#8567 = ADVANCED_FACE('',(#8568),#8591,.F.);
#8568 = FACE_BOUND('',#8569,.F.);
#8569 = EDGE_LOOP('',(#8570,#8571,#8578,#8586));
#8570 = ORIENTED_EDGE('',*,*,#8464,.T.);
#8571 = ORIENTED_EDGE('',*,*,#8572,.T.);
#8572 = EDGE_CURVE('',#8458,#8573,#8575,.T.);
#8573 = VERTEX_POINT('',#8574);
#8574 = CARTESIAN_POINT('',(0.605,1.5,0.725));
#8575 = B_SPLINE_CURVE_WITH_KNOTS('',1,(#8576,#8577),.UNSPECIFIED.,.F.,
  .F.,(2,2),(0.,1.),.PIECEWISE_BEZIER_KNOTS.);
#8576 = CARTESIAN_POINT('',(0.605,1.5,0.575));
#8577 = CARTESIAN_POINT('',(0.605,1.5,0.725));
#8578 = ORIENTED_EDGE('',*,*,#8579,.F.);
#8579 = EDGE_CURVE('',#8580,#8573,#8582,.T.);
#8580 = VERTEX_POINT('',#8581);
#8581 = CARTESIAN_POINT('',(-0.605,1.5,0.725));
#8582 = LINE('',#8583,#8584);
#8583 = CARTESIAN_POINT('',(-0.605,1.5,0.725));
#8584 = VECTOR('',#8585,1.);
#8585 = DIRECTION('',(1.,1.110223024625E-16,0.));
#8586 = ORIENTED_EDGE('',*,*,#8587,.F.);
#8587 = EDGE_CURVE('',#8465,#8580,#8588,.T.);
#8588 = B_SPLINE_CURVE_WITH_KNOTS('',1,(#8589,#8590),.UNSPECIFIED.,.F.,
  .F.,(2,2),(0.,1.),.PIECEWISE_BEZIER_KNOTS.);
#8589 = CARTESIAN_POINT('',(-0.605,1.5,0.575));
#8590 = CARTESIAN_POINT('',(-0.605,1.5,0.725));
#8591 = PLANE('',#8592);
#8592 = AXIS2_PLACEMENT_3D('',#8593,#8594,#8595);
#8593 = CARTESIAN_POINT('',(-0.605,1.5,0.725));
#8594 = DIRECTION('',(1.110223024625E-16,-1.,0.));
#8595 = DIRECTION('',(1.,1.110223024625E-16,0.));
#8596 = ADVANCED_FACE('',(#8597),#8614,.F.);
#8597 = FACE_BOUND('',#8598,.F.);
#8598 = EDGE_LOOP('',(#8599,#8600,#8601,#8609));
#8599 = ORIENTED_EDGE('',*,*,#8534,.T.);
#8600 = ORIENTED_EDGE('',*,*,#8472,.T.);
#8601 = ORIENTED_EDGE('',*,*,#8602,.F.);
#8602 = EDGE_CURVE('',#8603,#8465,#8605,.T.);
#8603 = VERTEX_POINT('',#8604);
#8604 = CARTESIAN_POINT('',(-0.7,1.405,0.575));
#8605 = LINE('',#8606,#8607);
#8606 = CARTESIAN_POINT('',(-0.7,1.405,0.575));
#8607 = VECTOR('',#8608,1.);
#8608 = DIRECTION('',(0.707106781187,0.707106781187,0.));
#8609 = ORIENTED_EDGE('',*,*,#8610,.F.);
#8610 = EDGE_CURVE('',#8527,#8603,#8611,.T.);
#8611 = B_SPLINE_CURVE_WITH_KNOTS('',1,(#8612,#8613),.UNSPECIFIED.,.F.,
  .F.,(2,2),(0.,1.),.PIECEWISE_BEZIER_KNOTS.);
#8612 = CARTESIAN_POINT('',(-0.633243103516,1.371621551758,0.1));
#8613 = CARTESIAN_POINT('',(-0.7,1.405,0.575));
#8614 = B_SPLINE_SURFACE_WITH_KNOTS('',1,1,(
    (#8615,#8616)
    ,(#8617,#8618
    )),.UNSPECIFIED.,.F.,.F.,.F.,(2,2),(2,2),(0.,0.134350288425),(0.,1.)
  ,.PIECEWISE_BEZIER_KNOTS.);
#8615 = CARTESIAN_POINT('',(-0.633243103516,1.371621551758,0.1));
#8616 = CARTESIAN_POINT('',(-0.7,1.405,0.575));
#8617 = CARTESIAN_POINT('',(-0.571621551758,1.433243103516,0.1));
#8618 = CARTESIAN_POINT('',(-0.605,1.5,0.575));
#8619 = ADVANCED_FACE('',(#8620),#8669,.F.);
#8620 = FACE_BOUND('',#8621,.F.);
#8621 = EDGE_LOOP('',(#8622,#8623,#8624,#8632,#8640,#8648,#8656,#8664));
#8622 = ORIENTED_EDGE('',*,*,#8526,.T.);
#8623 = ORIENTED_EDGE('',*,*,#8610,.T.);
#8624 = ORIENTED_EDGE('',*,*,#8625,.F.);
#8625 = EDGE_CURVE('',#8626,#8603,#8628,.T.);
#8626 = VERTEX_POINT('',#8627);
#8627 = CARTESIAN_POINT('',(-0.7,1.15,0.575));
#8628 = LINE('',#8629,#8630);
#8629 = CARTESIAN_POINT('',(-0.7,-1.405,0.575));
#8630 = VECTOR('',#8631,1.);
#8631 = DIRECTION('',(-1.110223024625E-16,1.,0.));
#8632 = ORIENTED_EDGE('',*,*,#8633,.F.);
#8633 = EDGE_CURVE('',#8634,#8626,#8636,.T.);
#8634 = VERTEX_POINT('',#8635);
#8635 = CARTESIAN_POINT('',(-0.7,0.75,0.575));
#8636 = LINE('',#8637,#8638);
#8637 = CARTESIAN_POINT('',(-0.7,0.75,0.575));
#8638 = VECTOR('',#8639,1.);
#8639 = DIRECTION('',(1.144237745222E-17,1.,0.));
#8640 = ORIENTED_EDGE('',*,*,#8641,.F.);
#8641 = EDGE_CURVE('',#8642,#8634,#8644,.T.);
#8642 = VERTEX_POINT('',#8643);
#8643 = CARTESIAN_POINT('',(-0.7,-0.75,0.575));
#8644 = LINE('',#8645,#8646);
#8645 = CARTESIAN_POINT('',(-0.7,-1.405,0.575));
#8646 = VECTOR('',#8647,1.);
#8647 = DIRECTION('',(-1.110223024625E-16,1.,0.));
#8648 = ORIENTED_EDGE('',*,*,#8649,.F.);
#8649 = EDGE_CURVE('',#8650,#8642,#8652,.T.);
#8650 = VERTEX_POINT('',#8651);
#8651 = CARTESIAN_POINT('',(-0.7,-1.15,0.575));
#8652 = LINE('',#8653,#8654);
#8653 = CARTESIAN_POINT('',(-0.7,-1.15,0.575));
#8654 = VECTOR('',#8655,1.);
#8655 = DIRECTION('',(1.144237745222E-17,1.,0.));
#8656 = ORIENTED_EDGE('',*,*,#8657,.F.);
#8657 = EDGE_CURVE('',#8658,#8650,#8660,.T.);
#8658 = VERTEX_POINT('',#8659);
#8659 = CARTESIAN_POINT('',(-0.7,-1.405,0.575));
#8660 = LINE('',#8661,#8662);
#8661 = CARTESIAN_POINT('',(-0.7,-1.405,0.575));
#8662 = VECTOR('',#8663,1.);
#8663 = DIRECTION('',(-1.110223024625E-16,1.,0.));
#8664 = ORIENTED_EDGE('',*,*,#8665,.F.);
#8665 = EDGE_CURVE('',#8519,#8658,#8666,.T.);
#8666 = B_SPLINE_CURVE_WITH_KNOTS('',1,(#8667,#8668),.UNSPECIFIED.,.F.,
  .F.,(2,2),(0.,1.),.PIECEWISE_BEZIER_KNOTS.);
#8667 = CARTESIAN_POINT('',(-0.633243103516,-1.371621551758,0.1));
#8668 = CARTESIAN_POINT('',(-0.7,-1.405,0.575));
#8669 = B_SPLINE_SURFACE_WITH_KNOTS('',1,1,(
    (#8670,#8671)
    ,(#8672,#8673
    )),.UNSPECIFIED.,.F.,.F.,.F.,(2,2),(2,2),(0.,2.81),(0.,1.),
  .PIECEWISE_BEZIER_KNOTS.);
#8670 = CARTESIAN_POINT('',(-0.633243103516,-1.371621551758,0.1));
#8671 = CARTESIAN_POINT('',(-0.7,-1.405,0.575));
#8672 = CARTESIAN_POINT('',(-0.633243103516,1.371621551758,0.1));
#8673 = CARTESIAN_POINT('',(-0.7,1.405,0.575));
#8674 = ADVANCED_FACE('',(#8675),#8708,.F.);
#8675 = FACE_BOUND('',#8676,.F.);
#8676 = EDGE_LOOP('',(#8677,#8678,#8685,#8693,#8701,#8707));
#8677 = ORIENTED_EDGE('',*,*,#8494,.T.);
#8678 = ORIENTED_EDGE('',*,*,#8679,.T.);
#8679 = EDGE_CURVE('',#8495,#8680,#8682,.T.);
#8680 = VERTEX_POINT('',#8681);
#8681 = CARTESIAN_POINT('',(0.7,-1.405,0.575));
#8682 = B_SPLINE_CURVE_WITH_KNOTS('',1,(#8683,#8684),.UNSPECIFIED.,.F.,
  .F.,(2,2),(0.,1.),.PIECEWISE_BEZIER_KNOTS.);
#8683 = CARTESIAN_POINT('',(0.633243103516,-1.371621551758,0.1));
#8684 = CARTESIAN_POINT('',(0.7,-1.405,0.575));
#8685 = ORIENTED_EDGE('',*,*,#8686,.F.);
#8686 = EDGE_CURVE('',#8687,#8680,#8689,.T.);
#8687 = VERTEX_POINT('',#8688);
#8688 = CARTESIAN_POINT('',(0.7,-0.2,0.575));
#8689 = LINE('',#8690,#8691);
#8690 = CARTESIAN_POINT('',(0.7,1.405,0.575));
#8691 = VECTOR('',#8692,1.);
#8692 = DIRECTION('',(1.110223024625E-16,-1.,0.));
#8693 = ORIENTED_EDGE('',*,*,#8694,.F.);
#8694 = EDGE_CURVE('',#8695,#8687,#8697,.T.);
#8695 = VERTEX_POINT('',#8696);
#8696 = CARTESIAN_POINT('',(0.7,0.2,0.575));
#8697 = LINE('',#8698,#8699);
#8698 = CARTESIAN_POINT('',(0.7,0.2,0.575));
#8699 = VECTOR('',#8700,1.);
#8700 = DIRECTION('',(1.110223024625E-16,-1.,0.));
#8701 = ORIENTED_EDGE('',*,*,#8702,.F.);
#8702 = EDGE_CURVE('',#8550,#8695,#8703,.T.);
#8703 = LINE('',#8704,#8705);
#8704 = CARTESIAN_POINT('',(0.7,1.405,0.575));
#8705 = VECTOR('',#8706,1.);
#8706 = DIRECTION('',(1.110223024625E-16,-1.,0.));
#8707 = ORIENTED_EDGE('',*,*,#8549,.F.);
#8708 = B_SPLINE_SURFACE_WITH_KNOTS('',1,1,(
    (#8709,#8710)
    ,(#8711,#8712
    )),.UNSPECIFIED.,.F.,.F.,.F.,(2,2),(2,2),(0.,2.81),(0.,1.),
  .PIECEWISE_BEZIER_KNOTS.);
#8709 = CARTESIAN_POINT('',(0.633243103516,1.371621551758,0.1));
#8710 = CARTESIAN_POINT('',(0.7,1.405,0.575));
#8711 = CARTESIAN_POINT('',(0.633243103516,-1.371621551758,0.1));
#8712 = CARTESIAN_POINT('',(0.7,-1.405,0.575));
#8713 = ADVANCED_FACE('',(#8714),#8731,.F.);
#8714 = FACE_BOUND('',#8715,.F.);
#8715 = EDGE_LOOP('',(#8716,#8717,#8718,#8726));
#8716 = ORIENTED_EDGE('',*,*,#8518,.T.);
#8717 = ORIENTED_EDGE('',*,*,#8665,.T.);
#8718 = ORIENTED_EDGE('',*,*,#8719,.F.);
#8719 = EDGE_CURVE('',#8720,#8658,#8722,.T.);
#8720 = VERTEX_POINT('',#8721);
#8721 = CARTESIAN_POINT('',(-0.605,-1.5,0.575));
#8722 = LINE('',#8723,#8724);
#8723 = CARTESIAN_POINT('',(-0.605,-1.5,0.575));
#8724 = VECTOR('',#8725,1.);
#8725 = DIRECTION('',(-0.707106781187,0.707106781187,0.));
#8726 = ORIENTED_EDGE('',*,*,#8727,.F.);
#8727 = EDGE_CURVE('',#8511,#8720,#8728,.T.);
#8728 = B_SPLINE_CURVE_WITH_KNOTS('',1,(#8729,#8730),.UNSPECIFIED.,.F.,
  .F.,(2,2),(0.,1.),.PIECEWISE_BEZIER_KNOTS.);
#8729 = CARTESIAN_POINT('',(-0.571621551758,-1.433243103516,0.1));
#8730 = CARTESIAN_POINT('',(-0.605,-1.5,0.575));
#8731 = B_SPLINE_SURFACE_WITH_KNOTS('',1,1,(
    (#8732,#8733)
    ,(#8734,#8735
    )),.UNSPECIFIED.,.F.,.F.,.F.,(2,2),(2,2),(0.,0.134350288425),(0.,1.)
  ,.PIECEWISE_BEZIER_KNOTS.);
#8732 = CARTESIAN_POINT('',(-0.571621551758,-1.433243103516,0.1));
#8733 = CARTESIAN_POINT('',(-0.605,-1.5,0.575));
#8734 = CARTESIAN_POINT('',(-0.633243103516,-1.371621551758,0.1));
#8735 = CARTESIAN_POINT('',(-0.7,-1.405,0.575));
#8736 = ADVANCED_FACE('',(#8737),#8754,.F.);
#8737 = FACE_BOUND('',#8738,.F.);
#8738 = EDGE_LOOP('',(#8739,#8740,#8747,#8753));
#8739 = ORIENTED_EDGE('',*,*,#8502,.T.);
#8740 = ORIENTED_EDGE('',*,*,#8741,.T.);
#8741 = EDGE_CURVE('',#8503,#8742,#8744,.T.);
#8742 = VERTEX_POINT('',#8743);
#8743 = CARTESIAN_POINT('',(0.605,-1.5,0.575));
#8744 = B_SPLINE_CURVE_WITH_KNOTS('',1,(#8745,#8746),.UNSPECIFIED.,.F.,
  .F.,(2,2),(0.,1.),.PIECEWISE_BEZIER_KNOTS.);
#8745 = CARTESIAN_POINT('',(0.571621551758,-1.433243103516,0.1));
#8746 = CARTESIAN_POINT('',(0.605,-1.5,0.575));
#8747 = ORIENTED_EDGE('',*,*,#8748,.F.);
#8748 = EDGE_CURVE('',#8680,#8742,#8749,.T.);
#8749 = LINE('',#8750,#8751);
#8750 = CARTESIAN_POINT('',(0.7,-1.405,0.575));
#8751 = VECTOR('',#8752,1.);
#8752 = DIRECTION('',(-0.707106781187,-0.707106781187,0.));
#8753 = ORIENTED_EDGE('',*,*,#8679,.F.);
#8754 = B_SPLINE_SURFACE_WITH_KNOTS('',1,1,(
    (#8755,#8756)
    ,(#8757,#8758
    )),.UNSPECIFIED.,.F.,.F.,.F.,(2,2),(2,2),(0.,0.134350288425),(0.,1.)
  ,.PIECEWISE_BEZIER_KNOTS.);
#8755 = CARTESIAN_POINT('',(0.633243103516,-1.371621551758,0.1));
#8756 = CARTESIAN_POINT('',(0.7,-1.405,0.575));
#8757 = CARTESIAN_POINT('',(0.571621551758,-1.433243103516,0.1));
#8758 = CARTESIAN_POINT('',(0.605,-1.5,0.575));
#8759 = ADVANCED_FACE('',(#8760),#8771,.F.);
#8760 = FACE_BOUND('',#8761,.F.);
#8761 = EDGE_LOOP('',(#8762,#8763,#8764,#8770));
#8762 = ORIENTED_EDGE('',*,*,#8510,.T.);
#8763 = ORIENTED_EDGE('',*,*,#8727,.T.);
#8764 = ORIENTED_EDGE('',*,*,#8765,.F.);
#8765 = EDGE_CURVE('',#8742,#8720,#8766,.T.);
#8766 = LINE('',#8767,#8768);
#8767 = CARTESIAN_POINT('',(0.605,-1.5,0.575));
#8768 = VECTOR('',#8769,1.);
#8769 = DIRECTION('',(-1.,-1.110223024625E-16,0.));
#8770 = ORIENTED_EDGE('',*,*,#8741,.F.);
#8771 = B_SPLINE_SURFACE_WITH_KNOTS('',1,1,(
    (#8772,#8773)
    ,(#8774,#8775
    )),.UNSPECIFIED.,.F.,.F.,.F.,(2,2),(2,2),(0.,1.21),(0.,1.),
  .PIECEWISE_BEZIER_KNOTS.);
#8772 = CARTESIAN_POINT('',(0.571621551758,-1.433243103516,0.1));
#8773 = CARTESIAN_POINT('',(0.605,-1.5,0.575));
#8774 = CARTESIAN_POINT('',(-0.571621551758,-1.433243103516,0.1));
#8775 = CARTESIAN_POINT('',(-0.605,-1.5,0.575));
#8776 = ADVANCED_FACE('',(#8777),#8794,.F.);
#8777 = FACE_BOUND('',#8778,.F.);
#8778 = EDGE_LOOP('',(#8779,#8780,#8787,#8793));
#8779 = ORIENTED_EDGE('',*,*,#8556,.T.);
#8780 = ORIENTED_EDGE('',*,*,#8781,.T.);
#8781 = EDGE_CURVE('',#8550,#8782,#8784,.T.);
#8782 = VERTEX_POINT('',#8783);
#8783 = CARTESIAN_POINT('',(0.7,1.405,0.725));
#8784 = B_SPLINE_CURVE_WITH_KNOTS('',1,(#8785,#8786),.UNSPECIFIED.,.F.,
  .F.,(2,2),(0.,1.),.PIECEWISE_BEZIER_KNOTS.);
#8785 = CARTESIAN_POINT('',(0.7,1.405,0.575));
#8786 = CARTESIAN_POINT('',(0.7,1.405,0.725));
#8787 = ORIENTED_EDGE('',*,*,#8788,.F.);
#8788 = EDGE_CURVE('',#8573,#8782,#8789,.T.);
#8789 = LINE('',#8790,#8791);
#8790 = CARTESIAN_POINT('',(0.605,1.5,0.725));
#8791 = VECTOR('',#8792,1.);
#8792 = DIRECTION('',(0.707106781187,-0.707106781187,0.));
#8793 = ORIENTED_EDGE('',*,*,#8572,.F.);
#8794 = PLANE('',#8795);
#8795 = AXIS2_PLACEMENT_3D('',#8796,#8797,#8798);
#8796 = CARTESIAN_POINT('',(0.605,1.5,0.725));
#8797 = DIRECTION('',(-0.707106781187,-0.707106781187,0.));
#8798 = DIRECTION('',(0.707106781187,-0.707106781187,0.));
#8799 = ADVANCED_FACE('',(#8800),#8882,.F.);
#8800 = FACE_BOUND('',#8801,.F.);
#8801 = EDGE_LOOP('',(#8802,#8810,#8811,#8812,#8820,#8828,#8836,#8844,
    #8852,#8860,#8868,#8876));
#8802 = ORIENTED_EDGE('',*,*,#8803,.T.);
#8803 = EDGE_CURVE('',#8804,#8580,#8806,.T.);
#8804 = VERTEX_POINT('',#8805);
#8805 = CARTESIAN_POINT('',(-0.7,1.405,0.725));
#8806 = LINE('',#8807,#8808);
#8807 = CARTESIAN_POINT('',(-0.7,1.405,0.725));
#8808 = VECTOR('',#8809,1.);
#8809 = DIRECTION('',(0.707106781187,0.707106781187,0.));
#8810 = ORIENTED_EDGE('',*,*,#8579,.T.);
#8811 = ORIENTED_EDGE('',*,*,#8788,.T.);
#8812 = ORIENTED_EDGE('',*,*,#8813,.T.);
#8813 = EDGE_CURVE('',#8782,#8814,#8816,.T.);
#8814 = VERTEX_POINT('',#8815);
#8815 = CARTESIAN_POINT('',(0.7,0.2,0.725));
#8816 = LINE('',#8817,#8818);
#8817 = CARTESIAN_POINT('',(0.7,1.405,0.725));
#8818 = VECTOR('',#8819,1.);
#8819 = DIRECTION('',(1.110223024625E-16,-1.,0.));
#8820 = ORIENTED_EDGE('',*,*,#8821,.T.);
#8821 = EDGE_CURVE('',#8814,#8822,#8824,.T.);
#8822 = VERTEX_POINT('',#8823);
#8823 = CARTESIAN_POINT('',(0.675,0.2,0.725));
#8824 = LINE('',#8825,#8826);
#8825 = CARTESIAN_POINT('',(0.7,0.2,0.725));
#8826 = VECTOR('',#8827,1.);
#8827 = DIRECTION('',(-1.,-1.110223024625E-16,0.));
#8828 = ORIENTED_EDGE('',*,*,#8829,.F.);
#8829 = EDGE_CURVE('',#8830,#8822,#8832,.T.);
#8830 = VERTEX_POINT('',#8831);
#8831 = CARTESIAN_POINT('',(0.675,1.3925,0.725));
#8832 = LINE('',#8833,#8834);
#8833 = CARTESIAN_POINT('',(0.675,1.3925,0.725));
#8834 = VECTOR('',#8835,1.);
#8835 = DIRECTION('',(1.110223024625E-16,-1.,0.));
#8836 = ORIENTED_EDGE('',*,*,#8837,.F.);
#8837 = EDGE_CURVE('',#8838,#8830,#8840,.T.);
#8838 = VERTEX_POINT('',#8839);
#8839 = CARTESIAN_POINT('',(0.5925,1.475,0.725));
#8840 = LINE('',#8841,#8842);
#8841 = CARTESIAN_POINT('',(0.5925,1.475,0.725));
#8842 = VECTOR('',#8843,1.);
#8843 = DIRECTION('',(0.707106781187,-0.707106781187,0.));
#8844 = ORIENTED_EDGE('',*,*,#8845,.F.);
#8845 = EDGE_CURVE('',#8846,#8838,#8848,.T.);
#8846 = VERTEX_POINT('',#8847);
#8847 = CARTESIAN_POINT('',(-0.5925,1.475,0.725));
#8848 = LINE('',#8849,#8850);
#8849 = CARTESIAN_POINT('',(-0.5925,1.475,0.725));
#8850 = VECTOR('',#8851,1.);
#8851 = DIRECTION('',(1.,1.110223024625E-16,0.));
#8852 = ORIENTED_EDGE('',*,*,#8853,.F.);
#8853 = EDGE_CURVE('',#8854,#8846,#8856,.T.);
#8854 = VERTEX_POINT('',#8855);
#8855 = CARTESIAN_POINT('',(-0.675,1.3925,0.725));
#8856 = LINE('',#8857,#8858);
#8857 = CARTESIAN_POINT('',(-0.675,1.3925,0.725));
#8858 = VECTOR('',#8859,1.);
#8859 = DIRECTION('',(0.707106781187,0.707106781187,0.));
#8860 = ORIENTED_EDGE('',*,*,#8861,.F.);
#8861 = EDGE_CURVE('',#8862,#8854,#8864,.T.);
#8862 = VERTEX_POINT('',#8863);
#8863 = CARTESIAN_POINT('',(-0.675,1.15,0.725));
#8864 = LINE('',#8865,#8866);
#8865 = CARTESIAN_POINT('',(-0.675,-1.3925,0.725));
#8866 = VECTOR('',#8867,1.);
#8867 = DIRECTION('',(-1.110223024625E-16,1.,0.));
#8868 = ORIENTED_EDGE('',*,*,#8869,.F.);
#8869 = EDGE_CURVE('',#8870,#8862,#8872,.T.);
#8870 = VERTEX_POINT('',#8871);
#8871 = CARTESIAN_POINT('',(-0.7,1.15,0.725));
#8872 = LINE('',#8873,#8874);
#8873 = CARTESIAN_POINT('',(-0.7,1.15,0.725));
#8874 = VECTOR('',#8875,1.);
#8875 = DIRECTION('',(1.,-1.144237745222E-17,0.));
#8876 = ORIENTED_EDGE('',*,*,#8877,.T.);
#8877 = EDGE_CURVE('',#8870,#8804,#8878,.T.);
#8878 = LINE('',#8879,#8880);
#8879 = CARTESIAN_POINT('',(-0.7,-1.405,0.725));
#8880 = VECTOR('',#8881,1.);
#8881 = DIRECTION('',(-1.110223024625E-16,1.,0.));
#8882 = PLANE('',#8883);
#8883 = AXIS2_PLACEMENT_3D('',#8884,#8885,#8886);
#8884 = CARTESIAN_POINT('',(-1.486299604971E-16,1.4875,0.725));
#8885 = DIRECTION('',(1.022886882533E-31,-6.310887241768E-27,-1.));
#8886 = DIRECTION('',(1.,1.217738924546E-16,1.022886882525E-31));
#8887 = ADVANCED_FACE('',(#8888),#8898,.F.);
#8888 = FACE_BOUND('',#8889,.F.);
#8889 = EDGE_LOOP('',(#8890,#8891,#8892,#8893));
#8890 = ORIENTED_EDGE('',*,*,#8602,.T.);
#8891 = ORIENTED_EDGE('',*,*,#8587,.T.);
#8892 = ORIENTED_EDGE('',*,*,#8803,.F.);
#8893 = ORIENTED_EDGE('',*,*,#8894,.F.);
#8894 = EDGE_CURVE('',#8603,#8804,#8895,.T.);
#8895 = B_SPLINE_CURVE_WITH_KNOTS('',1,(#8896,#8897),.UNSPECIFIED.,.F.,
  .F.,(2,2),(0.,1.),.PIECEWISE_BEZIER_KNOTS.);
#8896 = CARTESIAN_POINT('',(-0.7,1.405,0.575));
#8897 = CARTESIAN_POINT('',(-0.7,1.405,0.725));
#8898 = PLANE('',#8899);
#8899 = AXIS2_PLACEMENT_3D('',#8900,#8901,#8902);
#8900 = CARTESIAN_POINT('',(-0.7,1.405,0.725));
#8901 = DIRECTION('',(0.707106781187,-0.707106781187,0.));
#8902 = DIRECTION('',(0.707106781187,0.707106781187,0.));
#8903 = ADVANCED_FACE('',(#8904),#8928,.F.);
#8904 = FACE_BOUND('',#8905,.F.);
#8905 = EDGE_LOOP('',(#8906,#8913,#8914,#8922));
#8906 = ORIENTED_EDGE('',*,*,#8907,.F.);
#8907 = EDGE_CURVE('',#8658,#8908,#8910,.T.);
#8908 = VERTEX_POINT('',#8909);
#8909 = CARTESIAN_POINT('',(-0.7,-1.405,0.725));
#8910 = B_SPLINE_CURVE_WITH_KNOTS('',1,(#8911,#8912),.UNSPECIFIED.,.F.,
  .F.,(2,2),(0.,1.),.PIECEWISE_BEZIER_KNOTS.);
#8911 = CARTESIAN_POINT('',(-0.7,-1.405,0.575));
#8912 = CARTESIAN_POINT('',(-0.7,-1.405,0.725));
#8913 = ORIENTED_EDGE('',*,*,#8657,.T.);
#8914 = ORIENTED_EDGE('',*,*,#8915,.T.);
#8915 = EDGE_CURVE('',#8650,#8916,#8918,.T.);
#8916 = VERTEX_POINT('',#8917);
#8917 = CARTESIAN_POINT('',(-0.7,-1.15,0.725));
#8918 = LINE('',#8919,#8920);
#8919 = CARTESIAN_POINT('',(-0.7,-1.15,0.525297170697));
#8920 = VECTOR('',#8921,1.);
#8921 = DIRECTION('',(0.,0.,1.));
#8922 = ORIENTED_EDGE('',*,*,#8923,.F.);
#8923 = EDGE_CURVE('',#8908,#8916,#8924,.T.);
#8924 = LINE('',#8925,#8926);
#8925 = CARTESIAN_POINT('',(-0.7,-1.405,0.725));
#8926 = VECTOR('',#8927,1.);
#8927 = DIRECTION('',(-1.110223024625E-16,1.,0.));
#8928 = PLANE('',#8929);
#8929 = AXIS2_PLACEMENT_3D('',#8930,#8931,#8932);
#8930 = CARTESIAN_POINT('',(-0.7,-1.405,0.725));
#8931 = DIRECTION('',(1.,1.110223024625E-16,0.));
#8932 = DIRECTION('',(-1.110223024625E-16,1.,0.));
#8933 = ADVANCED_FACE('',(#8934),#8961,.F.);
#8934 = FACE_BOUND('',#8935,.F.);
#8935 = EDGE_LOOP('',(#8936,#8937,#8946,#8954));
#8936 = ORIENTED_EDGE('',*,*,#8649,.T.);
#8937 = ORIENTED_EDGE('',*,*,#8938,.T.);
#8938 = EDGE_CURVE('',#8642,#8939,#8941,.T.);
#8939 = VERTEX_POINT('',#8940);
#8940 = CARTESIAN_POINT('',(-0.8,-0.75,0.475));
#8941 = CIRCLE('',#8942,0.1);
#8942 = AXIS2_PLACEMENT_3D('',#8943,#8944,#8945);
#8943 = CARTESIAN_POINT('',(-0.7,-0.75,0.475));
#8944 = DIRECTION('',(-1.144237745222E-17,-1.,2.736911063134E-48));
#8945 = DIRECTION('',(-1.110223024625E-15,1.27035909039E-32,1.));
#8946 = ORIENTED_EDGE('',*,*,#8947,.F.);
#8947 = EDGE_CURVE('',#8948,#8939,#8950,.T.);
#8948 = VERTEX_POINT('',#8949);
#8949 = CARTESIAN_POINT('',(-0.8,-1.15,0.475));
#8950 = LINE('',#8951,#8952);
#8951 = CARTESIAN_POINT('',(-0.8,-1.15,0.475));
#8952 = VECTOR('',#8953,1.);
#8953 = DIRECTION('',(1.144237745222E-17,1.,0.));
#8954 = ORIENTED_EDGE('',*,*,#8955,.F.);
#8955 = EDGE_CURVE('',#8650,#8948,#8956,.T.);
#8956 = CIRCLE('',#8957,0.1);
#8957 = AXIS2_PLACEMENT_3D('',#8958,#8959,#8960);
#8958 = CARTESIAN_POINT('',(-0.7,-1.15,0.475));
#8959 = DIRECTION('',(-1.144237745222E-17,-1.,2.736911063134E-48));
#8960 = DIRECTION('',(-1.110223024625E-15,1.27035909039E-32,1.));
#8961 = CYLINDRICAL_SURFACE('',#8962,0.1);
#8962 = AXIS2_PLACEMENT_3D('',#8963,#8964,#8965);
#8963 = CARTESIAN_POINT('',(-0.7,-1.15,0.475));
#8964 = DIRECTION('',(-1.144237745222E-17,-1.,0.));
#8965 = DIRECTION('',(-1.110223024625E-15,1.27035909039E-32,1.));
#8966 = ADVANCED_FACE('',(#8967),#8992,.F.);
#8967 = FACE_BOUND('',#8968,.F.);
#8968 = EDGE_LOOP('',(#8969,#8977,#8978,#8986));
#8969 = ORIENTED_EDGE('',*,*,#8970,.F.);
#8970 = EDGE_CURVE('',#8642,#8971,#8973,.T.);
#8971 = VERTEX_POINT('',#8972);
#8972 = CARTESIAN_POINT('',(-0.7,-0.75,0.725));
#8973 = LINE('',#8974,#8975);
#8974 = CARTESIAN_POINT('',(-0.7,-0.75,0.525297170697));
#8975 = VECTOR('',#8976,1.);
#8976 = DIRECTION('',(0.,0.,1.));
#8977 = ORIENTED_EDGE('',*,*,#8641,.T.);
#8978 = ORIENTED_EDGE('',*,*,#8979,.T.);
#8979 = EDGE_CURVE('',#8634,#8980,#8982,.T.);
#8980 = VERTEX_POINT('',#8981);
#8981 = CARTESIAN_POINT('',(-0.7,0.75,0.725));
#8982 = LINE('',#8983,#8984);
#8983 = CARTESIAN_POINT('',(-0.7,0.75,0.525297170697));
#8984 = VECTOR('',#8985,1.);
#8985 = DIRECTION('',(0.,0.,1.));
#8986 = ORIENTED_EDGE('',*,*,#8987,.F.);
#8987 = EDGE_CURVE('',#8971,#8980,#8988,.T.);
#8988 = LINE('',#8989,#8990);
#8989 = CARTESIAN_POINT('',(-0.7,-1.405,0.725));
#8990 = VECTOR('',#8991,1.);
#8991 = DIRECTION('',(-1.110223024625E-16,1.,0.));
#8992 = PLANE('',#8993);
#8993 = AXIS2_PLACEMENT_3D('',#8994,#8995,#8996);
#8994 = CARTESIAN_POINT('',(-0.7,-1.405,0.725));
#8995 = DIRECTION('',(1.,1.110223024625E-16,0.));
#8996 = DIRECTION('',(-1.110223024625E-16,1.,0.));
#8997 = ADVANCED_FACE('',(#8998),#9025,.F.);
#8998 = FACE_BOUND('',#8999,.F.);
#8999 = EDGE_LOOP('',(#9000,#9001,#9010,#9018));
#9000 = ORIENTED_EDGE('',*,*,#8633,.T.);
#9001 = ORIENTED_EDGE('',*,*,#9002,.T.);
#9002 = EDGE_CURVE('',#8626,#9003,#9005,.T.);
#9003 = VERTEX_POINT('',#9004);
#9004 = CARTESIAN_POINT('',(-0.8,1.15,0.475));
#9005 = CIRCLE('',#9006,0.1);
#9006 = AXIS2_PLACEMENT_3D('',#9007,#9008,#9009);
#9007 = CARTESIAN_POINT('',(-0.7,1.15,0.475));
#9008 = DIRECTION('',(-1.144237745222E-17,-1.,2.736911063134E-48));
#9009 = DIRECTION('',(-1.110223024625E-15,1.27035909039E-32,1.));
#9010 = ORIENTED_EDGE('',*,*,#9011,.F.);
#9011 = EDGE_CURVE('',#9012,#9003,#9014,.T.);
#9012 = VERTEX_POINT('',#9013);
#9013 = CARTESIAN_POINT('',(-0.8,0.75,0.475));
#9014 = LINE('',#9015,#9016);
#9015 = CARTESIAN_POINT('',(-0.8,0.75,0.475));
#9016 = VECTOR('',#9017,1.);
#9017 = DIRECTION('',(1.144237745222E-17,1.,0.));
#9018 = ORIENTED_EDGE('',*,*,#9019,.F.);
#9019 = EDGE_CURVE('',#8634,#9012,#9020,.T.);
#9020 = CIRCLE('',#9021,0.1);
#9021 = AXIS2_PLACEMENT_3D('',#9022,#9023,#9024);
#9022 = CARTESIAN_POINT('',(-0.7,0.75,0.475));
#9023 = DIRECTION('',(-1.144237745222E-17,-1.,2.736911063134E-48));
#9024 = DIRECTION('',(-1.110223024625E-15,1.27035909039E-32,1.));
#9025 = CYLINDRICAL_SURFACE('',#9026,0.1);
#9026 = AXIS2_PLACEMENT_3D('',#9027,#9028,#9029);
#9027 = CARTESIAN_POINT('',(-0.7,0.75,0.475));
#9028 = DIRECTION('',(-1.144237745222E-17,-1.,0.));
#9029 = DIRECTION('',(-1.110223024625E-15,1.27035909039E-32,1.));
#9030 = ADVANCED_FACE('',(#9031),#9042,.F.);
#9031 = FACE_BOUND('',#9032,.F.);
#9032 = EDGE_LOOP('',(#9033,#9039,#9040,#9041));
#9033 = ORIENTED_EDGE('',*,*,#9034,.F.);
#9034 = EDGE_CURVE('',#8626,#8870,#9035,.T.);
#9035 = LINE('',#9036,#9037);
#9036 = CARTESIAN_POINT('',(-0.7,1.15,0.525297170697));
#9037 = VECTOR('',#9038,1.);
#9038 = DIRECTION('',(0.,0.,1.));
#9039 = ORIENTED_EDGE('',*,*,#8625,.T.);
#9040 = ORIENTED_EDGE('',*,*,#8894,.T.);
#9041 = ORIENTED_EDGE('',*,*,#8877,.F.);
#9042 = PLANE('',#9043);
#9043 = AXIS2_PLACEMENT_3D('',#9044,#9045,#9046);
#9044 = CARTESIAN_POINT('',(-0.7,-1.405,0.725));
#9045 = DIRECTION('',(1.,1.110223024625E-16,0.));
#9046 = DIRECTION('',(-1.110223024625E-16,1.,0.));
#9047 = ADVANCED_FACE('',(#9048),#9059,.F.);
#9048 = FACE_BOUND('',#9049,.F.);
#9049 = EDGE_LOOP('',(#9050,#9051,#9052,#9058));
#9050 = ORIENTED_EDGE('',*,*,#8781,.F.);
#9051 = ORIENTED_EDGE('',*,*,#8702,.T.);
#9052 = ORIENTED_EDGE('',*,*,#9053,.T.);
#9053 = EDGE_CURVE('',#8695,#8814,#9054,.T.);
#9054 = LINE('',#9055,#9056);
#9055 = CARTESIAN_POINT('',(0.7,0.2,0.525297170697));
#9056 = VECTOR('',#9057,1.);
#9057 = DIRECTION('',(0.,0.,1.));
#9058 = ORIENTED_EDGE('',*,*,#8813,.F.);
#9059 = PLANE('',#9060);
#9060 = AXIS2_PLACEMENT_3D('',#9061,#9062,#9063);
#9061 = CARTESIAN_POINT('',(0.7,1.405,0.725));
#9062 = DIRECTION('',(-1.,-1.110223024625E-16,0.));
#9063 = DIRECTION('',(1.110223024625E-16,-1.,0.));
#9064 = ADVANCED_FACE('',(#9065),#9092,.F.);
#9065 = FACE_BOUND('',#9066,.F.);
#9066 = EDGE_LOOP('',(#9067,#9068,#9077,#9085));
#9067 = ORIENTED_EDGE('',*,*,#8694,.T.);
#9068 = ORIENTED_EDGE('',*,*,#9069,.T.);
#9069 = EDGE_CURVE('',#8687,#9070,#9072,.T.);
#9070 = VERTEX_POINT('',#9071);
#9071 = CARTESIAN_POINT('',(0.8,-0.2,0.475));
#9072 = CIRCLE('',#9073,0.1);
#9073 = AXIS2_PLACEMENT_3D('',#9074,#9075,#9076);
#9074 = CARTESIAN_POINT('',(0.7,-0.2,0.475));
#9075 = DIRECTION('',(-1.110223024625E-16,1.,0.));
#9076 = DIRECTION('',(1.110223024625E-15,1.232595164407E-31,1.));
#9077 = ORIENTED_EDGE('',*,*,#9078,.F.);
#9078 = EDGE_CURVE('',#9079,#9070,#9081,.T.);
#9079 = VERTEX_POINT('',#9080);
#9080 = CARTESIAN_POINT('',(0.8,0.2,0.475));
#9081 = LINE('',#9082,#9083);
#9082 = CARTESIAN_POINT('',(0.8,0.2,0.475));
#9083 = VECTOR('',#9084,1.);
#9084 = DIRECTION('',(1.110223024625E-16,-1.,0.));
#9085 = ORIENTED_EDGE('',*,*,#9086,.F.);
#9086 = EDGE_CURVE('',#8695,#9079,#9087,.T.);
#9087 = CIRCLE('',#9088,0.1);
#9088 = AXIS2_PLACEMENT_3D('',#9089,#9090,#9091);
#9089 = CARTESIAN_POINT('',(0.7,0.2,0.475));
#9090 = DIRECTION('',(-1.110223024625E-16,1.,0.));
#9091 = DIRECTION('',(1.110223024625E-15,1.232595164407E-31,1.));
#9092 = CYLINDRICAL_SURFACE('',#9093,0.1);
#9093 = AXIS2_PLACEMENT_3D('',#9094,#9095,#9096);
#9094 = CARTESIAN_POINT('',(0.7,0.2,0.475));
#9095 = DIRECTION('',(-1.110223024625E-16,1.,0.));
#9096 = DIRECTION('',(1.110223024625E-15,1.232595164407E-31,1.));
#9097 = ADVANCED_FACE('',(#9098),#9122,.F.);
#9098 = FACE_BOUND('',#9099,.F.);
#9099 = EDGE_LOOP('',(#9100,#9108,#9109,#9116));
#9100 = ORIENTED_EDGE('',*,*,#9101,.F.);
#9101 = EDGE_CURVE('',#8687,#9102,#9104,.T.);
#9102 = VERTEX_POINT('',#9103);
#9103 = CARTESIAN_POINT('',(0.7,-0.2,0.725));
#9104 = LINE('',#9105,#9106);
#9105 = CARTESIAN_POINT('',(0.7,-0.2,0.525297170697));
#9106 = VECTOR('',#9107,1.);
#9107 = DIRECTION('',(0.,0.,1.));
#9108 = ORIENTED_EDGE('',*,*,#8686,.T.);
#9109 = ORIENTED_EDGE('',*,*,#9110,.T.);
#9110 = EDGE_CURVE('',#8680,#9111,#9113,.T.);
#9111 = VERTEX_POINT('',#9112);
#9112 = CARTESIAN_POINT('',(0.7,-1.405,0.725));
#9113 = B_SPLINE_CURVE_WITH_KNOTS('',1,(#9114,#9115),.UNSPECIFIED.,.F.,
  .F.,(2,2),(0.,1.),.PIECEWISE_BEZIER_KNOTS.);
#9114 = CARTESIAN_POINT('',(0.7,-1.405,0.575));
#9115 = CARTESIAN_POINT('',(0.7,-1.405,0.725));
#9116 = ORIENTED_EDGE('',*,*,#9117,.F.);
#9117 = EDGE_CURVE('',#9102,#9111,#9118,.T.);
#9118 = LINE('',#9119,#9120);
#9119 = CARTESIAN_POINT('',(0.7,1.405,0.725));
#9120 = VECTOR('',#9121,1.);
#9121 = DIRECTION('',(1.110223024625E-16,-1.,0.));
#9122 = PLANE('',#9123);
#9123 = AXIS2_PLACEMENT_3D('',#9124,#9125,#9126);
#9124 = CARTESIAN_POINT('',(0.7,1.405,0.725));
#9125 = DIRECTION('',(-1.,-1.110223024625E-16,0.));
#9126 = DIRECTION('',(1.110223024625E-16,-1.,0.));
#9127 = ADVANCED_FACE('',(#9128),#9145,.F.);
#9128 = FACE_BOUND('',#9129,.F.);
#9129 = EDGE_LOOP('',(#9130,#9131,#9132,#9140));
#9130 = ORIENTED_EDGE('',*,*,#8719,.T.);
#9131 = ORIENTED_EDGE('',*,*,#8907,.T.);
#9132 = ORIENTED_EDGE('',*,*,#9133,.F.);
#9133 = EDGE_CURVE('',#9134,#8908,#9136,.T.);
#9134 = VERTEX_POINT('',#9135);
#9135 = CARTESIAN_POINT('',(-0.605,-1.5,0.725));
#9136 = LINE('',#9137,#9138);
#9137 = CARTESIAN_POINT('',(-0.605,-1.5,0.725));
#9138 = VECTOR('',#9139,1.);
#9139 = DIRECTION('',(-0.707106781187,0.707106781187,0.));
#9140 = ORIENTED_EDGE('',*,*,#9141,.F.);
#9141 = EDGE_CURVE('',#8720,#9134,#9142,.T.);
#9142 = B_SPLINE_CURVE_WITH_KNOTS('',1,(#9143,#9144),.UNSPECIFIED.,.F.,
  .F.,(2,2),(0.,1.),.PIECEWISE_BEZIER_KNOTS.);
#9143 = CARTESIAN_POINT('',(-0.605,-1.5,0.575));
#9144 = CARTESIAN_POINT('',(-0.605,-1.5,0.725));
#9145 = PLANE('',#9146);
#9146 = AXIS2_PLACEMENT_3D('',#9147,#9148,#9149);
#9147 = CARTESIAN_POINT('',(-0.605,-1.5,0.725));
#9148 = DIRECTION('',(0.707106781187,0.707106781187,0.));
#9149 = DIRECTION('',(-0.707106781187,0.707106781187,0.));
#9150 = ADVANCED_FACE('',(#9151),#9168,.F.);
#9151 = FACE_BOUND('',#9152,.F.);
#9152 = EDGE_LOOP('',(#9153,#9154,#9161,#9167));
#9153 = ORIENTED_EDGE('',*,*,#8748,.T.);
#9154 = ORIENTED_EDGE('',*,*,#9155,.T.);
#9155 = EDGE_CURVE('',#8742,#9156,#9158,.T.);
#9156 = VERTEX_POINT('',#9157);
#9157 = CARTESIAN_POINT('',(0.605,-1.5,0.725));
#9158 = B_SPLINE_CURVE_WITH_KNOTS('',1,(#9159,#9160),.UNSPECIFIED.,.F.,
  .F.,(2,2),(0.,1.),.PIECEWISE_BEZIER_KNOTS.);
#9159 = CARTESIAN_POINT('',(0.605,-1.5,0.575));
#9160 = CARTESIAN_POINT('',(0.605,-1.5,0.725));
#9161 = ORIENTED_EDGE('',*,*,#9162,.F.);
#9162 = EDGE_CURVE('',#9111,#9156,#9163,.T.);
#9163 = LINE('',#9164,#9165);
#9164 = CARTESIAN_POINT('',(0.7,-1.405,0.725));
#9165 = VECTOR('',#9166,1.);
#9166 = DIRECTION('',(-0.707106781187,-0.707106781187,0.));
#9167 = ORIENTED_EDGE('',*,*,#9110,.F.);
#9168 = PLANE('',#9169);
#9169 = AXIS2_PLACEMENT_3D('',#9170,#9171,#9172);
#9170 = CARTESIAN_POINT('',(0.7,-1.405,0.725));
#9171 = DIRECTION('',(-0.707106781187,0.707106781187,0.));
#9172 = DIRECTION('',(-0.707106781187,-0.707106781187,0.));
#9173 = ADVANCED_FACE('',(#9174),#9185,.F.);
#9174 = FACE_BOUND('',#9175,.F.);
#9175 = EDGE_LOOP('',(#9176,#9177,#9178,#9184));
#9176 = ORIENTED_EDGE('',*,*,#8765,.T.);
#9177 = ORIENTED_EDGE('',*,*,#9141,.T.);
#9178 = ORIENTED_EDGE('',*,*,#9179,.F.);
#9179 = EDGE_CURVE('',#9156,#9134,#9180,.T.);
#9180 = LINE('',#9181,#9182);
#9181 = CARTESIAN_POINT('',(0.605,-1.5,0.725));
#9182 = VECTOR('',#9183,1.);
#9183 = DIRECTION('',(-1.,-1.110223024625E-16,0.));
#9184 = ORIENTED_EDGE('',*,*,#9155,.F.);
#9185 = PLANE('',#9186);
#9186 = AXIS2_PLACEMENT_3D('',#9187,#9188,#9189);
#9187 = CARTESIAN_POINT('',(0.605,-1.5,0.725));
#9188 = DIRECTION('',(-1.110223024625E-16,1.,0.));
#9189 = DIRECTION('',(-1.,-1.110223024625E-16,0.));
#9190 = ADVANCED_FACE('',(#9191),#9214,.F.);
#9191 = FACE_BOUND('',#9192,.F.);
#9192 = EDGE_LOOP('',(#9193,#9201,#9207,#9208));
#9193 = ORIENTED_EDGE('',*,*,#9194,.F.);
#9194 = EDGE_CURVE('',#8980,#9195,#9197,.T.);
#9195 = VERTEX_POINT('',#9196);
#9196 = CARTESIAN_POINT('',(-0.675,0.75,0.725));
#9197 = LINE('',#9198,#9199);
#9198 = CARTESIAN_POINT('',(-0.7,0.75,0.725));
#9199 = VECTOR('',#9200,1.);
#9200 = DIRECTION('',(1.,-1.144237745222E-17,0.));
#9201 = ORIENTED_EDGE('',*,*,#9202,.T.);
#9202 = EDGE_CURVE('',#8980,#8870,#9203,.T.);
#9203 = LINE('',#9204,#9205);
#9204 = CARTESIAN_POINT('',(-0.7,0.75,0.725));
#9205 = VECTOR('',#9206,1.);
#9206 = DIRECTION('',(1.144237745222E-17,1.,0.));
#9207 = ORIENTED_EDGE('',*,*,#8869,.T.);
#9208 = ORIENTED_EDGE('',*,*,#9209,.F.);
#9209 = EDGE_CURVE('',#9195,#8862,#9210,.T.);
#9210 = LINE('',#9211,#9212);
#9211 = CARTESIAN_POINT('',(-0.675,-1.3925,0.725));
#9212 = VECTOR('',#9213,1.);
#9213 = DIRECTION('',(-1.110223024625E-16,1.,0.));
#9214 = PLANE('',#9215);
#9215 = AXIS2_PLACEMENT_3D('',#9216,#9217,#9218);
#9216 = CARTESIAN_POINT('',(-0.7,0.75,0.725));
#9217 = DIRECTION('',(0.,0.,-1.));
#9218 = DIRECTION('',(1.,-1.144237745222E-17,0.));
#9219 = ADVANCED_FACE('',(#9220),#9268,.F.);
#9220 = FACE_BOUND('',#9221,.F.);
#9221 = EDGE_LOOP('',(#9222,#9232,#9240,#9246,#9247,#9248,#9255,#9263));
#9222 = ORIENTED_EDGE('',*,*,#9223,.T.);
#9223 = EDGE_CURVE('',#9224,#9226,#9228,.T.);
#9224 = VERTEX_POINT('',#9225);
#9225 = CARTESIAN_POINT('',(-0.675,-1.3925,0.725));
#9226 = VERTEX_POINT('',#9227);
#9227 = CARTESIAN_POINT('',(-0.675,-1.15,0.725));
#9228 = LINE('',#9229,#9230);
#9229 = CARTESIAN_POINT('',(-0.675,-1.3925,0.725));
#9230 = VECTOR('',#9231,1.);
#9231 = DIRECTION('',(-1.110223024625E-16,1.,0.));
#9232 = ORIENTED_EDGE('',*,*,#9233,.T.);
#9233 = EDGE_CURVE('',#9226,#9234,#9236,.T.);
#9234 = VERTEX_POINT('',#9235);
#9235 = CARTESIAN_POINT('',(-0.675,-0.75,0.725));
#9236 = LINE('',#9237,#9238);
#9237 = CARTESIAN_POINT('',(-0.675,-1.3925,0.725));
#9238 = VECTOR('',#9239,1.);
#9239 = DIRECTION('',(-1.110223024625E-16,1.,0.));
#9240 = ORIENTED_EDGE('',*,*,#9241,.T.);
#9241 = EDGE_CURVE('',#9234,#9195,#9242,.T.);
#9242 = LINE('',#9243,#9244);
#9243 = CARTESIAN_POINT('',(-0.675,-1.3925,0.725));
#9244 = VECTOR('',#9245,1.);
#9245 = DIRECTION('',(-1.110223024625E-16,1.,0.));
#9246 = ORIENTED_EDGE('',*,*,#9209,.T.);
#9247 = ORIENTED_EDGE('',*,*,#8861,.T.);
#9248 = ORIENTED_EDGE('',*,*,#9249,.T.);
#9249 = EDGE_CURVE('',#8854,#9250,#9252,.T.);
#9250 = VERTEX_POINT('',#9251);
#9251 = CARTESIAN_POINT('',(-0.608243103516,1.359121551758,1.2));
#9252 = B_SPLINE_CURVE_WITH_KNOTS('',1,(#9253,#9254),.UNSPECIFIED.,.F.,
  .F.,(2,2),(0.,1.),.PIECEWISE_BEZIER_KNOTS.);
#9253 = CARTESIAN_POINT('',(-0.675,1.3925,0.725));
#9254 = CARTESIAN_POINT('',(-0.608243103516,1.359121551758,1.2));
#9255 = ORIENTED_EDGE('',*,*,#9256,.F.);
#9256 = EDGE_CURVE('',#9257,#9250,#9259,.T.);
#9257 = VERTEX_POINT('',#9258);
#9258 = CARTESIAN_POINT('',(-0.608243103516,-1.359121551758,1.2));
#9259 = LINE('',#9260,#9261);
#9260 = CARTESIAN_POINT('',(-0.608243103516,-1.359121551758,1.2));
#9261 = VECTOR('',#9262,1.);
#9262 = DIRECTION('',(-1.110223024625E-16,1.,0.));
#9263 = ORIENTED_EDGE('',*,*,#9264,.F.);
#9264 = EDGE_CURVE('',#9224,#9257,#9265,.T.);
#9265 = B_SPLINE_CURVE_WITH_KNOTS('',1,(#9266,#9267),.UNSPECIFIED.,.F.,
  .F.,(2,2),(0.,1.),.PIECEWISE_BEZIER_KNOTS.);
#9266 = CARTESIAN_POINT('',(-0.675,-1.3925,0.725));
#9267 = CARTESIAN_POINT('',(-0.608243103516,-1.359121551758,1.2));
#9268 = B_SPLINE_SURFACE_WITH_KNOTS('',1,1,(
    (#9269,#9270)
    ,(#9271,#9272
    )),.UNSPECIFIED.,.F.,.F.,.F.,(2,2),(2,2),(0.,2.785),(0.,1.),
  .PIECEWISE_BEZIER_KNOTS.);
#9269 = CARTESIAN_POINT('',(-0.675,-1.3925,0.725));
#9270 = CARTESIAN_POINT('',(-0.608243103516,-1.359121551758,1.2));
#9271 = CARTESIAN_POINT('',(-0.675,1.3925,0.725));
#9272 = CARTESIAN_POINT('',(-0.608243103516,1.359121551758,1.2));
#9273 = ADVANCED_FACE('',(#9274),#9291,.F.);
#9274 = FACE_BOUND('',#9275,.F.);
#9275 = EDGE_LOOP('',(#9276,#9277,#9284,#9290));
#9276 = ORIENTED_EDGE('',*,*,#8853,.T.);
#9277 = ORIENTED_EDGE('',*,*,#9278,.T.);
#9278 = EDGE_CURVE('',#8846,#9279,#9281,.T.);
#9279 = VERTEX_POINT('',#9280);
#9280 = CARTESIAN_POINT('',(-0.559121551758,1.408243103516,1.2));
#9281 = B_SPLINE_CURVE_WITH_KNOTS('',1,(#9282,#9283),.UNSPECIFIED.,.F.,
  .F.,(2,2),(0.,1.),.PIECEWISE_BEZIER_KNOTS.);
#9282 = CARTESIAN_POINT('',(-0.5925,1.475,0.725));
#9283 = CARTESIAN_POINT('',(-0.559121551758,1.408243103516,1.2));
#9284 = ORIENTED_EDGE('',*,*,#9285,.F.);
#9285 = EDGE_CURVE('',#9250,#9279,#9286,.T.);
#9286 = LINE('',#9287,#9288);
#9287 = CARTESIAN_POINT('',(-0.608243103516,1.359121551758,1.2));
#9288 = VECTOR('',#9289,1.);
#9289 = DIRECTION('',(0.707106781187,0.707106781187,0.));
#9290 = ORIENTED_EDGE('',*,*,#9249,.F.);
#9291 = B_SPLINE_SURFACE_WITH_KNOTS('',1,1,(
    (#9292,#9293)
    ,(#9294,#9295
    )),.UNSPECIFIED.,.F.,.F.,.F.,(2,2),(2,2),(0.,0.116672618896),(0.,1.)
  ,.PIECEWISE_BEZIER_KNOTS.);
#9292 = CARTESIAN_POINT('',(-0.675,1.3925,0.725));
#9293 = CARTESIAN_POINT('',(-0.608243103516,1.359121551758,1.2));
#9294 = CARTESIAN_POINT('',(-0.5925,1.475,0.725));
#9295 = CARTESIAN_POINT('',(-0.559121551758,1.408243103516,1.2));
#9296 = ADVANCED_FACE('',(#9297),#9314,.F.);
#9297 = FACE_BOUND('',#9298,.F.);
#9298 = EDGE_LOOP('',(#9299,#9300,#9307,#9313));
#9299 = ORIENTED_EDGE('',*,*,#8845,.T.);
#9300 = ORIENTED_EDGE('',*,*,#9301,.T.);
#9301 = EDGE_CURVE('',#8838,#9302,#9304,.T.);
#9302 = VERTEX_POINT('',#9303);
#9303 = CARTESIAN_POINT('',(0.559121551758,1.408243103516,1.2));
#9304 = B_SPLINE_CURVE_WITH_KNOTS('',1,(#9305,#9306),.UNSPECIFIED.,.F.,
  .F.,(2,2),(0.,1.),.PIECEWISE_BEZIER_KNOTS.);
#9305 = CARTESIAN_POINT('',(0.5925,1.475,0.725));
#9306 = CARTESIAN_POINT('',(0.559121551758,1.408243103516,1.2));
#9307 = ORIENTED_EDGE('',*,*,#9308,.F.);
#9308 = EDGE_CURVE('',#9279,#9302,#9309,.T.);
#9309 = LINE('',#9310,#9311);
#9310 = CARTESIAN_POINT('',(-0.559121551758,1.408243103516,1.2));
#9311 = VECTOR('',#9312,1.);
#9312 = DIRECTION('',(1.,1.110223024625E-16,0.));
#9313 = ORIENTED_EDGE('',*,*,#9278,.F.);
#9314 = B_SPLINE_SURFACE_WITH_KNOTS('',1,1,(
    (#9315,#9316)
    ,(#9317,#9318
    )),.UNSPECIFIED.,.F.,.F.,.F.,(2,2),(2,2),(0.,1.185),(0.,1.),
  .PIECEWISE_BEZIER_KNOTS.);
#9315 = CARTESIAN_POINT('',(-0.5925,1.475,0.725));
#9316 = CARTESIAN_POINT('',(-0.559121551758,1.408243103516,1.2));
#9317 = CARTESIAN_POINT('',(0.5925,1.475,0.725));
#9318 = CARTESIAN_POINT('',(0.559121551758,1.408243103516,1.2));
#9319 = ADVANCED_FACE('',(#9320),#9337,.F.);
#9320 = FACE_BOUND('',#9321,.F.);
#9321 = EDGE_LOOP('',(#9322,#9323,#9330,#9336));
#9322 = ORIENTED_EDGE('',*,*,#8837,.T.);
#9323 = ORIENTED_EDGE('',*,*,#9324,.T.);
#9324 = EDGE_CURVE('',#8830,#9325,#9327,.T.);
#9325 = VERTEX_POINT('',#9326);
#9326 = CARTESIAN_POINT('',(0.608243103516,1.359121551758,1.2));
#9327 = B_SPLINE_CURVE_WITH_KNOTS('',1,(#9328,#9329),.UNSPECIFIED.,.F.,
  .F.,(2,2),(0.,1.),.PIECEWISE_BEZIER_KNOTS.);
#9328 = CARTESIAN_POINT('',(0.675,1.3925,0.725));
#9329 = CARTESIAN_POINT('',(0.608243103516,1.359121551758,1.2));
#9330 = ORIENTED_EDGE('',*,*,#9331,.F.);
#9331 = EDGE_CURVE('',#9302,#9325,#9332,.T.);
#9332 = LINE('',#9333,#9334);
#9333 = CARTESIAN_POINT('',(0.559121551758,1.408243103516,1.2));
#9334 = VECTOR('',#9335,1.);
#9335 = DIRECTION('',(0.707106781187,-0.707106781187,0.));
#9336 = ORIENTED_EDGE('',*,*,#9301,.F.);
#9337 = B_SPLINE_SURFACE_WITH_KNOTS('',1,1,(
    (#9338,#9339)
    ,(#9340,#9341
    )),.UNSPECIFIED.,.F.,.F.,.F.,(2,2),(2,2),(0.,0.116672618896),(0.,1.)
  ,.PIECEWISE_BEZIER_KNOTS.);
#9338 = CARTESIAN_POINT('',(0.5925,1.475,0.725));
#9339 = CARTESIAN_POINT('',(0.559121551758,1.408243103516,1.2));
#9340 = CARTESIAN_POINT('',(0.675,1.3925,0.725));
#9341 = CARTESIAN_POINT('',(0.608243103516,1.359121551758,1.2));
#9342 = ADVANCED_FACE('',(#9343),#9376,.F.);
#9343 = FACE_BOUND('',#9344,.F.);
#9344 = EDGE_LOOP('',(#9345,#9346,#9354,#9362,#9369,#9375));
#9345 = ORIENTED_EDGE('',*,*,#8829,.T.);
#9346 = ORIENTED_EDGE('',*,*,#9347,.T.);
#9347 = EDGE_CURVE('',#8822,#9348,#9350,.T.);
#9348 = VERTEX_POINT('',#9349);
#9349 = CARTESIAN_POINT('',(0.675,-0.2,0.725));
#9350 = LINE('',#9351,#9352);
#9351 = CARTESIAN_POINT('',(0.675,1.3925,0.725));
#9352 = VECTOR('',#9353,1.);
#9353 = DIRECTION('',(1.110223024625E-16,-1.,0.));
#9354 = ORIENTED_EDGE('',*,*,#9355,.T.);
#9355 = EDGE_CURVE('',#9348,#9356,#9358,.T.);
#9356 = VERTEX_POINT('',#9357);
#9357 = CARTESIAN_POINT('',(0.675,-1.3925,0.725));
#9358 = LINE('',#9359,#9360);
#9359 = CARTESIAN_POINT('',(0.675,1.3925,0.725));
#9360 = VECTOR('',#9361,1.);
#9361 = DIRECTION('',(1.110223024625E-16,-1.,0.));
#9362 = ORIENTED_EDGE('',*,*,#9363,.T.);
#9363 = EDGE_CURVE('',#9356,#9364,#9366,.T.);
#9364 = VERTEX_POINT('',#9365);
#9365 = CARTESIAN_POINT('',(0.608243103516,-1.359121551758,1.2));
#9366 = B_SPLINE_CURVE_WITH_KNOTS('',1,(#9367,#9368),.UNSPECIFIED.,.F.,
  .F.,(2,2),(0.,1.),.PIECEWISE_BEZIER_KNOTS.);
#9367 = CARTESIAN_POINT('',(0.675,-1.3925,0.725));
#9368 = CARTESIAN_POINT('',(0.608243103516,-1.359121551758,1.2));
#9369 = ORIENTED_EDGE('',*,*,#9370,.F.);
#9370 = EDGE_CURVE('',#9325,#9364,#9371,.T.);
#9371 = LINE('',#9372,#9373);
#9372 = CARTESIAN_POINT('',(0.608243103516,1.359121551758,1.2));
#9373 = VECTOR('',#9374,1.);
#9374 = DIRECTION('',(1.110223024625E-16,-1.,0.));
#9375 = ORIENTED_EDGE('',*,*,#9324,.F.);
#9376 = B_SPLINE_SURFACE_WITH_KNOTS('',1,1,(
    (#9377,#9378)
    ,(#9379,#9380
    )),.UNSPECIFIED.,.F.,.F.,.F.,(2,2),(2,2),(0.,2.785),(0.,1.),
  .PIECEWISE_BEZIER_KNOTS.);
#9377 = CARTESIAN_POINT('',(0.675,1.3925,0.725));
#9378 = CARTESIAN_POINT('',(0.608243103516,1.359121551758,1.2));
#9379 = CARTESIAN_POINT('',(0.675,-1.3925,0.725));
#9380 = CARTESIAN_POINT('',(0.608243103516,-1.359121551758,1.2));
#9381 = ADVANCED_FACE('',(#9382),#9398,.F.);
#9382 = FACE_BOUND('',#9383,.F.);
#9383 = EDGE_LOOP('',(#9384,#9385,#9391,#9397));
#9384 = ORIENTED_EDGE('',*,*,#8821,.F.);
#9385 = ORIENTED_EDGE('',*,*,#9386,.T.);
#9386 = EDGE_CURVE('',#8814,#9102,#9387,.T.);
#9387 = LINE('',#9388,#9389);
#9388 = CARTESIAN_POINT('',(0.7,0.2,0.725));
#9389 = VECTOR('',#9390,1.);
#9390 = DIRECTION('',(1.110223024625E-16,-1.,0.));
#9391 = ORIENTED_EDGE('',*,*,#9392,.T.);
#9392 = EDGE_CURVE('',#9102,#9348,#9393,.T.);
#9393 = LINE('',#9394,#9395);
#9394 = CARTESIAN_POINT('',(0.7,-0.2,0.725));
#9395 = VECTOR('',#9396,1.);
#9396 = DIRECTION('',(-1.,-1.110223024625E-16,0.));
#9397 = ORIENTED_EDGE('',*,*,#9347,.F.);
#9398 = PLANE('',#9399);
#9399 = AXIS2_PLACEMENT_3D('',#9400,#9401,#9402);
#9400 = CARTESIAN_POINT('',(0.7,0.2,0.725));
#9401 = DIRECTION('',(0.,0.,-1.));
#9402 = DIRECTION('',(-1.,-1.110223024625E-16,-0.));
#9403 = ADVANCED_FACE('',(#9404),#9442,.F.);
#9404 = FACE_BOUND('',#9405,.F.);
#9405 = EDGE_LOOP('',(#9406,#9407,#9408,#9409,#9410,#9411,#9412,#9418,
    #9419,#9427,#9435,#9441));
#9406 = ORIENTED_EDGE('',*,*,#9392,.F.);
#9407 = ORIENTED_EDGE('',*,*,#9117,.T.);
#9408 = ORIENTED_EDGE('',*,*,#9162,.T.);
#9409 = ORIENTED_EDGE('',*,*,#9179,.T.);
#9410 = ORIENTED_EDGE('',*,*,#9133,.T.);
#9411 = ORIENTED_EDGE('',*,*,#8923,.T.);
#9412 = ORIENTED_EDGE('',*,*,#9413,.T.);
#9413 = EDGE_CURVE('',#8916,#9226,#9414,.T.);
#9414 = LINE('',#9415,#9416);
#9415 = CARTESIAN_POINT('',(-0.7,-1.15,0.725));
#9416 = VECTOR('',#9417,1.);
#9417 = DIRECTION('',(1.,-1.144237745222E-17,0.));
#9418 = ORIENTED_EDGE('',*,*,#9223,.F.);
#9419 = ORIENTED_EDGE('',*,*,#9420,.F.);
#9420 = EDGE_CURVE('',#9421,#9224,#9423,.T.);
#9421 = VERTEX_POINT('',#9422);
#9422 = CARTESIAN_POINT('',(-0.5925,-1.475,0.725));
#9423 = LINE('',#9424,#9425);
#9424 = CARTESIAN_POINT('',(-0.5925,-1.475,0.725));
#9425 = VECTOR('',#9426,1.);
#9426 = DIRECTION('',(-0.707106781187,0.707106781187,0.));
#9427 = ORIENTED_EDGE('',*,*,#9428,.F.);
#9428 = EDGE_CURVE('',#9429,#9421,#9431,.T.);
#9429 = VERTEX_POINT('',#9430);
#9430 = CARTESIAN_POINT('',(0.5925,-1.475,0.725));
#9431 = LINE('',#9432,#9433);
#9432 = CARTESIAN_POINT('',(0.5925,-1.475,0.725));
#9433 = VECTOR('',#9434,1.);
#9434 = DIRECTION('',(-1.,-1.110223024625E-16,0.));
#9435 = ORIENTED_EDGE('',*,*,#9436,.F.);
#9436 = EDGE_CURVE('',#9356,#9429,#9437,.T.);
#9437 = LINE('',#9438,#9439);
#9438 = CARTESIAN_POINT('',(0.675,-1.3925,0.725));
#9439 = VECTOR('',#9440,1.);
#9440 = DIRECTION('',(-0.707106781187,-0.707106781187,0.));
#9441 = ORIENTED_EDGE('',*,*,#9355,.F.);
#9442 = PLANE('',#9443);
#9443 = AXIS2_PLACEMENT_3D('',#9444,#9445,#9446);
#9444 = CARTESIAN_POINT('',(-1.486299604971E-16,1.4875,0.725));
#9445 = DIRECTION('',(1.022886882533E-31,-6.310887241768E-27,-1.));
#9446 = DIRECTION('',(1.,1.217738924546E-16,1.022886882525E-31));
#9447 = ADVANCED_FACE('',(#9448),#9517,.F.);
#9448 = FACE_BOUND('',#9449,.F.);
#9449 = EDGE_LOOP('',(#9450,#9451,#9452,#9460,#9469,#9477,#9485,#9493,
    #9502,#9510));
#9450 = ORIENTED_EDGE('',*,*,#8915,.F.);
#9451 = ORIENTED_EDGE('',*,*,#8955,.T.);
#9452 = ORIENTED_EDGE('',*,*,#9453,.T.);
#9453 = EDGE_CURVE('',#8948,#9454,#9456,.T.);
#9454 = VERTEX_POINT('',#9455);
#9455 = CARTESIAN_POINT('',(-0.8,-1.15,0.25));
#9456 = LINE('',#9457,#9458);
#9457 = CARTESIAN_POINT('',(-0.8,-1.15,0.475));
#9458 = VECTOR('',#9459,1.);
#9459 = DIRECTION('',(0.,0.,-1.));
#9460 = ORIENTED_EDGE('',*,*,#9461,.T.);
#9461 = EDGE_CURVE('',#9454,#9462,#9464,.T.);
#9462 = VERTEX_POINT('',#9463);
#9463 = CARTESIAN_POINT('',(-1.05,-1.15,0.));
#9464 = CIRCLE('',#9465,0.25);
#9465 = AXIS2_PLACEMENT_3D('',#9466,#9467,#9468);
#9466 = CARTESIAN_POINT('',(-1.05,-1.15,0.25));
#9467 = DIRECTION('',(1.144237745222E-17,1.,2.052683297351E-48));
#9468 = DIRECTION('',(1.,-1.144237745222E-17,-4.440892098501E-16));
#9469 = ORIENTED_EDGE('',*,*,#9470,.T.);
#9470 = EDGE_CURVE('',#9462,#9471,#9473,.T.);
#9471 = VERTEX_POINT('',#9472);
#9472 = CARTESIAN_POINT('',(-1.25,-1.15,0.));
#9473 = LINE('',#9474,#9475);
#9474 = CARTESIAN_POINT('',(-1.05,-1.15,0.));
#9475 = VECTOR('',#9476,1.);
#9476 = DIRECTION('',(-1.,1.144237745222E-17,0.));
#9477 = ORIENTED_EDGE('',*,*,#9478,.T.);
#9478 = EDGE_CURVE('',#9471,#9479,#9481,.T.);
#9479 = VERTEX_POINT('',#9480);
#9480 = CARTESIAN_POINT('',(-1.25,-1.15,0.15));
#9481 = LINE('',#9482,#9483);
#9482 = CARTESIAN_POINT('',(-1.25,-1.15,0.));
#9483 = VECTOR('',#9484,1.);
#9484 = DIRECTION('',(0.,0.,1.));
#9485 = ORIENTED_EDGE('',*,*,#9486,.T.);
#9486 = EDGE_CURVE('',#9479,#9487,#9489,.T.);
#9487 = VERTEX_POINT('',#9488);
#9488 = CARTESIAN_POINT('',(-1.05,-1.15,0.15));
#9489 = LINE('',#9490,#9491);
#9490 = CARTESIAN_POINT('',(-1.25,-1.15,0.15));
#9491 = VECTOR('',#9492,1.);
#9492 = DIRECTION('',(1.,-1.144237745222E-17,0.));
#9493 = ORIENTED_EDGE('',*,*,#9494,.T.);
#9494 = EDGE_CURVE('',#9487,#9495,#9497,.T.);
#9495 = VERTEX_POINT('',#9496);
#9496 = CARTESIAN_POINT('',(-0.95,-1.15,0.25));
#9497 = CIRCLE('',#9498,0.1);
#9498 = AXIS2_PLACEMENT_3D('',#9499,#9500,#9501);
#9499 = CARTESIAN_POINT('',(-1.05,-1.15,0.25));
#9500 = DIRECTION('',(-1.144237745222E-17,-1.,-2.189528850508E-47));
#9501 = DIRECTION('',(2.22044604925E-15,-2.540718180781E-32,-1.));
#9502 = ORIENTED_EDGE('',*,*,#9503,.T.);
#9503 = EDGE_CURVE('',#9495,#9504,#9506,.T.);
#9504 = VERTEX_POINT('',#9505);
#9505 = CARTESIAN_POINT('',(-0.95,-1.15,0.475));
#9506 = LINE('',#9507,#9508);
#9507 = CARTESIAN_POINT('',(-0.95,-1.15,0.25));
#9508 = VECTOR('',#9509,1.);
#9509 = DIRECTION('',(0.,0.,1.));
#9510 = ORIENTED_EDGE('',*,*,#9511,.T.);
#9511 = EDGE_CURVE('',#9504,#8916,#9512,.T.);
#9512 = CIRCLE('',#9513,0.25);
#9513 = AXIS2_PLACEMENT_3D('',#9514,#9515,#9516);
#9514 = CARTESIAN_POINT('',(-0.7,-1.15,0.475));
#9515 = DIRECTION('',(1.144237745222E-17,1.,-0.));
#9516 = DIRECTION('',(-1.,1.144237745222E-17,0.));
#9517 = PLANE('',#9518);
#9518 = AXIS2_PLACEMENT_3D('',#9519,#9520,#9521);
#9519 = CARTESIAN_POINT('',(-0.923137815574,-1.15,0.325594341393));
#9520 = DIRECTION('',(1.144237745222E-17,1.,0.));
#9521 = DIRECTION('',(0.,-0.,1.));
#9522 = ADVANCED_FACE('',(#9523),#9541,.F.);
#9523 = FACE_BOUND('',#9524,.F.);
#9524 = EDGE_LOOP('',(#9525,#9526,#9534,#9540));
#9525 = ORIENTED_EDGE('',*,*,#8947,.T.);
#9526 = ORIENTED_EDGE('',*,*,#9527,.T.);
#9527 = EDGE_CURVE('',#8939,#9528,#9530,.T.);
#9528 = VERTEX_POINT('',#9529);
#9529 = CARTESIAN_POINT('',(-0.8,-0.75,0.25));
#9530 = LINE('',#9531,#9532);
#9531 = CARTESIAN_POINT('',(-0.8,-0.75,0.475));
#9532 = VECTOR('',#9533,1.);
#9533 = DIRECTION('',(0.,0.,-1.));
#9534 = ORIENTED_EDGE('',*,*,#9535,.F.);
#9535 = EDGE_CURVE('',#9454,#9528,#9536,.T.);
#9536 = LINE('',#9537,#9538);
#9537 = CARTESIAN_POINT('',(-0.8,-1.15,0.25));
#9538 = VECTOR('',#9539,1.);
#9539 = DIRECTION('',(1.144237745222E-17,1.,0.));
#9540 = ORIENTED_EDGE('',*,*,#9453,.F.);
#9541 = PLANE('',#9542);
#9542 = AXIS2_PLACEMENT_3D('',#9543,#9544,#9545);
#9543 = CARTESIAN_POINT('',(-0.8,-1.15,0.475));
#9544 = DIRECTION('',(-1.,1.144237745222E-17,0.));
#9545 = DIRECTION('',(0.,0.,-1.));
#9546 = ADVANCED_FACE('',(#9547),#9609,.T.);
#9547 = FACE_BOUND('',#9548,.T.);
#9548 = EDGE_LOOP('',(#9549,#9550,#9551,#9552,#9561,#9569,#9577,#9585,
    #9594,#9602));
#9549 = ORIENTED_EDGE('',*,*,#8970,.F.);
#9550 = ORIENTED_EDGE('',*,*,#8938,.T.);
#9551 = ORIENTED_EDGE('',*,*,#9527,.T.);
#9552 = ORIENTED_EDGE('',*,*,#9553,.T.);
#9553 = EDGE_CURVE('',#9528,#9554,#9556,.T.);
#9554 = VERTEX_POINT('',#9555);
#9555 = CARTESIAN_POINT('',(-1.05,-0.75,0.));
#9556 = CIRCLE('',#9557,0.25);
#9557 = AXIS2_PLACEMENT_3D('',#9558,#9559,#9560);
#9558 = CARTESIAN_POINT('',(-1.05,-0.75,0.25));
#9559 = DIRECTION('',(1.144237745222E-17,1.,2.052683297351E-48));
#9560 = DIRECTION('',(1.,-1.144237745222E-17,-4.440892098501E-16));
#9561 = ORIENTED_EDGE('',*,*,#9562,.T.);
#9562 = EDGE_CURVE('',#9554,#9563,#9565,.T.);
#9563 = VERTEX_POINT('',#9564);
#9564 = CARTESIAN_POINT('',(-1.25,-0.75,0.));
#9565 = LINE('',#9566,#9567);
#9566 = CARTESIAN_POINT('',(-1.05,-0.75,0.));
#9567 = VECTOR('',#9568,1.);
#9568 = DIRECTION('',(-1.,1.144237745222E-17,0.));
#9569 = ORIENTED_EDGE('',*,*,#9570,.T.);
#9570 = EDGE_CURVE('',#9563,#9571,#9573,.T.);
#9571 = VERTEX_POINT('',#9572);
#9572 = CARTESIAN_POINT('',(-1.25,-0.75,0.15));
#9573 = LINE('',#9574,#9575);
#9574 = CARTESIAN_POINT('',(-1.25,-0.75,0.));
#9575 = VECTOR('',#9576,1.);
#9576 = DIRECTION('',(0.,0.,1.));
#9577 = ORIENTED_EDGE('',*,*,#9578,.T.);
#9578 = EDGE_CURVE('',#9571,#9579,#9581,.T.);
#9579 = VERTEX_POINT('',#9580);
#9580 = CARTESIAN_POINT('',(-1.05,-0.75,0.15));
#9581 = LINE('',#9582,#9583);
#9582 = CARTESIAN_POINT('',(-1.25,-0.75,0.15));
#9583 = VECTOR('',#9584,1.);
#9584 = DIRECTION('',(1.,-1.144237745222E-17,0.));
#9585 = ORIENTED_EDGE('',*,*,#9586,.T.);
#9586 = EDGE_CURVE('',#9579,#9587,#9589,.T.);
#9587 = VERTEX_POINT('',#9588);
#9588 = CARTESIAN_POINT('',(-0.95,-0.75,0.25));
#9589 = CIRCLE('',#9590,0.1);
#9590 = AXIS2_PLACEMENT_3D('',#9591,#9592,#9593);
#9591 = CARTESIAN_POINT('',(-1.05,-0.75,0.25));
#9592 = DIRECTION('',(-1.144237745222E-17,-1.,-2.189528850508E-47));
#9593 = DIRECTION('',(2.22044604925E-15,-2.540718180781E-32,-1.));
#9594 = ORIENTED_EDGE('',*,*,#9595,.T.);
#9595 = EDGE_CURVE('',#9587,#9596,#9598,.T.);
#9596 = VERTEX_POINT('',#9597);
#9597 = CARTESIAN_POINT('',(-0.95,-0.75,0.475));
#9598 = LINE('',#9599,#9600);
#9599 = CARTESIAN_POINT('',(-0.95,-0.75,0.25));
#9600 = VECTOR('',#9601,1.);
#9601 = DIRECTION('',(0.,0.,1.));
#9602 = ORIENTED_EDGE('',*,*,#9603,.T.);
#9603 = EDGE_CURVE('',#9596,#8971,#9604,.T.);
#9604 = CIRCLE('',#9605,0.25);
#9605 = AXIS2_PLACEMENT_3D('',#9606,#9607,#9608);
#9606 = CARTESIAN_POINT('',(-0.7,-0.75,0.475));
#9607 = DIRECTION('',(1.144237745222E-17,1.,-0.));
#9608 = DIRECTION('',(-1.,1.144237745222E-17,0.));
#9609 = PLANE('',#9610);
#9610 = AXIS2_PLACEMENT_3D('',#9611,#9612,#9613);
#9611 = CARTESIAN_POINT('',(-0.923137815574,-0.75,0.325594341393));
#9612 = DIRECTION('',(1.144237745222E-17,1.,0.));
#9613 = DIRECTION('',(0.,-0.,1.));
#9614 = ADVANCED_FACE('',(#9615),#9626,.F.);
#9615 = FACE_BOUND('',#9616,.F.);
#9616 = EDGE_LOOP('',(#9617,#9618,#9619,#9620));
#9617 = ORIENTED_EDGE('',*,*,#8987,.T.);
#9618 = ORIENTED_EDGE('',*,*,#9194,.T.);
#9619 = ORIENTED_EDGE('',*,*,#9241,.F.);
#9620 = ORIENTED_EDGE('',*,*,#9621,.F.);
#9621 = EDGE_CURVE('',#8971,#9234,#9622,.T.);
#9622 = LINE('',#9623,#9624);
#9623 = CARTESIAN_POINT('',(-0.7,-0.75,0.725));
#9624 = VECTOR('',#9625,1.);
#9625 = DIRECTION('',(1.,-1.144237745222E-17,0.));
#9626 = PLANE('',#9627);
#9627 = AXIS2_PLACEMENT_3D('',#9628,#9629,#9630);
#9628 = CARTESIAN_POINT('',(-1.486299604971E-16,1.4875,0.725));
#9629 = DIRECTION('',(1.022886882533E-31,-6.310887241768E-27,-1.));
#9630 = DIRECTION('',(1.,1.217738924546E-16,1.022886882525E-31));
#9631 = ADVANCED_FACE('',(#9632),#9701,.F.);
#9632 = FACE_BOUND('',#9633,.F.);
#9633 = EDGE_LOOP('',(#9634,#9635,#9636,#9644,#9653,#9661,#9669,#9677,
    #9686,#9694));
#9634 = ORIENTED_EDGE('',*,*,#8979,.F.);
#9635 = ORIENTED_EDGE('',*,*,#9019,.T.);
#9636 = ORIENTED_EDGE('',*,*,#9637,.T.);
#9637 = EDGE_CURVE('',#9012,#9638,#9640,.T.);
#9638 = VERTEX_POINT('',#9639);
#9639 = CARTESIAN_POINT('',(-0.8,0.75,0.25));
#9640 = LINE('',#9641,#9642);
#9641 = CARTESIAN_POINT('',(-0.8,0.75,0.475));
#9642 = VECTOR('',#9643,1.);
#9643 = DIRECTION('',(0.,0.,-1.));
#9644 = ORIENTED_EDGE('',*,*,#9645,.T.);
#9645 = EDGE_CURVE('',#9638,#9646,#9648,.T.);
#9646 = VERTEX_POINT('',#9647);
#9647 = CARTESIAN_POINT('',(-1.05,0.75,0.));
#9648 = CIRCLE('',#9649,0.25);
#9649 = AXIS2_PLACEMENT_3D('',#9650,#9651,#9652);
#9650 = CARTESIAN_POINT('',(-1.05,0.75,0.25));
#9651 = DIRECTION('',(1.144237745222E-17,1.,2.052683297351E-48));
#9652 = DIRECTION('',(1.,-1.144237745222E-17,-4.440892098501E-16));
#9653 = ORIENTED_EDGE('',*,*,#9654,.T.);
#9654 = EDGE_CURVE('',#9646,#9655,#9657,.T.);
#9655 = VERTEX_POINT('',#9656);
#9656 = CARTESIAN_POINT('',(-1.25,0.75,0.));
#9657 = LINE('',#9658,#9659);
#9658 = CARTESIAN_POINT('',(-1.05,0.75,0.));
#9659 = VECTOR('',#9660,1.);
#9660 = DIRECTION('',(-1.,1.144237745222E-17,0.));
#9661 = ORIENTED_EDGE('',*,*,#9662,.T.);
#9662 = EDGE_CURVE('',#9655,#9663,#9665,.T.);
#9663 = VERTEX_POINT('',#9664);
#9664 = CARTESIAN_POINT('',(-1.25,0.75,0.15));
#9665 = LINE('',#9666,#9667);
#9666 = CARTESIAN_POINT('',(-1.25,0.75,0.));
#9667 = VECTOR('',#9668,1.);
#9668 = DIRECTION('',(0.,0.,1.));
#9669 = ORIENTED_EDGE('',*,*,#9670,.T.);
#9670 = EDGE_CURVE('',#9663,#9671,#9673,.T.);
#9671 = VERTEX_POINT('',#9672);
#9672 = CARTESIAN_POINT('',(-1.05,0.75,0.15));
#9673 = LINE('',#9674,#9675);
#9674 = CARTESIAN_POINT('',(-1.25,0.75,0.15));
#9675 = VECTOR('',#9676,1.);
#9676 = DIRECTION('',(1.,-1.144237745222E-17,0.));
#9677 = ORIENTED_EDGE('',*,*,#9678,.T.);
#9678 = EDGE_CURVE('',#9671,#9679,#9681,.T.);
#9679 = VERTEX_POINT('',#9680);
#9680 = CARTESIAN_POINT('',(-0.95,0.75,0.25));
#9681 = CIRCLE('',#9682,0.1);
#9682 = AXIS2_PLACEMENT_3D('',#9683,#9684,#9685);
#9683 = CARTESIAN_POINT('',(-1.05,0.75,0.25));
#9684 = DIRECTION('',(-1.144237745222E-17,-1.,-2.189528850508E-47));
#9685 = DIRECTION('',(2.22044604925E-15,-2.540718180781E-32,-1.));
#9686 = ORIENTED_EDGE('',*,*,#9687,.T.);
#9687 = EDGE_CURVE('',#9679,#9688,#9690,.T.);
#9688 = VERTEX_POINT('',#9689);
#9689 = CARTESIAN_POINT('',(-0.95,0.75,0.475));
#9690 = LINE('',#9691,#9692);
#9691 = CARTESIAN_POINT('',(-0.95,0.75,0.25));
#9692 = VECTOR('',#9693,1.);
#9693 = DIRECTION('',(0.,0.,1.));
#9694 = ORIENTED_EDGE('',*,*,#9695,.T.);
#9695 = EDGE_CURVE('',#9688,#8980,#9696,.T.);
#9696 = CIRCLE('',#9697,0.25);
#9697 = AXIS2_PLACEMENT_3D('',#9698,#9699,#9700);
#9698 = CARTESIAN_POINT('',(-0.7,0.75,0.475));
#9699 = DIRECTION('',(1.144237745222E-17,1.,-0.));
#9700 = DIRECTION('',(-1.,1.144237745222E-17,0.));
#9701 = PLANE('',#9702);
#9702 = AXIS2_PLACEMENT_3D('',#9703,#9704,#9705);
#9703 = CARTESIAN_POINT('',(-0.923137815574,0.75,0.325594341393));
#9704 = DIRECTION('',(1.144237745222E-17,1.,0.));
#9705 = DIRECTION('',(0.,-0.,1.));
#9706 = ADVANCED_FACE('',(#9707),#9725,.F.);
#9707 = FACE_BOUND('',#9708,.F.);
#9708 = EDGE_LOOP('',(#9709,#9710,#9718,#9724));
#9709 = ORIENTED_EDGE('',*,*,#9011,.T.);
#9710 = ORIENTED_EDGE('',*,*,#9711,.T.);
#9711 = EDGE_CURVE('',#9003,#9712,#9714,.T.);
#9712 = VERTEX_POINT('',#9713);
#9713 = CARTESIAN_POINT('',(-0.8,1.15,0.25));
#9714 = LINE('',#9715,#9716);
#9715 = CARTESIAN_POINT('',(-0.8,1.15,0.475));
#9716 = VECTOR('',#9717,1.);
#9717 = DIRECTION('',(0.,0.,-1.));
#9718 = ORIENTED_EDGE('',*,*,#9719,.F.);
#9719 = EDGE_CURVE('',#9638,#9712,#9720,.T.);
#9720 = LINE('',#9721,#9722);
#9721 = CARTESIAN_POINT('',(-0.8,0.75,0.25));
#9722 = VECTOR('',#9723,1.);
#9723 = DIRECTION('',(1.144237745222E-17,1.,0.));
#9724 = ORIENTED_EDGE('',*,*,#9637,.F.);
#9725 = PLANE('',#9726);
#9726 = AXIS2_PLACEMENT_3D('',#9727,#9728,#9729);
#9727 = CARTESIAN_POINT('',(-0.8,0.75,0.475));
#9728 = DIRECTION('',(-1.,1.144237745222E-17,0.));
#9729 = DIRECTION('',(0.,0.,-1.));
#9730 = ADVANCED_FACE('',(#9731),#9793,.T.);
#9731 = FACE_BOUND('',#9732,.T.);
#9732 = EDGE_LOOP('',(#9733,#9734,#9735,#9736,#9745,#9753,#9761,#9769,
    #9778,#9786));
#9733 = ORIENTED_EDGE('',*,*,#9034,.F.);
#9734 = ORIENTED_EDGE('',*,*,#9002,.T.);
#9735 = ORIENTED_EDGE('',*,*,#9711,.T.);
#9736 = ORIENTED_EDGE('',*,*,#9737,.T.);
#9737 = EDGE_CURVE('',#9712,#9738,#9740,.T.);
#9738 = VERTEX_POINT('',#9739);
#9739 = CARTESIAN_POINT('',(-1.05,1.15,0.));
#9740 = CIRCLE('',#9741,0.25);
#9741 = AXIS2_PLACEMENT_3D('',#9742,#9743,#9744);
#9742 = CARTESIAN_POINT('',(-1.05,1.15,0.25));
#9743 = DIRECTION('',(1.144237745222E-17,1.,2.052683297351E-48));
#9744 = DIRECTION('',(1.,-1.144237745222E-17,-4.440892098501E-16));
#9745 = ORIENTED_EDGE('',*,*,#9746,.T.);
#9746 = EDGE_CURVE('',#9738,#9747,#9749,.T.);
#9747 = VERTEX_POINT('',#9748);
#9748 = CARTESIAN_POINT('',(-1.25,1.15,0.));
#9749 = LINE('',#9750,#9751);
#9750 = CARTESIAN_POINT('',(-1.05,1.15,0.));
#9751 = VECTOR('',#9752,1.);
#9752 = DIRECTION('',(-1.,1.144237745222E-17,0.));
#9753 = ORIENTED_EDGE('',*,*,#9754,.T.);
#9754 = EDGE_CURVE('',#9747,#9755,#9757,.T.);
#9755 = VERTEX_POINT('',#9756);
#9756 = CARTESIAN_POINT('',(-1.25,1.15,0.15));
#9757 = LINE('',#9758,#9759);
#9758 = CARTESIAN_POINT('',(-1.25,1.15,0.));
#9759 = VECTOR('',#9760,1.);
#9760 = DIRECTION('',(0.,0.,1.));
#9761 = ORIENTED_EDGE('',*,*,#9762,.T.);
#9762 = EDGE_CURVE('',#9755,#9763,#9765,.T.);
#9763 = VERTEX_POINT('',#9764);
#9764 = CARTESIAN_POINT('',(-1.05,1.15,0.15));
#9765 = LINE('',#9766,#9767);
#9766 = CARTESIAN_POINT('',(-1.25,1.15,0.15));
#9767 = VECTOR('',#9768,1.);
#9768 = DIRECTION('',(1.,-1.144237745222E-17,0.));
#9769 = ORIENTED_EDGE('',*,*,#9770,.T.);
#9770 = EDGE_CURVE('',#9763,#9771,#9773,.T.);
#9771 = VERTEX_POINT('',#9772);
#9772 = CARTESIAN_POINT('',(-0.95,1.15,0.25));
#9773 = CIRCLE('',#9774,0.1);
#9774 = AXIS2_PLACEMENT_3D('',#9775,#9776,#9777);
#9775 = CARTESIAN_POINT('',(-1.05,1.15,0.25));
#9776 = DIRECTION('',(-1.144237745222E-17,-1.,-2.189528850508E-47));
#9777 = DIRECTION('',(2.22044604925E-15,-2.540718180781E-32,-1.));
#9778 = ORIENTED_EDGE('',*,*,#9779,.T.);
#9779 = EDGE_CURVE('',#9771,#9780,#9782,.T.);
#9780 = VERTEX_POINT('',#9781);
#9781 = CARTESIAN_POINT('',(-0.95,1.15,0.475));
#9782 = LINE('',#9783,#9784);
#9783 = CARTESIAN_POINT('',(-0.95,1.15,0.25));
#9784 = VECTOR('',#9785,1.);
#9785 = DIRECTION('',(0.,0.,1.));
#9786 = ORIENTED_EDGE('',*,*,#9787,.T.);
#9787 = EDGE_CURVE('',#9780,#8870,#9788,.T.);
#9788 = CIRCLE('',#9789,0.25);
#9789 = AXIS2_PLACEMENT_3D('',#9790,#9791,#9792);
#9790 = CARTESIAN_POINT('',(-0.7,1.15,0.475));
#9791 = DIRECTION('',(1.144237745222E-17,1.,-0.));
#9792 = DIRECTION('',(-1.,1.144237745222E-17,0.));
#9793 = PLANE('',#9794);
#9794 = AXIS2_PLACEMENT_3D('',#9795,#9796,#9797);
#9795 = CARTESIAN_POINT('',(-0.923137815574,1.15,0.325594341393));
#9796 = DIRECTION('',(1.144237745222E-17,1.,0.));
#9797 = DIRECTION('',(0.,-0.,1.));
#9798 = ADVANCED_FACE('',(#9799),#9868,.F.);
#9799 = FACE_BOUND('',#9800,.F.);
#9800 = EDGE_LOOP('',(#9801,#9802,#9803,#9811,#9820,#9828,#9836,#9844,
    #9853,#9861));
#9801 = ORIENTED_EDGE('',*,*,#9053,.F.);
#9802 = ORIENTED_EDGE('',*,*,#9086,.T.);
#9803 = ORIENTED_EDGE('',*,*,#9804,.T.);
#9804 = EDGE_CURVE('',#9079,#9805,#9807,.T.);
#9805 = VERTEX_POINT('',#9806);
#9806 = CARTESIAN_POINT('',(0.8,0.2,0.25));
#9807 = LINE('',#9808,#9809);
#9808 = CARTESIAN_POINT('',(0.8,0.2,0.475));
#9809 = VECTOR('',#9810,1.);
#9810 = DIRECTION('',(0.,0.,-1.));
#9811 = ORIENTED_EDGE('',*,*,#9812,.T.);
#9812 = EDGE_CURVE('',#9805,#9813,#9815,.T.);
#9813 = VERTEX_POINT('',#9814);
#9814 = CARTESIAN_POINT('',(1.05,0.2,0.));
#9815 = CIRCLE('',#9816,0.25);
#9816 = AXIS2_PLACEMENT_3D('',#9817,#9818,#9819);
#9817 = CARTESIAN_POINT('',(1.05,0.2,0.25));
#9818 = DIRECTION('',(1.110223024625E-16,-1.,0.));
#9819 = DIRECTION('',(-1.,-1.110223024625E-16,-4.440892098501E-16));
#9820 = ORIENTED_EDGE('',*,*,#9821,.T.);
#9821 = EDGE_CURVE('',#9813,#9822,#9824,.T.);
#9822 = VERTEX_POINT('',#9823);
#9823 = CARTESIAN_POINT('',(1.25,0.2,0.));
#9824 = LINE('',#9825,#9826);
#9825 = CARTESIAN_POINT('',(1.05,0.2,0.));
#9826 = VECTOR('',#9827,1.);
#9827 = DIRECTION('',(1.,1.110223024625E-16,0.));
#9828 = ORIENTED_EDGE('',*,*,#9829,.T.);
#9829 = EDGE_CURVE('',#9822,#9830,#9832,.T.);
#9830 = VERTEX_POINT('',#9831);
#9831 = CARTESIAN_POINT('',(1.25,0.2,0.15));
#9832 = LINE('',#9833,#9834);
#9833 = CARTESIAN_POINT('',(1.25,0.2,0.));
#9834 = VECTOR('',#9835,1.);
#9835 = DIRECTION('',(0.,0.,1.));
#9836 = ORIENTED_EDGE('',*,*,#9837,.T.);
#9837 = EDGE_CURVE('',#9830,#9838,#9840,.T.);
#9838 = VERTEX_POINT('',#9839);
#9839 = CARTESIAN_POINT('',(1.05,0.2,0.15));
#9840 = LINE('',#9841,#9842);
#9841 = CARTESIAN_POINT('',(1.25,0.2,0.15));
#9842 = VECTOR('',#9843,1.);
#9843 = DIRECTION('',(-1.,-1.110223024625E-16,0.));
#9844 = ORIENTED_EDGE('',*,*,#9845,.T.);
#9845 = EDGE_CURVE('',#9838,#9846,#9848,.T.);
#9846 = VERTEX_POINT('',#9847);
#9847 = CARTESIAN_POINT('',(0.95,0.2,0.25));
#9848 = CIRCLE('',#9849,0.1);
#9849 = AXIS2_PLACEMENT_3D('',#9850,#9851,#9852);
#9850 = CARTESIAN_POINT('',(1.05,0.2,0.25));
#9851 = DIRECTION('',(-1.110223024625E-16,1.,0.));
#9852 = DIRECTION('',(-2.22044604925E-15,-2.465190328815E-31,-1.));
#9853 = ORIENTED_EDGE('',*,*,#9854,.T.);
#9854 = EDGE_CURVE('',#9846,#9855,#9857,.T.);
#9855 = VERTEX_POINT('',#9856);
#9856 = CARTESIAN_POINT('',(0.95,0.2,0.475));
#9857 = LINE('',#9858,#9859);
#9858 = CARTESIAN_POINT('',(0.95,0.2,0.25));
#9859 = VECTOR('',#9860,1.);
#9860 = DIRECTION('',(0.,0.,1.));
#9861 = ORIENTED_EDGE('',*,*,#9862,.T.);
#9862 = EDGE_CURVE('',#9855,#8814,#9863,.T.);
#9863 = CIRCLE('',#9864,0.25);
#9864 = AXIS2_PLACEMENT_3D('',#9865,#9866,#9867);
#9865 = CARTESIAN_POINT('',(0.7,0.2,0.475));
#9866 = DIRECTION('',(1.110223024625E-16,-1.,0.));
#9867 = DIRECTION('',(1.,1.110223024625E-16,0.));
#9868 = PLANE('',#9869);
#9869 = AXIS2_PLACEMENT_3D('',#9870,#9871,#9872);
#9870 = CARTESIAN_POINT('',(0.923137815574,0.2,0.325594341393));
#9871 = DIRECTION('',(1.110223024625E-16,-1.,0.));
#9872 = DIRECTION('',(0.,0.,1.));
#9873 = ADVANCED_FACE('',(#9874),#9892,.F.);
#9874 = FACE_BOUND('',#9875,.F.);
#9875 = EDGE_LOOP('',(#9876,#9877,#9885,#9891));
#9876 = ORIENTED_EDGE('',*,*,#9078,.T.);
#9877 = ORIENTED_EDGE('',*,*,#9878,.T.);
#9878 = EDGE_CURVE('',#9070,#9879,#9881,.T.);
#9879 = VERTEX_POINT('',#9880);
#9880 = CARTESIAN_POINT('',(0.8,-0.2,0.25));
#9881 = LINE('',#9882,#9883);
#9882 = CARTESIAN_POINT('',(0.8,-0.2,0.475));
#9883 = VECTOR('',#9884,1.);
#9884 = DIRECTION('',(0.,0.,-1.));
#9885 = ORIENTED_EDGE('',*,*,#9886,.F.);
#9886 = EDGE_CURVE('',#9805,#9879,#9887,.T.);
#9887 = LINE('',#9888,#9889);
#9888 = CARTESIAN_POINT('',(0.8,0.2,0.25));
#9889 = VECTOR('',#9890,1.);
#9890 = DIRECTION('',(1.110223024625E-16,-1.,0.));
#9891 = ORIENTED_EDGE('',*,*,#9804,.F.);
#9892 = PLANE('',#9893);
#9893 = AXIS2_PLACEMENT_3D('',#9894,#9895,#9896);
#9894 = CARTESIAN_POINT('',(0.8,0.2,0.475));
#9895 = DIRECTION('',(1.,1.110223024625E-16,0.));
#9896 = DIRECTION('',(0.,0.,-1.));
#9897 = ADVANCED_FACE('',(#9898),#9960,.T.);
#9898 = FACE_BOUND('',#9899,.T.);
#9899 = EDGE_LOOP('',(#9900,#9901,#9902,#9903,#9912,#9920,#9928,#9936,
    #9945,#9953));
#9900 = ORIENTED_EDGE('',*,*,#9101,.F.);
#9901 = ORIENTED_EDGE('',*,*,#9069,.T.);
#9902 = ORIENTED_EDGE('',*,*,#9878,.T.);
#9903 = ORIENTED_EDGE('',*,*,#9904,.T.);
#9904 = EDGE_CURVE('',#9879,#9905,#9907,.T.);
#9905 = VERTEX_POINT('',#9906);
#9906 = CARTESIAN_POINT('',(1.05,-0.2,0.));
#9907 = CIRCLE('',#9908,0.25);
#9908 = AXIS2_PLACEMENT_3D('',#9909,#9910,#9911);
#9909 = CARTESIAN_POINT('',(1.05,-0.2,0.25));
#9910 = DIRECTION('',(1.110223024625E-16,-1.,0.));
#9911 = DIRECTION('',(-1.,-1.110223024625E-16,-4.440892098501E-16));
#9912 = ORIENTED_EDGE('',*,*,#9913,.T.);
#9913 = EDGE_CURVE('',#9905,#9914,#9916,.T.);
#9914 = VERTEX_POINT('',#9915);
#9915 = CARTESIAN_POINT('',(1.25,-0.2,0.));
#9916 = LINE('',#9917,#9918);
#9917 = CARTESIAN_POINT('',(1.05,-0.2,0.));
#9918 = VECTOR('',#9919,1.);
#9919 = DIRECTION('',(1.,1.110223024625E-16,0.));
#9920 = ORIENTED_EDGE('',*,*,#9921,.T.);
#9921 = EDGE_CURVE('',#9914,#9922,#9924,.T.);
#9922 = VERTEX_POINT('',#9923);
#9923 = CARTESIAN_POINT('',(1.25,-0.2,0.15));
#9924 = LINE('',#9925,#9926);
#9925 = CARTESIAN_POINT('',(1.25,-0.2,0.));
#9926 = VECTOR('',#9927,1.);
#9927 = DIRECTION('',(0.,0.,1.));
#9928 = ORIENTED_EDGE('',*,*,#9929,.T.);
#9929 = EDGE_CURVE('',#9922,#9930,#9932,.T.);
#9930 = VERTEX_POINT('',#9931);
#9931 = CARTESIAN_POINT('',(1.05,-0.2,0.15));
#9932 = LINE('',#9933,#9934);
#9933 = CARTESIAN_POINT('',(1.25,-0.2,0.15));
#9934 = VECTOR('',#9935,1.);
#9935 = DIRECTION('',(-1.,-1.110223024625E-16,0.));
#9936 = ORIENTED_EDGE('',*,*,#9937,.T.);
#9937 = EDGE_CURVE('',#9930,#9938,#9940,.T.);
#9938 = VERTEX_POINT('',#9939);
#9939 = CARTESIAN_POINT('',(0.95,-0.2,0.25));
#9940 = CIRCLE('',#9941,0.1);
#9941 = AXIS2_PLACEMENT_3D('',#9942,#9943,#9944);
#9942 = CARTESIAN_POINT('',(1.05,-0.2,0.25));
#9943 = DIRECTION('',(-1.110223024625E-16,1.,0.));
#9944 = DIRECTION('',(-2.22044604925E-15,-2.465190328815E-31,-1.));
#9945 = ORIENTED_EDGE('',*,*,#9946,.T.);
#9946 = EDGE_CURVE('',#9938,#9947,#9949,.T.);
#9947 = VERTEX_POINT('',#9948);
#9948 = CARTESIAN_POINT('',(0.95,-0.2,0.475));
#9949 = LINE('',#9950,#9951);
#9950 = CARTESIAN_POINT('',(0.95,-0.2,0.25));
#9951 = VECTOR('',#9952,1.);
#9952 = DIRECTION('',(0.,0.,1.));
#9953 = ORIENTED_EDGE('',*,*,#9954,.T.);
#9954 = EDGE_CURVE('',#9947,#9102,#9955,.T.);
#9955 = CIRCLE('',#9956,0.25);
#9956 = AXIS2_PLACEMENT_3D('',#9957,#9958,#9959);
#9957 = CARTESIAN_POINT('',(0.7,-0.2,0.475));
#9958 = DIRECTION('',(1.110223024625E-16,-1.,0.));
#9959 = DIRECTION('',(1.,1.110223024625E-16,0.));
#9960 = PLANE('',#9961);
#9961 = AXIS2_PLACEMENT_3D('',#9962,#9963,#9964);
#9962 = CARTESIAN_POINT('',(0.923137815574,-0.2,0.325594341393));
#9963 = DIRECTION('',(1.110223024625E-16,-1.,0.));
#9964 = DIRECTION('',(0.,0.,1.));
#9965 = ADVANCED_FACE('',(#9966),#9977,.T.);
#9966 = FACE_BOUND('',#9967,.T.);
#9967 = EDGE_LOOP('',(#9968,#9969,#9970,#9971));
#9968 = ORIENTED_EDGE('',*,*,#9695,.T.);
#9969 = ORIENTED_EDGE('',*,*,#9202,.T.);
#9970 = ORIENTED_EDGE('',*,*,#9787,.F.);
#9971 = ORIENTED_EDGE('',*,*,#9972,.F.);
#9972 = EDGE_CURVE('',#9688,#9780,#9973,.T.);
#9973 = LINE('',#9974,#9975);
#9974 = CARTESIAN_POINT('',(-0.95,0.75,0.475));
#9975 = VECTOR('',#9976,1.);
#9976 = DIRECTION('',(1.144237745222E-17,1.,0.));
#9977 = CYLINDRICAL_SURFACE('',#9978,0.25);
#9978 = AXIS2_PLACEMENT_3D('',#9979,#9980,#9981);
#9979 = CARTESIAN_POINT('',(-0.7,0.75,0.475));
#9980 = DIRECTION('',(-1.144237745222E-17,-1.,0.));
#9981 = DIRECTION('',(-1.,1.144237745222E-17,0.));
#9982 = ADVANCED_FACE('',(#9983),#9994,.F.);
#9983 = FACE_BOUND('',#9984,.F.);
#9984 = EDGE_LOOP('',(#9985,#9986,#9992,#9993));
#9985 = ORIENTED_EDGE('',*,*,#9413,.F.);
#9986 = ORIENTED_EDGE('',*,*,#9987,.T.);
#9987 = EDGE_CURVE('',#8916,#8971,#9988,.T.);
#9988 = LINE('',#9989,#9990);
#9989 = CARTESIAN_POINT('',(-0.7,-1.15,0.725));
#9990 = VECTOR('',#9991,1.);
#9991 = DIRECTION('',(1.144237745222E-17,1.,0.));
#9992 = ORIENTED_EDGE('',*,*,#9621,.T.);
#9993 = ORIENTED_EDGE('',*,*,#9233,.F.);
#9994 = PLANE('',#9995);
#9995 = AXIS2_PLACEMENT_3D('',#9996,#9997,#9998);
#9996 = CARTESIAN_POINT('',(-0.7,-1.15,0.725));
#9997 = DIRECTION('',(0.,0.,-1.));
#9998 = DIRECTION('',(1.,-1.144237745222E-17,0.));
#9999 = ADVANCED_FACE('',(#10000,#10029),#10040,.T.);
#10000 = FACE_BOUND('',#10001,.T.);
#10001 = EDGE_LOOP('',(#10002,#10003,#10004,#10005,#10013,#10021,#10027,
    #10028));
#10002 = ORIENTED_EDGE('',*,*,#9308,.F.);
#10003 = ORIENTED_EDGE('',*,*,#9285,.F.);
#10004 = ORIENTED_EDGE('',*,*,#9256,.F.);
#10005 = ORIENTED_EDGE('',*,*,#10006,.F.);
#10006 = EDGE_CURVE('',#10007,#9257,#10009,.T.);
#10007 = VERTEX_POINT('',#10008);
#10008 = CARTESIAN_POINT('',(-0.559121551758,-1.408243103516,1.2));
#10009 = LINE('',#10010,#10011);
#10010 = CARTESIAN_POINT('',(-0.559121551758,-1.408243103516,1.2));
#10011 = VECTOR('',#10012,1.);
#10012 = DIRECTION('',(-0.707106781187,0.707106781187,0.));
#10013 = ORIENTED_EDGE('',*,*,#10014,.F.);
#10014 = EDGE_CURVE('',#10015,#10007,#10017,.T.);
#10015 = VERTEX_POINT('',#10016);
#10016 = CARTESIAN_POINT('',(0.559121551758,-1.408243103516,1.2));
#10017 = LINE('',#10018,#10019);
#10018 = CARTESIAN_POINT('',(0.559121551758,-1.408243103516,1.2));
#10019 = VECTOR('',#10020,1.);
#10020 = DIRECTION('',(-1.,-1.110223024625E-16,0.));
#10021 = ORIENTED_EDGE('',*,*,#10022,.F.);
#10022 = EDGE_CURVE('',#9364,#10015,#10023,.T.);
#10023 = LINE('',#10024,#10025);
#10024 = CARTESIAN_POINT('',(0.608243103516,-1.359121551758,1.2));
#10025 = VECTOR('',#10026,1.);
#10026 = DIRECTION('',(-0.707106781187,-0.707106781187,0.));
#10027 = ORIENTED_EDGE('',*,*,#9370,.F.);
#10028 = ORIENTED_EDGE('',*,*,#9331,.F.);
#10029 = FACE_BOUND('',#10030,.T.);
#10030 = EDGE_LOOP('',(#10031));
#10031 = ORIENTED_EDGE('',*,*,#10032,.T.);
#10032 = EDGE_CURVE('',#10033,#10033,#10035,.T.);
#10033 = VERTEX_POINT('',#10034);
#10034 = CARTESIAN_POINT('',(-0.428243103516,1.178243103516,1.2));
#10035 = CIRCLE('',#10036,5.E-02);
#10036 = AXIS2_PLACEMENT_3D('',#10037,#10038,#10039);
#10037 = CARTESIAN_POINT('',(-0.428243103516,1.228243103516,1.2));
#10038 = DIRECTION('',(0.,-0.,-1.));
#10039 = DIRECTION('',(1.110223024625E-16,-1.,0.));
#10040 = PLANE('',#10041);
#10041 = AXIS2_PLACEMENT_3D('',#10042,#10043,#10044);
#10042 = CARTESIAN_POINT('',(-0.559121551758,1.408243103516,1.2));
#10043 = DIRECTION('',(0.,0.,1.));
#10044 = DIRECTION('',(0.369013679242,-0.929423963825,0.));
#10045 = ADVANCED_FACE('',(#10046),#10056,.F.);
#10046 = FACE_BOUND('',#10047,.F.);
#10047 = EDGE_LOOP('',(#10048,#10049,#10050,#10051));
#10048 = ORIENTED_EDGE('',*,*,#9420,.T.);
#10049 = ORIENTED_EDGE('',*,*,#9264,.T.);
#10050 = ORIENTED_EDGE('',*,*,#10006,.F.);
#10051 = ORIENTED_EDGE('',*,*,#10052,.F.);
#10052 = EDGE_CURVE('',#9421,#10007,#10053,.T.);
#10053 = B_SPLINE_CURVE_WITH_KNOTS('',1,(#10054,#10055),.UNSPECIFIED.,
  .F.,.F.,(2,2),(0.,1.),.PIECEWISE_BEZIER_KNOTS.);
#10054 = CARTESIAN_POINT('',(-0.5925,-1.475,0.725));
#10055 = CARTESIAN_POINT('',(-0.559121551758,-1.408243103516,1.2));
#10056 = B_SPLINE_SURFACE_WITH_KNOTS('',1,1,(
    (#10057,#10058)
    ,(#10059,#10060
    )),.UNSPECIFIED.,.F.,.F.,.F.,(2,2),(2,2),(0.,0.116672618896),(0.,1.)
  ,.PIECEWISE_BEZIER_KNOTS.);
#10057 = CARTESIAN_POINT('',(-0.5925,-1.475,0.725));
#10058 = CARTESIAN_POINT('',(-0.559121551758,-1.408243103516,1.2));
#10059 = CARTESIAN_POINT('',(-0.675,-1.3925,0.725));
#10060 = CARTESIAN_POINT('',(-0.608243103516,-1.359121551758,1.2));
#10061 = ADVANCED_FACE('',(#10062),#10072,.F.);
#10062 = FACE_BOUND('',#10063,.F.);
#10063 = EDGE_LOOP('',(#10064,#10065,#10070,#10071));
#10064 = ORIENTED_EDGE('',*,*,#9436,.T.);
#10065 = ORIENTED_EDGE('',*,*,#10066,.T.);
#10066 = EDGE_CURVE('',#9429,#10015,#10067,.T.);
#10067 = B_SPLINE_CURVE_WITH_KNOTS('',1,(#10068,#10069),.UNSPECIFIED.,
  .F.,.F.,(2,2),(0.,1.),.PIECEWISE_BEZIER_KNOTS.);
#10068 = CARTESIAN_POINT('',(0.5925,-1.475,0.725));
#10069 = CARTESIAN_POINT('',(0.559121551758,-1.408243103516,1.2));
#10070 = ORIENTED_EDGE('',*,*,#10022,.F.);
#10071 = ORIENTED_EDGE('',*,*,#9363,.F.);
#10072 = B_SPLINE_SURFACE_WITH_KNOTS('',1,1,(
    (#10073,#10074)
    ,(#10075,#10076
    )),.UNSPECIFIED.,.F.,.F.,.F.,(2,2),(2,2),(0.,0.116672618896),(0.,1.)
  ,.PIECEWISE_BEZIER_KNOTS.);
#10073 = CARTESIAN_POINT('',(0.675,-1.3925,0.725));
#10074 = CARTESIAN_POINT('',(0.608243103516,-1.359121551758,1.2));
#10075 = CARTESIAN_POINT('',(0.5925,-1.475,0.725));
#10076 = CARTESIAN_POINT('',(0.559121551758,-1.408243103516,1.2));
#10077 = ADVANCED_FACE('',(#10078),#10089,.T.);
#10078 = FACE_BOUND('',#10079,.T.);
#10079 = EDGE_LOOP('',(#10080,#10081,#10082,#10083));
#10080 = ORIENTED_EDGE('',*,*,#9862,.T.);
#10081 = ORIENTED_EDGE('',*,*,#9386,.T.);
#10082 = ORIENTED_EDGE('',*,*,#9954,.F.);
#10083 = ORIENTED_EDGE('',*,*,#10084,.F.);
#10084 = EDGE_CURVE('',#9855,#9947,#10085,.T.);
#10085 = LINE('',#10086,#10087);
#10086 = CARTESIAN_POINT('',(0.95,0.2,0.475));
#10087 = VECTOR('',#10088,1.);
#10088 = DIRECTION('',(1.110223024625E-16,-1.,0.));
#10089 = CYLINDRICAL_SURFACE('',#10090,0.25);
#10090 = AXIS2_PLACEMENT_3D('',#10091,#10092,#10093);
#10091 = CARTESIAN_POINT('',(0.7,0.2,0.475));
#10092 = DIRECTION('',(-1.110223024625E-16,1.,-0.));
#10093 = DIRECTION('',(1.,1.110223024625E-16,0.));
#10094 = ADVANCED_FACE('',(#10095),#10101,.F.);
#10095 = FACE_BOUND('',#10096,.F.);
#10096 = EDGE_LOOP('',(#10097,#10098,#10099,#10100));
#10097 = ORIENTED_EDGE('',*,*,#9428,.T.);
#10098 = ORIENTED_EDGE('',*,*,#10052,.T.);
#10099 = ORIENTED_EDGE('',*,*,#10014,.F.);
#10100 = ORIENTED_EDGE('',*,*,#10066,.F.);
#10101 = B_SPLINE_SURFACE_WITH_KNOTS('',1,1,(
    (#10102,#10103)
    ,(#10104,#10105
    )),.UNSPECIFIED.,.F.,.F.,.F.,(2,2),(2,2),(0.,1.185),(0.,1.),
  .PIECEWISE_BEZIER_KNOTS.);
#10102 = CARTESIAN_POINT('',(0.5925,-1.475,0.725));
#10103 = CARTESIAN_POINT('',(0.559121551758,-1.408243103516,1.2));
#10104 = CARTESIAN_POINT('',(-0.5925,-1.475,0.725));
#10105 = CARTESIAN_POINT('',(-0.559121551758,-1.408243103516,1.2));
#10106 = ADVANCED_FACE('',(#10107),#10118,.T.);
#10107 = FACE_BOUND('',#10108,.T.);
#10108 = EDGE_LOOP('',(#10109,#10110,#10111,#10112));
#10109 = ORIENTED_EDGE('',*,*,#9511,.T.);
#10110 = ORIENTED_EDGE('',*,*,#9987,.T.);
#10111 = ORIENTED_EDGE('',*,*,#9603,.F.);
#10112 = ORIENTED_EDGE('',*,*,#10113,.F.);
#10113 = EDGE_CURVE('',#9504,#9596,#10114,.T.);
#10114 = LINE('',#10115,#10116);
#10115 = CARTESIAN_POINT('',(-0.95,-1.15,0.475));
#10116 = VECTOR('',#10117,1.);
#10117 = DIRECTION('',(1.144237745222E-17,1.,0.));
#10118 = CYLINDRICAL_SURFACE('',#10119,0.25);
#10119 = AXIS2_PLACEMENT_3D('',#10120,#10121,#10122);
#10120 = CARTESIAN_POINT('',(-0.7,-1.15,0.475));
#10121 = DIRECTION('',(-1.144237745222E-17,-1.,0.));
#10122 = DIRECTION('',(-1.,1.144237745222E-17,0.));
#10123 = ADVANCED_FACE('',(#10124),#10135,.F.);
#10124 = FACE_BOUND('',#10125,.F.);
#10125 = EDGE_LOOP('',(#10126,#10132,#10133,#10134));
#10126 = ORIENTED_EDGE('',*,*,#10127,.T.);
#10127 = EDGE_CURVE('',#9495,#9587,#10128,.T.);
#10128 = LINE('',#10129,#10130);
#10129 = CARTESIAN_POINT('',(-0.95,-1.15,0.25));
#10130 = VECTOR('',#10131,1.);
#10131 = DIRECTION('',(1.144237745222E-17,1.,0.));
#10132 = ORIENTED_EDGE('',*,*,#9595,.T.);
#10133 = ORIENTED_EDGE('',*,*,#10113,.F.);
#10134 = ORIENTED_EDGE('',*,*,#9503,.F.);
#10135 = PLANE('',#10136);
#10136 = AXIS2_PLACEMENT_3D('',#10137,#10138,#10139);
#10137 = CARTESIAN_POINT('',(-0.95,-1.15,0.25));
#10138 = DIRECTION('',(1.,-1.144237745222E-17,0.));
#10139 = DIRECTION('',(0.,0.,1.));
#10140 = ADVANCED_FACE('',(#10141),#10152,.F.);
#10141 = FACE_BOUND('',#10142,.F.);
#10142 = EDGE_LOOP('',(#10143,#10149,#10150,#10151));
#10143 = ORIENTED_EDGE('',*,*,#10144,.T.);
#10144 = EDGE_CURVE('',#9487,#9579,#10145,.T.);
#10145 = LINE('',#10146,#10147);
#10146 = CARTESIAN_POINT('',(-1.05,-1.15,0.15));
#10147 = VECTOR('',#10148,1.);
#10148 = DIRECTION('',(1.144237745222E-17,1.,0.));
#10149 = ORIENTED_EDGE('',*,*,#9586,.T.);
#10150 = ORIENTED_EDGE('',*,*,#10127,.F.);
#10151 = ORIENTED_EDGE('',*,*,#9494,.F.);
#10152 = CYLINDRICAL_SURFACE('',#10153,0.1);
#10153 = AXIS2_PLACEMENT_3D('',#10154,#10155,#10156);
#10154 = CARTESIAN_POINT('',(-1.05,-1.15,0.25));
#10155 = DIRECTION('',(-1.144237745222E-17,-1.,0.));
#10156 = DIRECTION('',(2.22044604925E-15,-2.540718180781E-32,-1.));
#10157 = ADVANCED_FACE('',(#10158),#10169,.F.);
#10158 = FACE_BOUND('',#10159,.F.);
#10159 = EDGE_LOOP('',(#10160,#10166,#10167,#10168));
#10160 = ORIENTED_EDGE('',*,*,#10161,.T.);
#10161 = EDGE_CURVE('',#9479,#9571,#10162,.T.);
#10162 = LINE('',#10163,#10164);
#10163 = CARTESIAN_POINT('',(-1.25,-1.15,0.15));
#10164 = VECTOR('',#10165,1.);
#10165 = DIRECTION('',(1.144237745222E-17,1.,0.));
#10166 = ORIENTED_EDGE('',*,*,#9578,.T.);
#10167 = ORIENTED_EDGE('',*,*,#10144,.F.);
#10168 = ORIENTED_EDGE('',*,*,#9486,.F.);
#10169 = PLANE('',#10170);
#10170 = AXIS2_PLACEMENT_3D('',#10171,#10172,#10173);
#10171 = CARTESIAN_POINT('',(-1.25,-1.15,0.15));
#10172 = DIRECTION('',(0.,0.,-1.));
#10173 = DIRECTION('',(1.,-1.144237745222E-17,0.));
#10174 = ADVANCED_FACE('',(#10175),#10186,.F.);
#10175 = FACE_BOUND('',#10176,.F.);
#10176 = EDGE_LOOP('',(#10177,#10183,#10184,#10185));
#10177 = ORIENTED_EDGE('',*,*,#10178,.T.);
#10178 = EDGE_CURVE('',#9471,#9563,#10179,.T.);
#10179 = LINE('',#10180,#10181);
#10180 = CARTESIAN_POINT('',(-1.25,-1.15,0.));
#10181 = VECTOR('',#10182,1.);
#10182 = DIRECTION('',(1.144237745222E-17,1.,0.));
#10183 = ORIENTED_EDGE('',*,*,#9570,.T.);
#10184 = ORIENTED_EDGE('',*,*,#10161,.F.);
#10185 = ORIENTED_EDGE('',*,*,#9478,.F.);
#10186 = PLANE('',#10187);
#10187 = AXIS2_PLACEMENT_3D('',#10188,#10189,#10190);
#10188 = CARTESIAN_POINT('',(-1.25,-1.15,0.));
#10189 = DIRECTION('',(1.,-1.144237745222E-17,0.));
#10190 = DIRECTION('',(0.,0.,1.));
#10191 = ADVANCED_FACE('',(#10192),#10203,.F.);
#10192 = FACE_BOUND('',#10193,.F.);
#10193 = EDGE_LOOP('',(#10194,#10200,#10201,#10202));
#10194 = ORIENTED_EDGE('',*,*,#10195,.T.);
#10195 = EDGE_CURVE('',#9462,#9554,#10196,.T.);
#10196 = LINE('',#10197,#10198);
#10197 = CARTESIAN_POINT('',(-1.05,-1.15,0.));
#10198 = VECTOR('',#10199,1.);
#10199 = DIRECTION('',(1.144237745222E-17,1.,0.));
#10200 = ORIENTED_EDGE('',*,*,#9562,.T.);
#10201 = ORIENTED_EDGE('',*,*,#10178,.F.);
#10202 = ORIENTED_EDGE('',*,*,#9470,.F.);
#10203 = PLANE('',#10204);
#10204 = AXIS2_PLACEMENT_3D('',#10205,#10206,#10207);
#10205 = CARTESIAN_POINT('',(-1.05,-1.15,0.));
#10206 = DIRECTION('',(0.,0.,1.));
#10207 = DIRECTION('',(-1.,1.144237745222E-17,0.));
#10208 = ADVANCED_FACE('',(#10209),#10215,.T.);
#10209 = FACE_BOUND('',#10210,.T.);
#10210 = EDGE_LOOP('',(#10211,#10212,#10213,#10214));
#10211 = ORIENTED_EDGE('',*,*,#9461,.T.);
#10212 = ORIENTED_EDGE('',*,*,#10195,.T.);
#10213 = ORIENTED_EDGE('',*,*,#9553,.F.);
#10214 = ORIENTED_EDGE('',*,*,#9535,.F.);
#10215 = CYLINDRICAL_SURFACE('',#10216,0.25);
#10216 = AXIS2_PLACEMENT_3D('',#10217,#10218,#10219);
#10217 = CARTESIAN_POINT('',(-1.05,-1.15,0.25));
#10218 = DIRECTION('',(-1.144237745222E-17,-1.,0.));
#10219 = DIRECTION('',(1.,-1.144237745222E-17,-4.440892098501E-16));
#10220 = ADVANCED_FACE('',(#10221),#10232,.F.);
#10221 = FACE_BOUND('',#10222,.F.);
#10222 = EDGE_LOOP('',(#10223,#10229,#10230,#10231));
#10223 = ORIENTED_EDGE('',*,*,#10224,.T.);
#10224 = EDGE_CURVE('',#9679,#9771,#10225,.T.);
#10225 = LINE('',#10226,#10227);
#10226 = CARTESIAN_POINT('',(-0.95,0.75,0.25));
#10227 = VECTOR('',#10228,1.);
#10228 = DIRECTION('',(1.144237745222E-17,1.,0.));
#10229 = ORIENTED_EDGE('',*,*,#9779,.T.);
#10230 = ORIENTED_EDGE('',*,*,#9972,.F.);
#10231 = ORIENTED_EDGE('',*,*,#9687,.F.);
#10232 = PLANE('',#10233);
#10233 = AXIS2_PLACEMENT_3D('',#10234,#10235,#10236);
#10234 = CARTESIAN_POINT('',(-0.95,0.75,0.25));
#10235 = DIRECTION('',(1.,-1.144237745222E-17,0.));
#10236 = DIRECTION('',(0.,0.,1.));
#10237 = ADVANCED_FACE('',(#10238),#10249,.F.);
#10238 = FACE_BOUND('',#10239,.F.);
#10239 = EDGE_LOOP('',(#10240,#10246,#10247,#10248));
#10240 = ORIENTED_EDGE('',*,*,#10241,.T.);
#10241 = EDGE_CURVE('',#9671,#9763,#10242,.T.);
#10242 = LINE('',#10243,#10244);
#10243 = CARTESIAN_POINT('',(-1.05,0.75,0.15));
#10244 = VECTOR('',#10245,1.);
#10245 = DIRECTION('',(1.144237745222E-17,1.,0.));
#10246 = ORIENTED_EDGE('',*,*,#9770,.T.);
#10247 = ORIENTED_EDGE('',*,*,#10224,.F.);
#10248 = ORIENTED_EDGE('',*,*,#9678,.F.);
#10249 = CYLINDRICAL_SURFACE('',#10250,0.1);
#10250 = AXIS2_PLACEMENT_3D('',#10251,#10252,#10253);
#10251 = CARTESIAN_POINT('',(-1.05,0.75,0.25));
#10252 = DIRECTION('',(-1.144237745222E-17,-1.,0.));
#10253 = DIRECTION('',(2.22044604925E-15,-2.540718180781E-32,-1.));
#10254 = ADVANCED_FACE('',(#10255),#10266,.F.);
#10255 = FACE_BOUND('',#10256,.F.);
#10256 = EDGE_LOOP('',(#10257,#10263,#10264,#10265));
#10257 = ORIENTED_EDGE('',*,*,#10258,.T.);
#10258 = EDGE_CURVE('',#9663,#9755,#10259,.T.);
#10259 = LINE('',#10260,#10261);
#10260 = CARTESIAN_POINT('',(-1.25,0.75,0.15));
#10261 = VECTOR('',#10262,1.);
#10262 = DIRECTION('',(1.144237745222E-17,1.,0.));
#10263 = ORIENTED_EDGE('',*,*,#9762,.T.);
#10264 = ORIENTED_EDGE('',*,*,#10241,.F.);
#10265 = ORIENTED_EDGE('',*,*,#9670,.F.);
#10266 = PLANE('',#10267);
#10267 = AXIS2_PLACEMENT_3D('',#10268,#10269,#10270);
#10268 = CARTESIAN_POINT('',(-1.25,0.75,0.15));
#10269 = DIRECTION('',(0.,0.,-1.));
#10270 = DIRECTION('',(1.,-1.144237745222E-17,0.));
#10271 = ADVANCED_FACE('',(#10272),#10283,.F.);
#10272 = FACE_BOUND('',#10273,.F.);
#10273 = EDGE_LOOP('',(#10274,#10280,#10281,#10282));
#10274 = ORIENTED_EDGE('',*,*,#10275,.T.);
#10275 = EDGE_CURVE('',#9655,#9747,#10276,.T.);
#10276 = LINE('',#10277,#10278);
#10277 = CARTESIAN_POINT('',(-1.25,0.75,0.));
#10278 = VECTOR('',#10279,1.);
#10279 = DIRECTION('',(1.144237745222E-17,1.,0.));
#10280 = ORIENTED_EDGE('',*,*,#9754,.T.);
#10281 = ORIENTED_EDGE('',*,*,#10258,.F.);
#10282 = ORIENTED_EDGE('',*,*,#9662,.F.);
#10283 = PLANE('',#10284);
#10284 = AXIS2_PLACEMENT_3D('',#10285,#10286,#10287);
#10285 = CARTESIAN_POINT('',(-1.25,0.75,0.));
#10286 = DIRECTION('',(1.,-1.144237745222E-17,0.));
#10287 = DIRECTION('',(0.,0.,1.));
#10288 = ADVANCED_FACE('',(#10289),#10300,.F.);
#10289 = FACE_BOUND('',#10290,.F.);
#10290 = EDGE_LOOP('',(#10291,#10297,#10298,#10299));
#10291 = ORIENTED_EDGE('',*,*,#10292,.T.);
#10292 = EDGE_CURVE('',#9646,#9738,#10293,.T.);
#10293 = LINE('',#10294,#10295);
#10294 = CARTESIAN_POINT('',(-1.05,0.75,0.));
#10295 = VECTOR('',#10296,1.);
#10296 = DIRECTION('',(1.144237745222E-17,1.,0.));
#10297 = ORIENTED_EDGE('',*,*,#9746,.T.);
#10298 = ORIENTED_EDGE('',*,*,#10275,.F.);
#10299 = ORIENTED_EDGE('',*,*,#9654,.F.);
#10300 = PLANE('',#10301);
#10301 = AXIS2_PLACEMENT_3D('',#10302,#10303,#10304);
#10302 = CARTESIAN_POINT('',(-1.05,0.75,0.));
#10303 = DIRECTION('',(0.,0.,1.));
#10304 = DIRECTION('',(-1.,1.144237745222E-17,0.));
#10305 = ADVANCED_FACE('',(#10306),#10312,.T.);
#10306 = FACE_BOUND('',#10307,.T.);
#10307 = EDGE_LOOP('',(#10308,#10309,#10310,#10311));
#10308 = ORIENTED_EDGE('',*,*,#9645,.T.);
#10309 = ORIENTED_EDGE('',*,*,#10292,.T.);
#10310 = ORIENTED_EDGE('',*,*,#9737,.F.);
#10311 = ORIENTED_EDGE('',*,*,#9719,.F.);
#10312 = CYLINDRICAL_SURFACE('',#10313,0.25);
#10313 = AXIS2_PLACEMENT_3D('',#10314,#10315,#10316);
#10314 = CARTESIAN_POINT('',(-1.05,0.75,0.25));
#10315 = DIRECTION('',(-1.144237745222E-17,-1.,0.));
#10316 = DIRECTION('',(1.,-1.144237745222E-17,-4.440892098501E-16));
#10317 = ADVANCED_FACE('',(#10318),#10329,.F.);
#10318 = FACE_BOUND('',#10319,.F.);
#10319 = EDGE_LOOP('',(#10320,#10326,#10327,#10328));
#10320 = ORIENTED_EDGE('',*,*,#10321,.T.);
#10321 = EDGE_CURVE('',#9846,#9938,#10322,.T.);
#10322 = LINE('',#10323,#10324);
#10323 = CARTESIAN_POINT('',(0.95,0.2,0.25));
#10324 = VECTOR('',#10325,1.);
#10325 = DIRECTION('',(1.110223024625E-16,-1.,0.));
#10326 = ORIENTED_EDGE('',*,*,#9946,.T.);
#10327 = ORIENTED_EDGE('',*,*,#10084,.F.);
#10328 = ORIENTED_EDGE('',*,*,#9854,.F.);
#10329 = PLANE('',#10330);
#10330 = AXIS2_PLACEMENT_3D('',#10331,#10332,#10333);
#10331 = CARTESIAN_POINT('',(0.95,0.2,0.25));
#10332 = DIRECTION('',(-1.,-1.110223024625E-16,0.));
#10333 = DIRECTION('',(0.,0.,1.));
#10334 = ADVANCED_FACE('',(#10335),#10346,.F.);
#10335 = FACE_BOUND('',#10336,.F.);
#10336 = EDGE_LOOP('',(#10337,#10343,#10344,#10345));
#10337 = ORIENTED_EDGE('',*,*,#10338,.T.);
#10338 = EDGE_CURVE('',#9838,#9930,#10339,.T.);
#10339 = LINE('',#10340,#10341);
#10340 = CARTESIAN_POINT('',(1.05,0.2,0.15));
#10341 = VECTOR('',#10342,1.);
#10342 = DIRECTION('',(1.110223024625E-16,-1.,0.));
#10343 = ORIENTED_EDGE('',*,*,#9937,.T.);
#10344 = ORIENTED_EDGE('',*,*,#10321,.F.);
#10345 = ORIENTED_EDGE('',*,*,#9845,.F.);
#10346 = CYLINDRICAL_SURFACE('',#10347,0.1);
#10347 = AXIS2_PLACEMENT_3D('',#10348,#10349,#10350);
#10348 = CARTESIAN_POINT('',(1.05,0.2,0.25));
#10349 = DIRECTION('',(-1.110223024625E-16,1.,0.));
#10350 = DIRECTION('',(-2.22044604925E-15,-2.465190328815E-31,-1.));
#10351 = ADVANCED_FACE('',(#10352),#10363,.F.);
#10352 = FACE_BOUND('',#10353,.F.);
#10353 = EDGE_LOOP('',(#10354,#10360,#10361,#10362));
#10354 = ORIENTED_EDGE('',*,*,#10355,.T.);
#10355 = EDGE_CURVE('',#9830,#9922,#10356,.T.);
#10356 = LINE('',#10357,#10358);
#10357 = CARTESIAN_POINT('',(1.25,0.2,0.15));
#10358 = VECTOR('',#10359,1.);
#10359 = DIRECTION('',(1.110223024625E-16,-1.,0.));
#10360 = ORIENTED_EDGE('',*,*,#9929,.T.);
#10361 = ORIENTED_EDGE('',*,*,#10338,.F.);
#10362 = ORIENTED_EDGE('',*,*,#9837,.F.);
#10363 = PLANE('',#10364);
#10364 = AXIS2_PLACEMENT_3D('',#10365,#10366,#10367);
#10365 = CARTESIAN_POINT('',(1.25,0.2,0.15));
#10366 = DIRECTION('',(0.,0.,-1.));
#10367 = DIRECTION('',(-1.,-1.110223024625E-16,-0.));
#10368 = ADVANCED_FACE('',(#10369),#10380,.F.);
#10369 = FACE_BOUND('',#10370,.F.);
#10370 = EDGE_LOOP('',(#10371,#10377,#10378,#10379));
#10371 = ORIENTED_EDGE('',*,*,#10372,.T.);
#10372 = EDGE_CURVE('',#9822,#9914,#10373,.T.);
#10373 = LINE('',#10374,#10375);
#10374 = CARTESIAN_POINT('',(1.25,0.2,0.));
#10375 = VECTOR('',#10376,1.);
#10376 = DIRECTION('',(1.110223024625E-16,-1.,0.));
#10377 = ORIENTED_EDGE('',*,*,#9921,.T.);
#10378 = ORIENTED_EDGE('',*,*,#10355,.F.);
#10379 = ORIENTED_EDGE('',*,*,#9829,.F.);
#10380 = PLANE('',#10381);
#10381 = AXIS2_PLACEMENT_3D('',#10382,#10383,#10384);
#10382 = CARTESIAN_POINT('',(1.25,0.2,0.));
#10383 = DIRECTION('',(-1.,-1.110223024625E-16,0.));
#10384 = DIRECTION('',(0.,0.,1.));
#10385 = ADVANCED_FACE('',(#10386),#10397,.F.);
#10386 = FACE_BOUND('',#10387,.F.);
#10387 = EDGE_LOOP('',(#10388,#10394,#10395,#10396));
#10388 = ORIENTED_EDGE('',*,*,#10389,.T.);
#10389 = EDGE_CURVE('',#9813,#9905,#10390,.T.);
#10390 = LINE('',#10391,#10392);
#10391 = CARTESIAN_POINT('',(1.05,0.2,0.));
#10392 = VECTOR('',#10393,1.);
#10393 = DIRECTION('',(1.110223024625E-16,-1.,0.));
#10394 = ORIENTED_EDGE('',*,*,#9913,.T.);
#10395 = ORIENTED_EDGE('',*,*,#10372,.F.);
#10396 = ORIENTED_EDGE('',*,*,#9821,.F.);
#10397 = PLANE('',#10398);
#10398 = AXIS2_PLACEMENT_3D('',#10399,#10400,#10401);
#10399 = CARTESIAN_POINT('',(1.05,0.2,0.));
#10400 = DIRECTION('',(0.,0.,1.));
#10401 = DIRECTION('',(1.,1.110223024625E-16,-0.));
#10402 = ADVANCED_FACE('',(#10403),#10409,.T.);
#10403 = FACE_BOUND('',#10404,.T.);
#10404 = EDGE_LOOP('',(#10405,#10406,#10407,#10408));
#10405 = ORIENTED_EDGE('',*,*,#9812,.T.);
#10406 = ORIENTED_EDGE('',*,*,#10389,.T.);
#10407 = ORIENTED_EDGE('',*,*,#9904,.F.);
#10408 = ORIENTED_EDGE('',*,*,#9886,.F.);
#10409 = CYLINDRICAL_SURFACE('',#10410,0.25);
#10410 = AXIS2_PLACEMENT_3D('',#10411,#10412,#10413);
#10411 = CARTESIAN_POINT('',(1.05,0.2,0.25));
#10412 = DIRECTION('',(-1.110223024625E-16,1.,-0.));
#10413 = DIRECTION('',(-1.,-1.110223024625E-16,-4.440892098501E-16));
#10414 = ADVANCED_FACE('',(#10415),#10418,.F.);
#10415 = FACE_BOUND('',#10416,.T.);
#10416 = EDGE_LOOP('',(#10417));
#10417 = ORIENTED_EDGE('',*,*,#10032,.F.);
#10418 = PLANE('',#10419);
#10419 = AXIS2_PLACEMENT_3D('',#10420,#10421,#10422);
#10420 = CARTESIAN_POINT('',(-0.428243103516,1.228243103516,1.2));
#10421 = DIRECTION('',(0.,0.,-1.));
#10422 = DIRECTION('',(1.110223024625E-16,-1.,0.));
#10423 = ( GEOMETRIC_REPRESENTATION_CONTEXT(3) 
GLOBAL_UNCERTAINTY_ASSIGNED_CONTEXT((#10427)) 
GLOBAL_UNIT_ASSIGNED_CONTEXT((#10424,#10425,#10426)) 
REPRESENTATION_CONTEXT('Context #1',
  '3D Context with UNIT and UNCERTAINTY') );
#10424 = ( LENGTH_UNIT() NAMED_UNIT(*) SI_UNIT(.MILLI.,.METRE.) );
#10425 = ( NAMED_UNIT(*) PLANE_ANGLE_UNIT() SI_UNIT($,.RADIAN.) );
#10426 = ( NAMED_UNIT(*) SI_UNIT($,.STERADIAN.) SOLID_ANGLE_UNIT() );
#10427 = UNCERTAINTY_MEASURE_WITH_UNIT(LENGTH_MEASURE(1.E-07),#10424,
  'distance_accuracy_value','confusion accuracy');
#10428 = CONTEXT_DEPENDENT_SHAPE_REPRESENTATION(#10429,#10431);
#10429 = ( REPRESENTATION_RELATIONSHIP('','',#8440,#10) 
REPRESENTATION_RELATIONSHIP_WITH_TRANSFORMATION(#10430) 
SHAPE_REPRESENTATION_RELATIONSHIP() );
#10430 = ITEM_DEFINED_TRANSFORMATION('','',#11,#83);
#10431 = PRODUCT_DEFINITION_SHAPE('Placement','Placement of an item',
  #10432);
#10432 = NEXT_ASSEMBLY_USAGE_OCCURRENCE('23','Q1','',#5,#8435,$);
#10433 = PRODUCT_RELATED_PRODUCT_CATEGORY('part',$,(#8437));
#10434 = CONTEXT_DEPENDENT_SHAPE_REPRESENTATION(#10435,#10437);
#10435 = ( REPRESENTATION_RELATIONSHIP('','',#1839,#10) 
REPRESENTATION_RELATIONSHIP_WITH_TRANSFORMATION(#10436) 
SHAPE_REPRESENTATION_RELATIONSHIP() );
#10436 = ITEM_DEFINED_TRANSFORMATION('','',#11,#87);
#10437 = PRODUCT_DEFINITION_SHAPE('Placement','Placement of an item',
  #10438);
#10438 = NEXT_ASSEMBLY_USAGE_OCCURRENCE('24','R5','',#5,#1834,$);
#10439 = CONTEXT_DEPENDENT_SHAPE_REPRESENTATION(#10440,#10442);
#10440 = ( REPRESENTATION_RELATIONSHIP('','',#1839,#10) 
REPRESENTATION_RELATIONSHIP_WITH_TRANSFORMATION(#10441) 
SHAPE_REPRESENTATION_RELATIONSHIP() );
#10441 = ITEM_DEFINED_TRANSFORMATION('','',#11,#91);
#10442 = PRODUCT_DEFINITION_SHAPE('Placement','Placement of an item',
  #10443);
#10443 = NEXT_ASSEMBLY_USAGE_OCCURRENCE('25','R3','',#5,#1834,$);
#10444 = CONTEXT_DEPENDENT_SHAPE_REPRESENTATION(#10445,#10447);
#10445 = ( REPRESENTATION_RELATIONSHIP('','',#941,#10) 
REPRESENTATION_RELATIONSHIP_WITH_TRANSFORMATION(#10446) 
SHAPE_REPRESENTATION_RELATIONSHIP() );
#10446 = ITEM_DEFINED_TRANSFORMATION('','',#11,#95);
#10447 = PRODUCT_DEFINITION_SHAPE('Placement','Placement of an item',
  #10448);
#10448 = NEXT_ASSEMBLY_USAGE_OCCURRENCE('26','C8','',#5,#936,$);
#10449 = CONTEXT_DEPENDENT_SHAPE_REPRESENTATION(#10450,#10452);
#10450 = ( REPRESENTATION_RELATIONSHIP('','',#941,#10) 
REPRESENTATION_RELATIONSHIP_WITH_TRANSFORMATION(#10451) 
SHAPE_REPRESENTATION_RELATIONSHIP() );
#10451 = ITEM_DEFINED_TRANSFORMATION('','',#11,#99);
#10452 = PRODUCT_DEFINITION_SHAPE('Placement','Placement of an item',
  #10453);
#10453 = NEXT_ASSEMBLY_USAGE_OCCURRENCE('27','C10','',#5,#936,$);
#10454 = CONTEXT_DEPENDENT_SHAPE_REPRESENTATION(#10455,#10457);
#10455 = ( REPRESENTATION_RELATIONSHIP('','',#1839,#10) 
REPRESENTATION_RELATIONSHIP_WITH_TRANSFORMATION(#10456) 
SHAPE_REPRESENTATION_RELATIONSHIP() );
#10456 = ITEM_DEFINED_TRANSFORMATION('','',#11,#103);
#10457 = PRODUCT_DEFINITION_SHAPE('Placement','Placement of an item',
  #10458);
#10458 = NEXT_ASSEMBLY_USAGE_OCCURRENCE('28','R8','',#5,#1834,$);
#10459 = SHAPE_DEFINITION_REPRESENTATION(#10460,#10466);
#10460 = PRODUCT_DEFINITION_SHAPE('','',#10461);
#10461 = PRODUCT_DEFINITION('design','',#10462,#10465);
#10462 = PRODUCT_DEFINITION_FORMATION('','',#10463);
#10463 = PRODUCT('CP_Elec_6.3x5.4','CP_Elec_6.3x5.4','',(#10464));
#10464 = PRODUCT_CONTEXT('',#2,'mechanical');
#10465 = PRODUCT_DEFINITION_CONTEXT('part definition',#2,'design');
#10466 = ADVANCED_BREP_SHAPE_REPRESENTATION('',(#11,#10467),#11832);
#10467 = MANIFOLD_SOLID_BREP('',#10468);
#10468 = CLOSED_SHELL('',(#10469,#10512,#10538,#10611,#10690,#10730,
    #10809,#10834,#10859,#10915,#10971,#10996,#11021,#11086,#11159,
    #11245,#11262,#11293,#11305,#11322,#11334,#11352,#11364,#11382,
    #11394,#11425,#11477,#11509,#11534,#11559,#11591,#11616,#11641,
    #11658,#11675,#11723,#11764,#11782,#11794,#11806,#11822));
#10469 = ADVANCED_FACE('',(#10470),#10507,.T.);
#10470 = FACE_BOUND('',#10471,.T.);
#10471 = EDGE_LOOP('',(#10472,#10491,#10499,#10506));
#10472 = ORIENTED_EDGE('',*,*,#10473,.T.);
#10473 = EDGE_CURVE('',#10474,#10474,#10476,.T.);
#10474 = VERTEX_POINT('',#10475);
#10475 = CARTESIAN_POINT('',(-3.15,3.857637417314E-16,1.524229818947));
#10476 = ( BOUNDED_CURVE() B_SPLINE_CURVE(13,(#10477,#10478,#10479,
    #10480,#10481,#10482,#10483,#10484,#10485,#10486,#10487,#10488,
#10489,#10490),.UNSPECIFIED.,.T.,.F.) B_SPLINE_CURVE_WITH_KNOTS((1,13,13
    ,1),(-19.79203371761,3.914259941243E-16,19.792033717616,
39.584067435232),.UNSPECIFIED.) CURVE() GEOMETRIC_REPRESENTATION_ITEM() 
RATIONAL_B_SPLINE_CURVE((1.,1.,1.000000000001,0.999999999998,
    1.000000000004,0.999999999994,1.000000000007,0.999999999994,
    1.000000000005,0.999999999997,1.000000000001,1.,1.,1.)) 
REPRESENTATION_ITEM('') );
#10477 = CARTESIAN_POINT('',(-3.15,3.857637417314E-16,1.524229818947));
#10478 = CARTESIAN_POINT('',(-3.150000000001,1.500440617323,
    1.524229818947));
#10479 = CARTESIAN_POINT('',(-2.374522784297,3.035482525996,
    1.524229818947));
#10480 = CARTESIAN_POINT('',(-0.778699260131,4.133102804312,
    1.524229818947));
#10481 = CARTESIAN_POINT('',(1.417356467597,4.301676360908,
    1.524229818947));
#10482 = CARTESIAN_POINT('',(3.31448722842,3.131786890306,1.524229818947
    ));
#10483 = CARTESIAN_POINT('',(4.705833357228,1.424009627084,
    1.524229818947));
#10484 = CARTESIAN_POINT('',(4.705833357258,-1.424009627102,
    1.524229818947));
#10485 = CARTESIAN_POINT('',(3.31448722841,-3.131786890275,
    1.524229818947));
#10486 = CARTESIAN_POINT('',(1.417356467592,-4.301676360935,
    1.524229818947));
#10487 = CARTESIAN_POINT('',(-0.778699260122,-4.1331028043,
    1.524229818947));
#10488 = CARTESIAN_POINT('',(-2.374522784302,-3.035482526,1.524229818947
    ));
#10489 = CARTESIAN_POINT('',(-3.15,-1.500440617323,1.524229818947));
#10490 = CARTESIAN_POINT('',(-3.15,3.857637417314E-16,1.524229818947));
#10491 = ORIENTED_EDGE('',*,*,#10492,.F.);
#10492 = EDGE_CURVE('',#10493,#10474,#10495,.T.);
#10493 = VERTEX_POINT('',#10494);
#10494 = CARTESIAN_POINT('',(-3.15,3.857637417314E-16,1.07));
#10495 = LINE('',#10496,#10497);
#10496 = CARTESIAN_POINT('',(-3.15,3.857637417314E-16,0.65));
#10497 = VECTOR('',#10498,1.);
#10498 = DIRECTION('',(0.,0.,1.));
#10499 = ORIENTED_EDGE('',*,*,#10500,.F.);
#10500 = EDGE_CURVE('',#10493,#10493,#10501,.T.);
#10501 = CIRCLE('',#10502,3.15);
#10502 = AXIS2_PLACEMENT_3D('',#10503,#10504,#10505);
#10503 = CARTESIAN_POINT('',(0.,0.,1.07));
#10504 = DIRECTION('',(0.,0.,-1.));
#10505 = DIRECTION('',(-1.,1.224646799147E-16,0.));
#10506 = ORIENTED_EDGE('',*,*,#10492,.T.);
#10507 = CYLINDRICAL_SURFACE('',#10508,3.15);
#10508 = AXIS2_PLACEMENT_3D('',#10509,#10510,#10511);
#10509 = CARTESIAN_POINT('',(0.,0.,0.65));
#10510 = DIRECTION('',(0.,0.,1.));
#10511 = DIRECTION('',(-1.,1.224646799147E-16,0.));
#10512 = ADVANCED_FACE('',(#10513),#10533,.T.);
#10513 = FACE_BOUND('',#10514,.T.);
#10514 = EDGE_LOOP('',(#10515,#10516,#10525,#10532));
#10515 = ORIENTED_EDGE('',*,*,#10500,.T.);
#10516 = ORIENTED_EDGE('',*,*,#10517,.T.);
#10517 = EDGE_CURVE('',#10493,#10518,#10520,.T.);
#10518 = VERTEX_POINT('',#10519);
#10519 = CARTESIAN_POINT('',(-2.73,3.343285761672E-16,0.65));
#10520 = CIRCLE('',#10521,0.42);
#10521 = AXIS2_PLACEMENT_3D('',#10522,#10523,#10524);
#10522 = CARTESIAN_POINT('',(-2.73,3.343285761672E-16,1.07));
#10523 = DIRECTION('',(-1.224646799147E-16,-1.,-0.));
#10524 = DIRECTION('',(-1.,1.224646799147E-16,0.));
#10525 = ORIENTED_EDGE('',*,*,#10526,.F.);
#10526 = EDGE_CURVE('',#10518,#10518,#10527,.T.);
#10527 = CIRCLE('',#10528,2.73);
#10528 = AXIS2_PLACEMENT_3D('',#10529,#10530,#10531);
#10529 = CARTESIAN_POINT('',(0.,0.,0.65));
#10530 = DIRECTION('',(0.,0.,-1.));
#10531 = DIRECTION('',(-1.,1.224646799147E-16,0.));
#10532 = ORIENTED_EDGE('',*,*,#10517,.F.);
#10533 = TOROIDAL_SURFACE('',#10534,2.73,0.42);
#10534 = AXIS2_PLACEMENT_3D('',#10535,#10536,#10537);
#10535 = CARTESIAN_POINT('',(0.,0.,1.07));
#10536 = DIRECTION('',(0.,0.,-1.));
#10537 = DIRECTION('',(-1.,1.224646799147E-16,0.));
#10538 = ADVANCED_FACE('',(#10539),#10568,.T.);
#10539 = FACE_BOUND('',#10540,.T.);
#10540 = EDGE_LOOP('',(#10541,#10549,#10566,#10567));
#10541 = ORIENTED_EDGE('',*,*,#10542,.T.);
#10542 = EDGE_CURVE('',#10474,#10543,#10545,.T.);
#10543 = VERTEX_POINT('',#10544);
#10544 = CARTESIAN_POINT('',(-3.125454545455,3.827577904971E-16,
    1.551118017225));
#10545 = ( BOUNDED_CURVE() B_SPLINE_CURVE(2,(#10546,#10547,#10548),
.UNSPECIFIED.,.F.,.F.) B_SPLINE_CURVE_WITH_KNOTS((3,3),(0.,
19.792033717616),.PIECEWISE_BEZIER_KNOTS.) CURVE() 
GEOMETRIC_REPRESENTATION_ITEM() RATIONAL_B_SPLINE_CURVE((1.,
0.738548945876,1.)) REPRESENTATION_ITEM('') );
#10546 = CARTESIAN_POINT('',(-3.15,3.857637417314E-16,1.524229818947));
#10547 = CARTESIAN_POINT('',(-3.15,-2.56951306118E-16,1.548877334035));
#10548 = CARTESIAN_POINT('',(-3.125454545455,3.827577904971E-16,
    1.551118017225));
#10549 = ORIENTED_EDGE('',*,*,#10550,.T.);
#10550 = EDGE_CURVE('',#10543,#10543,#10551,.T.);
#10551 = ( BOUNDED_CURVE() B_SPLINE_CURVE(13,(#10552,#10553,#10554,
    #10555,#10556,#10557,#10558,#10559,#10560,#10561,#10562,#10563,
#10564,#10565),.UNSPECIFIED.,.T.,.F.) B_SPLINE_CURVE_WITH_KNOTS((1,13,13
    ,1),(-19.79203371761,3.914259941243E-16,19.792033717616,
39.584067435232),.UNSPECIFIED.) CURVE() GEOMETRIC_REPRESENTATION_ITEM() 
RATIONAL_B_SPLINE_CURVE((1.,1.,1.000000000001,0.999999999998,
    1.000000000004,0.999999999994,1.000000000007,0.999999999994,
    1.000000000005,0.999999999997,1.000000000001,1.,1.,1.)) 
REPRESENTATION_ITEM('') );
#10552 = CARTESIAN_POINT('',(-3.125454545455,3.827577904971E-16,
    1.551118017225));
#10553 = CARTESIAN_POINT('',(-3.125454545456,1.488748872253,
    1.551118017225));
#10554 = CARTESIAN_POINT('',(-2.356020009354,3.011829415404,
    1.551118017225));
#10555 = CARTESIAN_POINT('',(-0.77263147369,4.100896808435,
    1.551118017225));
#10556 = CARTESIAN_POINT('',(1.406312131489,4.268156804849,
    1.551118017225));
#10557 = CARTESIAN_POINT('',(3.288660055207,3.107383356095,
    1.551118017225));
#10558 = CARTESIAN_POINT('',(4.66916452588,1.412913448174,1.551118017225
    ));
#10559 = CARTESIAN_POINT('',(4.669164525896,-1.412913448192,
    1.551118017225));
#10560 = CARTESIAN_POINT('',(3.288660055207,-3.107383356062,
    1.551118017225));
#10561 = CARTESIAN_POINT('',(1.406312131477,-4.268156804878,
    1.551118017225));
#10562 = CARTESIAN_POINT('',(-0.772631473677,-4.100896808421,
    1.551118017225));
#10563 = CARTESIAN_POINT('',(-2.35602000936,-3.011829415408,
    1.551118017225));
#10564 = CARTESIAN_POINT('',(-3.125454545454,-1.488748872253,
    1.551118017225));
#10565 = CARTESIAN_POINT('',(-3.125454545455,3.827577904971E-16,
    1.551118017225));
#10566 = ORIENTED_EDGE('',*,*,#10542,.F.);
#10567 = ORIENTED_EDGE('',*,*,#10473,.F.);
#10568 = ( BOUNDED_SURFACE() B_SPLINE_SURFACE(2,13,(
    (#10569,#10570,#10571,#10572,#10573,#10574,#10575,#10576,#10577
      ,#10578,#10579,#10580,#10581,#10582)
    ,(#10583,#10584,#10585,#10586,#10587,#10588,#10589,#10590,#10591
      ,#10592,#10593,#10594,#10595,#10596)
    ,(#10597,#10598,#10599,#10600,#10601,#10602,#10603,#10604,#10605
      ,#10606,#10607,#10608,#10609,#10610
)),.UNSPECIFIED.,.F.,.T.,.F.) B_SPLINE_SURFACE_WITH_KNOTS((3,3),(1,13,13
    ,1),(0.,19.792033717616),(-19.79203371761,3.914259941243E-16,
    19.792033717616,39.584067435232),.UNSPECIFIED.) 
GEOMETRIC_REPRESENTATION_ITEM() RATIONAL_B_SPLINE_SURFACE((
    (1.,1.,1.000000000001,0.999999999998,1.000000000004,0.999999999994
      ,1.000000000007,0.999999999994,1.000000000005,0.999999999997
      ,1.000000000001,1.,1.,1.)
    ,(0.738548945876,0.738548945876,0.738548945877,0.738548945875
      ,0.738548945879,0.738548945872,0.738548945881,0.738548945872
      ,0.738548945879,0.738548945874,0.738548945877,0.738548945876
      ,0.738548945876,0.738548945876)
    ,(1.,1.,1.000000000001,0.999999999998,1.000000000004,0.999999999994
      ,1.000000000007,0.999999999994,1.000000000005,0.999999999997
,1.000000000001,1.,1.,1.))) REPRESENTATION_ITEM('') SURFACE() );
#10569 = CARTESIAN_POINT('',(-3.15,3.857637417314E-16,1.524229818947));
#10570 = CARTESIAN_POINT('',(-3.150000000001,1.500440617323,
    1.524229818947));
#10571 = CARTESIAN_POINT('',(-2.374522784297,3.035482525996,
    1.524229818947));
#10572 = CARTESIAN_POINT('',(-0.778699260131,4.133102804312,
    1.524229818947));
#10573 = CARTESIAN_POINT('',(1.417356467597,4.301676360908,
    1.524229818947));
#10574 = CARTESIAN_POINT('',(3.31448722842,3.131786890306,1.524229818947
    ));
#10575 = CARTESIAN_POINT('',(4.705833357228,1.424009627084,
    1.524229818947));
#10576 = CARTESIAN_POINT('',(4.705833357258,-1.424009627102,
    1.524229818947));
#10577 = CARTESIAN_POINT('',(3.31448722841,-3.131786890275,
    1.524229818947));
#10578 = CARTESIAN_POINT('',(1.417356467592,-4.301676360935,
    1.524229818947));
#10579 = CARTESIAN_POINT('',(-0.778699260122,-4.1331028043,
    1.524229818947));
#10580 = CARTESIAN_POINT('',(-2.374522784302,-3.035482526,1.524229818947
    ));
#10581 = CARTESIAN_POINT('',(-3.15,-1.500440617323,1.524229818947));
#10582 = CARTESIAN_POINT('',(-3.15,3.857637417314E-16,1.524229818947));
#10583 = CARTESIAN_POINT('',(-3.15,-2.56951306118E-16,1.548877334035));
#10584 = CARTESIAN_POINT('',(-3.150000000001,1.500440617323,
    1.548877334035));
#10585 = CARTESIAN_POINT('',(-2.374522784294,3.035482525997,
    1.548877334035));
#10586 = CARTESIAN_POINT('',(-0.778699260137,4.133102804311,
    1.548877334035));
#10587 = CARTESIAN_POINT('',(1.417356467609,4.301676360911,
    1.548877334035));
#10588 = CARTESIAN_POINT('',(3.314487228401,3.131786890301,
    1.548877334035));
#10589 = CARTESIAN_POINT('',(4.705833357253,1.42400962709,1.548877334035
    ));
#10590 = CARTESIAN_POINT('',(4.705833357233,-1.424009627108,
    1.548877334035));
#10591 = CARTESIAN_POINT('',(3.31448722843,-3.13178689027,1.548877334035
    ));
#10592 = CARTESIAN_POINT('',(1.417356467579,-4.301676360939,
    1.548877334035));
#10593 = CARTESIAN_POINT('',(-0.778699260116,-4.133102804298,
    1.548877334035));
#10594 = CARTESIAN_POINT('',(-2.374522784304,-3.035482526,1.548877334035
    ));
#10595 = CARTESIAN_POINT('',(-3.149999999999,-1.500440617322,
    1.548877334035));
#10596 = CARTESIAN_POINT('',(-3.15,-2.56951306118E-16,1.548877334035));
#10597 = CARTESIAN_POINT('',(-3.125454545455,3.827577904971E-16,
    1.551118017225));
#10598 = CARTESIAN_POINT('',(-3.125454545456,1.488748872253,
    1.551118017225));
#10599 = CARTESIAN_POINT('',(-2.356020009354,3.011829415404,
    1.551118017225));
#10600 = CARTESIAN_POINT('',(-0.77263147369,4.100896808435,
    1.551118017225));
#10601 = CARTESIAN_POINT('',(1.406312131489,4.268156804849,
    1.551118017225));
#10602 = CARTESIAN_POINT('',(3.288660055207,3.107383356095,
    1.551118017225));
#10603 = CARTESIAN_POINT('',(4.66916452588,1.412913448174,1.551118017225
    ));
#10604 = CARTESIAN_POINT('',(4.669164525896,-1.412913448192,
    1.551118017225));
#10605 = CARTESIAN_POINT('',(3.288660055207,-3.107383356062,
    1.551118017225));
#10606 = CARTESIAN_POINT('',(1.406312131477,-4.268156804878,
    1.551118017225));
#10607 = CARTESIAN_POINT('',(-0.772631473677,-4.100896808421,
    1.551118017225));
#10608 = CARTESIAN_POINT('',(-2.35602000936,-3.011829415408,
    1.551118017225));
#10609 = CARTESIAN_POINT('',(-3.125454545454,-1.488748872253,
    1.551118017225));
#10610 = CARTESIAN_POINT('',(-3.125454545455,3.827577904971E-16,
    1.551118017225));
#10611 = ADVANCED_FACE('',(#10612,#10682),#10685,.T.);
#10612 = FACE_BOUND('',#10613,.T.);
#10613 = EDGE_LOOP('',(#10614,#10624,#10633,#10641,#10650,#10658,#10667,
    #10675));
#10614 = ORIENTED_EDGE('',*,*,#10615,.T.);
#10615 = EDGE_CURVE('',#10616,#10618,#10620,.T.);
#10616 = VERTEX_POINT('',#10617);
#10617 = CARTESIAN_POINT('',(-3.3,0.576628129734,0.65));
#10618 = VERTEX_POINT('',#10619);
#10619 = CARTESIAN_POINT('',(-3.3,-0.576628129734,0.65));
#10620 = LINE('',#10621,#10622);
#10621 = CARTESIAN_POINT('',(-3.3,1.15,0.65));
#10622 = VECTOR('',#10623,1.);
#10623 = DIRECTION('',(-1.224646799147E-16,-1.,0.));
#10624 = ORIENTED_EDGE('',*,*,#10625,.T.);
#10625 = EDGE_CURVE('',#10618,#10626,#10628,.T.);
#10626 = VERTEX_POINT('',#10627);
#10627 = CARTESIAN_POINT('',(-0.576628129734,-3.3,0.65));
#10628 = CIRCLE('',#10629,3.35);
#10629 = AXIS2_PLACEMENT_3D('',#10630,#10631,#10632);
#10630 = CARTESIAN_POINT('',(0.,0.,0.65));
#10631 = DIRECTION('',(0.,0.,1.));
#10632 = DIRECTION('',(-1.,1.224646799147E-16,0.));
#10633 = ORIENTED_EDGE('',*,*,#10634,.T.);
#10634 = EDGE_CURVE('',#10626,#10635,#10637,.T.);
#10635 = VERTEX_POINT('',#10636);
#10636 = CARTESIAN_POINT('',(0.576628129734,-3.3,0.65));
#10637 = LINE('',#10638,#10639);
#10638 = CARTESIAN_POINT('',(-1.15,-3.3,0.65));
#10639 = VECTOR('',#10640,1.);
#10640 = DIRECTION('',(1.,-1.224646799147E-16,0.));
#10641 = ORIENTED_EDGE('',*,*,#10642,.T.);
#10642 = EDGE_CURVE('',#10635,#10643,#10645,.T.);
#10643 = VERTEX_POINT('',#10644);
#10644 = CARTESIAN_POINT('',(3.3,-0.576628129734,0.65));
#10645 = CIRCLE('',#10646,3.35);
#10646 = AXIS2_PLACEMENT_3D('',#10647,#10648,#10649);
#10647 = CARTESIAN_POINT('',(0.,0.,0.65));
#10648 = DIRECTION('',(0.,0.,1.));
#10649 = DIRECTION('',(-1.,1.224646799147E-16,0.));
#10650 = ORIENTED_EDGE('',*,*,#10651,.T.);
#10651 = EDGE_CURVE('',#10643,#10652,#10654,.T.);
#10652 = VERTEX_POINT('',#10653);
#10653 = CARTESIAN_POINT('',(3.3,0.576628129734,0.65));
#10654 = LINE('',#10655,#10656);
#10655 = CARTESIAN_POINT('',(3.3,-1.65,0.65));
#10656 = VECTOR('',#10657,1.);
#10657 = DIRECTION('',(1.224646799147E-16,1.,0.));
#10658 = ORIENTED_EDGE('',*,*,#10659,.T.);
#10659 = EDGE_CURVE('',#10652,#10660,#10662,.T.);
#10660 = VERTEX_POINT('',#10661);
#10661 = CARTESIAN_POINT('',(0.576628129734,3.3,0.65));
#10662 = CIRCLE('',#10663,3.35);
#10663 = AXIS2_PLACEMENT_3D('',#10664,#10665,#10666);
#10664 = CARTESIAN_POINT('',(0.,0.,0.65));
#10665 = DIRECTION('',(0.,0.,1.));
#10666 = DIRECTION('',(-1.,1.224646799147E-16,0.));
#10667 = ORIENTED_EDGE('',*,*,#10668,.T.);
#10668 = EDGE_CURVE('',#10660,#10669,#10671,.T.);
#10669 = VERTEX_POINT('',#10670);
#10670 = CARTESIAN_POINT('',(-0.576628129734,3.3,0.65));
#10671 = LINE('',#10672,#10673);
#10672 = CARTESIAN_POINT('',(1.65,3.3,0.65));
#10673 = VECTOR('',#10674,1.);
#10674 = DIRECTION('',(-1.,1.224646799147E-16,0.));
#10675 = ORIENTED_EDGE('',*,*,#10676,.T.);
#10676 = EDGE_CURVE('',#10669,#10616,#10677,.T.);
#10677 = CIRCLE('',#10678,3.35);
#10678 = AXIS2_PLACEMENT_3D('',#10679,#10680,#10681);
#10679 = CARTESIAN_POINT('',(0.,0.,0.65));
#10680 = DIRECTION('',(0.,0.,1.));
#10681 = DIRECTION('',(-1.,1.224646799147E-16,0.));
#10682 = FACE_BOUND('',#10683,.T.);
#10683 = EDGE_LOOP('',(#10684));
#10684 = ORIENTED_EDGE('',*,*,#10526,.T.);
#10685 = PLANE('',#10686);
#10686 = AXIS2_PLACEMENT_3D('',#10687,#10688,#10689);
#10687 = CARTESIAN_POINT('',(2.040955421701E-16,-6.734331626528E-17,0.65
    ));
#10688 = DIRECTION('',(0.,0.,1.));
#10689 = DIRECTION('',(-1.,1.224646799147E-16,0.));
#10690 = ADVANCED_FACE('',(#10691),#10721,.F.);
#10691 = FACE_BOUND('',#10692,.F.);
#10692 = EDGE_LOOP('',(#10693,#10702,#10703,#10704));
#10693 = ORIENTED_EDGE('',*,*,#10694,.F.);
#10694 = EDGE_CURVE('',#10543,#10695,#10697,.T.);
#10695 = VERTEX_POINT('',#10696);
#10696 = CARTESIAN_POINT('',(-3.125454545455,3.827577904971E-16,
    2.088881982775));
#10697 = CIRCLE('',#10698,0.27);
#10698 = AXIS2_PLACEMENT_3D('',#10699,#10700,#10701);
#10699 = CARTESIAN_POINT('',(-3.15,3.857637417314E-16,1.82));
#10700 = DIRECTION('',(-1.224646799147E-16,-1.,0.));
#10701 = DIRECTION('',(-1.644774851297E-15,2.014268256958E-31,-1.));
#10702 = ORIENTED_EDGE('',*,*,#10550,.T.);
#10703 = ORIENTED_EDGE('',*,*,#10694,.T.);
#10704 = ORIENTED_EDGE('',*,*,#10705,.F.);
#10705 = EDGE_CURVE('',#10695,#10695,#10706,.T.);
#10706 = ( BOUNDED_CURVE() B_SPLINE_CURVE(13,(#10707,#10708,#10709,
    #10710,#10711,#10712,#10713,#10714,#10715,#10716,#10717,#10718,
#10719,#10720),.UNSPECIFIED.,.T.,.F.) B_SPLINE_CURVE_WITH_KNOTS((1,13,13
    ,1),(-19.79203371761,3.914259941243E-16,19.792033717616,
39.584067435232),.UNSPECIFIED.) CURVE() GEOMETRIC_REPRESENTATION_ITEM() 
RATIONAL_B_SPLINE_CURVE((1.,1.,1.000000000001,0.999999999998,
    1.000000000004,0.999999999994,1.000000000007,0.999999999994,
    1.000000000005,0.999999999997,1.000000000001,1.,1.,1.)) 
REPRESENTATION_ITEM('') );
#10707 = CARTESIAN_POINT('',(-3.125454545455,3.827577904971E-16,
    2.088881982775));
#10708 = CARTESIAN_POINT('',(-3.125454545455,1.488748872253,
    2.088881982775));
#10709 = CARTESIAN_POINT('',(-2.356020009354,3.011829415403,
    2.088881982775));
#10710 = CARTESIAN_POINT('',(-0.772631473689,4.100896808437,
    2.088881982775));
#10711 = CARTESIAN_POINT('',(1.406312131487,4.268156804844,
    2.088881982775));
#10712 = CARTESIAN_POINT('',(3.288660055209,3.107383356103,
    2.088881982775));
#10713 = CARTESIAN_POINT('',(4.669164525877,1.412913448162,
    2.088881982775));
#10714 = CARTESIAN_POINT('',(4.669164525899,-1.41291344818,
    2.088881982775));
#10715 = CARTESIAN_POINT('',(3.288660055204,-3.107383356072,
    2.088881982775));
#10716 = CARTESIAN_POINT('',(1.406312131479,-4.268156804872,
    2.088881982775));
#10717 = CARTESIAN_POINT('',(-0.772631473678,-4.100896808424,
    2.088881982775));
#10718 = CARTESIAN_POINT('',(-2.35602000936,-3.011829415407,
    2.088881982775));
#10719 = CARTESIAN_POINT('',(-3.125454545454,-1.488748872253,
    2.088881982775));
#10720 = CARTESIAN_POINT('',(-3.125454545455,3.827577904971E-16,
    2.088881982775));
#10721 = SURFACE_OF_REVOLUTION('',#10722,#10727);
#10722 = CIRCLE('',#10723,0.27);
#10723 = AXIS2_PLACEMENT_3D('',#10724,#10725,#10726);
#10724 = CARTESIAN_POINT('',(-3.15,3.857637417314E-16,1.82));
#10725 = DIRECTION('',(-1.224646799147E-16,-1.,0.));
#10726 = DIRECTION('',(-1.644774851297E-15,2.014268256958E-31,-1.));
#10727 = AXIS1_PLACEMENT('',#10728,#10729);
#10728 = CARTESIAN_POINT('',(0.,0.,0.65));
#10729 = DIRECTION('',(-0.,0.,-1.));
#10730 = ADVANCED_FACE('',(#10731),#10804,.F.);
#10731 = FACE_BOUND('',#10732,.F.);
#10732 = EDGE_LOOP('',(#10733,#10743,#10751,#10759,#10765,#10766,#10774,
    #10782,#10790,#10798));
#10733 = ORIENTED_EDGE('',*,*,#10734,.F.);
#10734 = EDGE_CURVE('',#10735,#10737,#10739,.T.);
#10735 = VERTEX_POINT('',#10736);
#10736 = CARTESIAN_POINT('',(-3.3,2.3,0.15));
#10737 = VERTEX_POINT('',#10738);
#10738 = CARTESIAN_POINT('',(-3.3,0.325,0.15));
#10739 = LINE('',#10740,#10741);
#10740 = CARTESIAN_POINT('',(-3.3,2.3,0.15));
#10741 = VECTOR('',#10742,1.);
#10742 = DIRECTION('',(-1.224646799147E-16,-1.,0.));
#10743 = ORIENTED_EDGE('',*,*,#10744,.T.);
#10744 = EDGE_CURVE('',#10735,#10745,#10747,.T.);
#10745 = VERTEX_POINT('',#10746);
#10746 = CARTESIAN_POINT('',(-3.3,2.3,0.85));
#10747 = LINE('',#10748,#10749);
#10748 = CARTESIAN_POINT('',(-3.3,2.3,0.15));
#10749 = VECTOR('',#10750,1.);
#10750 = DIRECTION('',(0.,0.,1.));
#10751 = ORIENTED_EDGE('',*,*,#10752,.T.);
#10752 = EDGE_CURVE('',#10745,#10753,#10755,.T.);
#10753 = VERTEX_POINT('',#10754);
#10754 = CARTESIAN_POINT('',(-3.3,0.576628129734,0.85));
#10755 = LINE('',#10756,#10757);
#10756 = CARTESIAN_POINT('',(-3.3,3.3,0.85));
#10757 = VECTOR('',#10758,1.);
#10758 = DIRECTION('',(-1.224646799147E-16,-1.,0.));
#10759 = ORIENTED_EDGE('',*,*,#10760,.T.);
#10760 = EDGE_CURVE('',#10753,#10616,#10761,.T.);
#10761 = LINE('',#10762,#10763);
#10762 = CARTESIAN_POINT('',(-3.3,0.576628129734,0.65));
#10763 = VECTOR('',#10764,1.);
#10764 = DIRECTION('',(0.,0.,-1.));
#10765 = ORIENTED_EDGE('',*,*,#10615,.T.);
#10766 = ORIENTED_EDGE('',*,*,#10767,.F.);
#10767 = EDGE_CURVE('',#10768,#10618,#10770,.T.);
#10768 = VERTEX_POINT('',#10769);
#10769 = CARTESIAN_POINT('',(-3.3,-0.576628129734,0.85));
#10770 = LINE('',#10771,#10772);
#10771 = CARTESIAN_POINT('',(-3.3,-0.576628129734,0.65));
#10772 = VECTOR('',#10773,1.);
#10773 = DIRECTION('',(0.,0.,-1.));
#10774 = ORIENTED_EDGE('',*,*,#10775,.T.);
#10775 = EDGE_CURVE('',#10768,#10776,#10778,.T.);
#10776 = VERTEX_POINT('',#10777);
#10777 = CARTESIAN_POINT('',(-3.3,-2.3,0.85));
#10778 = LINE('',#10779,#10780);
#10779 = CARTESIAN_POINT('',(-3.3,3.3,0.85));
#10780 = VECTOR('',#10781,1.);
#10781 = DIRECTION('',(-1.224646799147E-16,-1.,0.));
#10782 = ORIENTED_EDGE('',*,*,#10783,.F.);
#10783 = EDGE_CURVE('',#10784,#10776,#10786,.T.);
#10784 = VERTEX_POINT('',#10785);
#10785 = CARTESIAN_POINT('',(-3.3,-2.3,0.15));
#10786 = LINE('',#10787,#10788);
#10787 = CARTESIAN_POINT('',(-3.3,-2.3,0.15));
#10788 = VECTOR('',#10789,1.);
#10789 = DIRECTION('',(0.,0.,1.));
#10790 = ORIENTED_EDGE('',*,*,#10791,.F.);
#10791 = EDGE_CURVE('',#10792,#10784,#10794,.T.);
#10792 = VERTEX_POINT('',#10793);
#10793 = CARTESIAN_POINT('',(-3.3,-0.325,0.15));
#10794 = LINE('',#10795,#10796);
#10795 = CARTESIAN_POINT('',(-3.3,2.3,0.15));
#10796 = VECTOR('',#10797,1.);
#10797 = DIRECTION('',(-1.224646799147E-16,-1.,0.));
#10798 = ORIENTED_EDGE('',*,*,#10799,.F.);
#10799 = EDGE_CURVE('',#10737,#10792,#10800,.T.);
#10800 = LINE('',#10801,#10802);
#10801 = CARTESIAN_POINT('',(-3.3,2.3,0.15));
#10802 = VECTOR('',#10803,1.);
#10803 = DIRECTION('',(-1.224646799147E-16,-1.,0.));
#10804 = PLANE('',#10805);
#10805 = AXIS2_PLACEMENT_3D('',#10806,#10807,#10808);
#10806 = CARTESIAN_POINT('',(-3.3,2.3,0.15));
#10807 = DIRECTION('',(1.,-1.224646799147E-16,0.));
#10808 = DIRECTION('',(-1.224646799147E-16,-1.,0.));
#10809 = ADVANCED_FACE('',(#10810),#10829,.F.);
#10810 = FACE_BOUND('',#10811,.F.);
#10811 = EDGE_LOOP('',(#10812,#10820,#10821,#10822));
#10812 = ORIENTED_EDGE('',*,*,#10813,.T.);
#10813 = EDGE_CURVE('',#10814,#10669,#10816,.T.);
#10814 = VERTEX_POINT('',#10815);
#10815 = CARTESIAN_POINT('',(-0.576628129734,3.3,0.85));
#10816 = LINE('',#10817,#10818);
#10817 = CARTESIAN_POINT('',(-0.576628129734,3.3,0.65));
#10818 = VECTOR('',#10819,1.);
#10819 = DIRECTION('',(0.,0.,-1.));
#10820 = ORIENTED_EDGE('',*,*,#10676,.T.);
#10821 = ORIENTED_EDGE('',*,*,#10760,.F.);
#10822 = ORIENTED_EDGE('',*,*,#10823,.T.);
#10823 = EDGE_CURVE('',#10753,#10814,#10824,.T.);
#10824 = CIRCLE('',#10825,3.35);
#10825 = AXIS2_PLACEMENT_3D('',#10826,#10827,#10828);
#10826 = CARTESIAN_POINT('',(0.,0.,0.85));
#10827 = DIRECTION('',(0.,0.,-1.));
#10828 = DIRECTION('',(-1.,1.224646799147E-16,0.));
#10829 = CYLINDRICAL_SURFACE('',#10830,3.35);
#10830 = AXIS2_PLACEMENT_3D('',#10831,#10832,#10833);
#10831 = CARTESIAN_POINT('',(0.,0.,0.65));
#10832 = DIRECTION('',(0.,0.,-1.));
#10833 = DIRECTION('',(-1.,1.224646799147E-16,0.));
#10834 = ADVANCED_FACE('',(#10835),#10854,.F.);
#10835 = FACE_BOUND('',#10836,.F.);
#10836 = EDGE_LOOP('',(#10837,#10845,#10852,#10853));
#10837 = ORIENTED_EDGE('',*,*,#10838,.F.);
#10838 = EDGE_CURVE('',#10839,#10626,#10841,.T.);
#10839 = VERTEX_POINT('',#10840);
#10840 = CARTESIAN_POINT('',(-0.576628129734,-3.3,0.85));
#10841 = LINE('',#10842,#10843);
#10842 = CARTESIAN_POINT('',(-0.576628129734,-3.3,0.65));
#10843 = VECTOR('',#10844,1.);
#10844 = DIRECTION('',(0.,0.,-1.));
#10845 = ORIENTED_EDGE('',*,*,#10846,.T.);
#10846 = EDGE_CURVE('',#10839,#10768,#10847,.T.);
#10847 = CIRCLE('',#10848,3.35);
#10848 = AXIS2_PLACEMENT_3D('',#10849,#10850,#10851);
#10849 = CARTESIAN_POINT('',(0.,0.,0.85));
#10850 = DIRECTION('',(0.,0.,-1.));
#10851 = DIRECTION('',(-1.,1.224646799147E-16,0.));
#10852 = ORIENTED_EDGE('',*,*,#10767,.T.);
#10853 = ORIENTED_EDGE('',*,*,#10625,.T.);
#10854 = CYLINDRICAL_SURFACE('',#10855,3.35);
#10855 = AXIS2_PLACEMENT_3D('',#10856,#10857,#10858);
#10856 = CARTESIAN_POINT('',(0.,0.,0.65));
#10857 = DIRECTION('',(0.,0.,-1.));
#10858 = DIRECTION('',(-1.,1.224646799147E-16,0.));
#10859 = ADVANCED_FACE('',(#10860),#10910,.F.);
#10860 = FACE_BOUND('',#10861,.F.);
#10861 = EDGE_LOOP('',(#10862,#10872,#10880,#10888,#10894,#10895,#10896,
    #10904));
#10862 = ORIENTED_EDGE('',*,*,#10863,.F.);
#10863 = EDGE_CURVE('',#10864,#10866,#10868,.T.);
#10864 = VERTEX_POINT('',#10865);
#10865 = CARTESIAN_POINT('',(2.9,3.3,0.15));
#10866 = VERTEX_POINT('',#10867);
#10867 = CARTESIAN_POINT('',(-2.3,3.3,0.15));
#10868 = LINE('',#10869,#10870);
#10869 = CARTESIAN_POINT('',(3.3,3.3,0.15));
#10870 = VECTOR('',#10871,1.);
#10871 = DIRECTION('',(-1.,1.224646799147E-16,0.));
#10872 = ORIENTED_EDGE('',*,*,#10873,.T.);
#10873 = EDGE_CURVE('',#10864,#10874,#10876,.T.);
#10874 = VERTEX_POINT('',#10875);
#10875 = CARTESIAN_POINT('',(2.9,3.3,1.15));
#10876 = LINE('',#10877,#10878);
#10877 = CARTESIAN_POINT('',(2.9,3.3,0.15));
#10878 = VECTOR('',#10879,1.);
#10879 = DIRECTION('',(0.,0.,1.));
#10880 = ORIENTED_EDGE('',*,*,#10881,.T.);
#10881 = EDGE_CURVE('',#10874,#10882,#10884,.T.);
#10882 = VERTEX_POINT('',#10883);
#10883 = CARTESIAN_POINT('',(0.576628129734,3.3,1.15));
#10884 = LINE('',#10885,#10886);
#10885 = CARTESIAN_POINT('',(3.3,3.3,1.15));
#10886 = VECTOR('',#10887,1.);
#10887 = DIRECTION('',(-1.,1.224646799147E-16,0.));
#10888 = ORIENTED_EDGE('',*,*,#10889,.T.);
#10889 = EDGE_CURVE('',#10882,#10660,#10890,.T.);
#10890 = LINE('',#10891,#10892);
#10891 = CARTESIAN_POINT('',(0.576628129734,3.3,0.65));
#10892 = VECTOR('',#10893,1.);
#10893 = DIRECTION('',(0.,0.,-1.));
#10894 = ORIENTED_EDGE('',*,*,#10668,.T.);
#10895 = ORIENTED_EDGE('',*,*,#10813,.F.);
#10896 = ORIENTED_EDGE('',*,*,#10897,.T.);
#10897 = EDGE_CURVE('',#10814,#10898,#10900,.T.);
#10898 = VERTEX_POINT('',#10899);
#10899 = CARTESIAN_POINT('',(-2.3,3.3,0.85));
#10900 = LINE('',#10901,#10902);
#10901 = CARTESIAN_POINT('',(4.041334437186E-16,3.3,0.85));
#10902 = VECTOR('',#10903,1.);
#10903 = DIRECTION('',(-1.,1.224646799147E-16,0.));
#10904 = ORIENTED_EDGE('',*,*,#10905,.F.);
#10905 = EDGE_CURVE('',#10866,#10898,#10906,.T.);
#10906 = LINE('',#10907,#10908);
#10907 = CARTESIAN_POINT('',(-2.3,3.3,0.15));
#10908 = VECTOR('',#10909,1.);
#10909 = DIRECTION('',(0.,0.,1.));
#10910 = PLANE('',#10911);
#10911 = AXIS2_PLACEMENT_3D('',#10912,#10913,#10914);
#10912 = CARTESIAN_POINT('',(3.3,3.3,0.15));
#10913 = DIRECTION('',(-1.224646799147E-16,-1.,0.));
#10914 = DIRECTION('',(-1.,1.224646799147E-16,0.));
#10915 = ADVANCED_FACE('',(#10916),#10966,.F.);
#10916 = FACE_BOUND('',#10917,.F.);
#10917 = EDGE_LOOP('',(#10918,#10928,#10936,#10944,#10950,#10951,#10952,
    #10960));
#10918 = ORIENTED_EDGE('',*,*,#10919,.F.);
#10919 = EDGE_CURVE('',#10920,#10922,#10924,.T.);
#10920 = VERTEX_POINT('',#10921);
#10921 = CARTESIAN_POINT('',(2.9,-3.3,0.15));
#10922 = VERTEX_POINT('',#10923);
#10923 = CARTESIAN_POINT('',(2.9,-3.3,1.15));
#10924 = LINE('',#10925,#10926);
#10925 = CARTESIAN_POINT('',(2.9,-3.3,0.15));
#10926 = VECTOR('',#10927,1.);
#10927 = DIRECTION('',(0.,0.,1.));
#10928 = ORIENTED_EDGE('',*,*,#10929,.F.);
#10929 = EDGE_CURVE('',#10930,#10920,#10932,.T.);
#10930 = VERTEX_POINT('',#10931);
#10931 = CARTESIAN_POINT('',(-2.3,-3.3,0.15));
#10932 = LINE('',#10933,#10934);
#10933 = CARTESIAN_POINT('',(-2.3,-3.3,0.15));
#10934 = VECTOR('',#10935,1.);
#10935 = DIRECTION('',(1.,-1.224646799147E-16,0.));
#10936 = ORIENTED_EDGE('',*,*,#10937,.T.);
#10937 = EDGE_CURVE('',#10930,#10938,#10940,.T.);
#10938 = VERTEX_POINT('',#10939);
#10939 = CARTESIAN_POINT('',(-2.3,-3.3,0.85));
#10940 = LINE('',#10941,#10942);
#10941 = CARTESIAN_POINT('',(-2.3,-3.3,0.15));
#10942 = VECTOR('',#10943,1.);
#10943 = DIRECTION('',(0.,0.,1.));
#10944 = ORIENTED_EDGE('',*,*,#10945,.F.);
#10945 = EDGE_CURVE('',#10839,#10938,#10946,.T.);
#10946 = LINE('',#10947,#10948);
#10947 = CARTESIAN_POINT('',(-4.041334437186E-16,-3.3,0.85));
#10948 = VECTOR('',#10949,1.);
#10949 = DIRECTION('',(-1.,1.224646799147E-16,0.));
#10950 = ORIENTED_EDGE('',*,*,#10838,.T.);
#10951 = ORIENTED_EDGE('',*,*,#10634,.T.);
#10952 = ORIENTED_EDGE('',*,*,#10953,.F.);
#10953 = EDGE_CURVE('',#10954,#10635,#10956,.T.);
#10954 = VERTEX_POINT('',#10955);
#10955 = CARTESIAN_POINT('',(0.576628129734,-3.3,1.15));
#10956 = LINE('',#10957,#10958);
#10957 = CARTESIAN_POINT('',(0.576628129734,-3.3,0.65));
#10958 = VECTOR('',#10959,1.);
#10959 = DIRECTION('',(0.,0.,-1.));
#10960 = ORIENTED_EDGE('',*,*,#10961,.T.);
#10961 = EDGE_CURVE('',#10954,#10922,#10962,.T.);
#10962 = LINE('',#10963,#10964);
#10963 = CARTESIAN_POINT('',(-2.3,-3.3,1.15));
#10964 = VECTOR('',#10965,1.);
#10965 = DIRECTION('',(1.,-1.224646799147E-16,0.));
#10966 = PLANE('',#10967);
#10967 = AXIS2_PLACEMENT_3D('',#10968,#10969,#10970);
#10968 = CARTESIAN_POINT('',(-2.3,-3.3,0.15));
#10969 = DIRECTION('',(1.224646799147E-16,1.,0.));
#10970 = DIRECTION('',(1.,-1.224646799147E-16,0.));
#10971 = ADVANCED_FACE('',(#10972),#10991,.F.);
#10972 = FACE_BOUND('',#10973,.F.);
#10973 = EDGE_LOOP('',(#10974,#10983,#10989,#10990));
#10974 = ORIENTED_EDGE('',*,*,#10975,.F.);
#10975 = EDGE_CURVE('',#10976,#10882,#10978,.T.);
#10976 = VERTEX_POINT('',#10977);
#10977 = CARTESIAN_POINT('',(3.3,0.576628129734,1.15));
#10978 = CIRCLE('',#10979,3.35);
#10979 = AXIS2_PLACEMENT_3D('',#10980,#10981,#10982);
#10980 = CARTESIAN_POINT('',(0.,0.,1.15));
#10981 = DIRECTION('',(0.,0.,1.));
#10982 = DIRECTION('',(-1.,1.224646799147E-16,0.));
#10983 = ORIENTED_EDGE('',*,*,#10984,.T.);
#10984 = EDGE_CURVE('',#10976,#10652,#10985,.T.);
#10985 = LINE('',#10986,#10987);
#10986 = CARTESIAN_POINT('',(3.3,0.576628129734,0.65));
#10987 = VECTOR('',#10988,1.);
#10988 = DIRECTION('',(0.,0.,-1.));
#10989 = ORIENTED_EDGE('',*,*,#10659,.T.);
#10990 = ORIENTED_EDGE('',*,*,#10889,.F.);
#10991 = CYLINDRICAL_SURFACE('',#10992,3.35);
#10992 = AXIS2_PLACEMENT_3D('',#10993,#10994,#10995);
#10993 = CARTESIAN_POINT('',(0.,0.,0.65));
#10994 = DIRECTION('',(0.,0.,-1.));
#10995 = DIRECTION('',(-1.,1.224646799147E-16,0.));
#10996 = ADVANCED_FACE('',(#10997),#11016,.F.);
#10997 = FACE_BOUND('',#10998,.F.);
#10998 = EDGE_LOOP('',(#10999,#11007,#11014,#11015));
#10999 = ORIENTED_EDGE('',*,*,#11000,.F.);
#11000 = EDGE_CURVE('',#11001,#10643,#11003,.T.);
#11001 = VERTEX_POINT('',#11002);
#11002 = CARTESIAN_POINT('',(3.3,-0.576628129734,1.15));
#11003 = LINE('',#11004,#11005);
#11004 = CARTESIAN_POINT('',(3.3,-0.576628129734,0.65));
#11005 = VECTOR('',#11006,1.);
#11006 = DIRECTION('',(0.,0.,-1.));
#11007 = ORIENTED_EDGE('',*,*,#11008,.F.);
#11008 = EDGE_CURVE('',#10954,#11001,#11009,.T.);
#11009 = CIRCLE('',#11010,3.35);
#11010 = AXIS2_PLACEMENT_3D('',#11011,#11012,#11013);
#11011 = CARTESIAN_POINT('',(0.,0.,1.15));
#11012 = DIRECTION('',(0.,0.,1.));
#11013 = DIRECTION('',(-1.,1.224646799147E-16,0.));
#11014 = ORIENTED_EDGE('',*,*,#10953,.T.);
#11015 = ORIENTED_EDGE('',*,*,#10642,.T.);
#11016 = CYLINDRICAL_SURFACE('',#11017,3.35);
#11017 = AXIS2_PLACEMENT_3D('',#11018,#11019,#11020);
#11018 = CARTESIAN_POINT('',(0.,0.,0.65));
#11019 = DIRECTION('',(0.,0.,-1.));
#11020 = DIRECTION('',(-1.,1.224646799147E-16,0.));
#11021 = ADVANCED_FACE('',(#11022),#11081,.F.);
#11022 = FACE_BOUND('',#11023,.F.);
#11023 = EDGE_LOOP('',(#11024,#11034,#11042,#11048,#11049,#11050,#11051,
    #11059,#11067,#11075));
#11024 = ORIENTED_EDGE('',*,*,#11025,.F.);
#11025 = EDGE_CURVE('',#11026,#11028,#11030,.T.);
#11026 = VERTEX_POINT('',#11027);
#11027 = CARTESIAN_POINT('',(3.3,-2.9,0.15));
#11028 = VERTEX_POINT('',#11029);
#11029 = CARTESIAN_POINT('',(3.3,-0.325,0.15));
#11030 = LINE('',#11031,#11032);
#11031 = CARTESIAN_POINT('',(3.3,-3.3,0.15));
#11032 = VECTOR('',#11033,1.);
#11033 = DIRECTION('',(1.224646799147E-16,1.,0.));
#11034 = ORIENTED_EDGE('',*,*,#11035,.T.);
#11035 = EDGE_CURVE('',#11026,#11036,#11038,.T.);
#11036 = VERTEX_POINT('',#11037);
#11037 = CARTESIAN_POINT('',(3.3,-2.9,1.15));
#11038 = LINE('',#11039,#11040);
#11039 = CARTESIAN_POINT('',(3.3,-2.9,0.15));
#11040 = VECTOR('',#11041,1.);
#11041 = DIRECTION('',(0.,0.,1.));
#11042 = ORIENTED_EDGE('',*,*,#11043,.T.);
#11043 = EDGE_CURVE('',#11036,#11001,#11044,.T.);
#11044 = LINE('',#11045,#11046);
#11045 = CARTESIAN_POINT('',(3.3,-3.3,1.15));
#11046 = VECTOR('',#11047,1.);
#11047 = DIRECTION('',(1.224646799147E-16,1.,0.));
#11048 = ORIENTED_EDGE('',*,*,#11000,.T.);
#11049 = ORIENTED_EDGE('',*,*,#10651,.T.);
#11050 = ORIENTED_EDGE('',*,*,#10984,.F.);
#11051 = ORIENTED_EDGE('',*,*,#11052,.T.);
#11052 = EDGE_CURVE('',#10976,#11053,#11055,.T.);
#11053 = VERTEX_POINT('',#11054);
#11054 = CARTESIAN_POINT('',(3.3,2.9,1.15));
#11055 = LINE('',#11056,#11057);
#11056 = CARTESIAN_POINT('',(3.3,-3.3,1.15));
#11057 = VECTOR('',#11058,1.);
#11058 = DIRECTION('',(1.224646799147E-16,1.,0.));
#11059 = ORIENTED_EDGE('',*,*,#11060,.F.);
#11060 = EDGE_CURVE('',#11061,#11053,#11063,.T.);
#11061 = VERTEX_POINT('',#11062);
#11062 = CARTESIAN_POINT('',(3.3,2.9,0.15));
#11063 = LINE('',#11064,#11065);
#11064 = CARTESIAN_POINT('',(3.3,2.9,0.15));
#11065 = VECTOR('',#11066,1.);
#11066 = DIRECTION('',(0.,0.,1.));
#11067 = ORIENTED_EDGE('',*,*,#11068,.F.);
#11068 = EDGE_CURVE('',#11069,#11061,#11071,.T.);
#11069 = VERTEX_POINT('',#11070);
#11070 = CARTESIAN_POINT('',(3.3,0.325,0.15));
#11071 = LINE('',#11072,#11073);
#11072 = CARTESIAN_POINT('',(3.3,-3.3,0.15));
#11073 = VECTOR('',#11074,1.);
#11074 = DIRECTION('',(1.224646799147E-16,1.,0.));
#11075 = ORIENTED_EDGE('',*,*,#11076,.F.);
#11076 = EDGE_CURVE('',#11028,#11069,#11077,.T.);
#11077 = LINE('',#11078,#11079);
#11078 = CARTESIAN_POINT('',(3.3,-3.3,0.15));
#11079 = VECTOR('',#11080,1.);
#11080 = DIRECTION('',(1.224646799147E-16,1.,0.));
#11081 = PLANE('',#11082);
#11082 = AXIS2_PLACEMENT_3D('',#11083,#11084,#11085);
#11083 = CARTESIAN_POINT('',(3.3,-3.3,0.15));
#11084 = DIRECTION('',(-1.,1.224646799147E-16,0.));
#11085 = DIRECTION('',(1.224646799147E-16,1.,0.));
#11086 = ADVANCED_FACE('',(#11087),#11116,.T.);
#11087 = FACE_BOUND('',#11088,.T.);
#11088 = EDGE_LOOP('',(#11089,#11097,#11114,#11115));
#11089 = ORIENTED_EDGE('',*,*,#11090,.T.);
#11090 = EDGE_CURVE('',#10695,#11091,#11093,.T.);
#11091 = VERTEX_POINT('',#11092);
#11092 = CARTESIAN_POINT('',(-3.15,3.857637417314E-16,2.115770181053));
#11093 = ( BOUNDED_CURVE() B_SPLINE_CURVE(2,(#11094,#11095,#11096),
.UNSPECIFIED.,.F.,.F.) B_SPLINE_CURVE_WITH_KNOTS((3,3),(0.,
19.792033717616),.PIECEWISE_BEZIER_KNOTS.) CURVE() 
GEOMETRIC_REPRESENTATION_ITEM() RATIONAL_B_SPLINE_CURVE((1.,
0.738548945876,1.)) REPRESENTATION_ITEM('') );
#11094 = CARTESIAN_POINT('',(-3.125454545455,3.827577904971E-16,
    2.088881982775));
#11095 = CARTESIAN_POINT('',(-3.15,1.374122442169E-15,2.091122665965));
#11096 = CARTESIAN_POINT('',(-3.15,3.857637417314E-16,2.115770181053));
#11097 = ORIENTED_EDGE('',*,*,#11098,.T.);
#11098 = EDGE_CURVE('',#11091,#11091,#11099,.T.);
#11099 = ( BOUNDED_CURVE() B_SPLINE_CURVE(13,(#11100,#11101,#11102,
    #11103,#11104,#11105,#11106,#11107,#11108,#11109,#11110,#11111,
#11112,#11113),.UNSPECIFIED.,.T.,.F.) B_SPLINE_CURVE_WITH_KNOTS((1,13,13
    ,1),(-19.79203371761,3.914259941243E-16,19.792033717616,
39.584067435232),.UNSPECIFIED.) CURVE() GEOMETRIC_REPRESENTATION_ITEM() 
RATIONAL_B_SPLINE_CURVE((1.,1.,1.000000000001,0.999999999998,
    1.000000000004,0.999999999994,1.000000000007,0.999999999994,
    1.000000000005,0.999999999997,1.000000000001,1.,1.,1.)) 
REPRESENTATION_ITEM('') );
#11100 = CARTESIAN_POINT('',(-3.15,3.857637417314E-16,2.115770181053));
#11101 = CARTESIAN_POINT('',(-3.150000000001,1.500440617323,
    2.115770181053));
#11102 = CARTESIAN_POINT('',(-2.374522784297,3.035482525997,
    2.115770181053));
#11103 = CARTESIAN_POINT('',(-0.778699260131,4.133102804311,
    2.115770181053));
#11104 = CARTESIAN_POINT('',(1.417356467597,4.30167636091,2.115770181053
    ));
#11105 = CARTESIAN_POINT('',(3.31448722842,3.131786890302,2.115770181053
    ));
#11106 = CARTESIAN_POINT('',(4.705833357228,1.424009627088,
    2.115770181053));
#11107 = CARTESIAN_POINT('',(4.705833357258,-1.424009627106,
    2.115770181053));
#11108 = CARTESIAN_POINT('',(3.31448722841,-3.131786890271,
    2.115770181053));
#11109 = CARTESIAN_POINT('',(1.417356467592,-4.301676360938,
    2.115770181053));
#11110 = CARTESIAN_POINT('',(-0.778699260122,-4.133102804298,
    2.115770181053));
#11111 = CARTESIAN_POINT('',(-2.374522784302,-3.035482526,2.115770181053
    ));
#11112 = CARTESIAN_POINT('',(-3.15,-1.500440617323,2.115770181053));
#11113 = CARTESIAN_POINT('',(-3.15,3.857637417314E-16,2.115770181053));
#11114 = ORIENTED_EDGE('',*,*,#11090,.F.);
#11115 = ORIENTED_EDGE('',*,*,#10705,.F.);
#11116 = ( BOUNDED_SURFACE() B_SPLINE_SURFACE(2,13,(
    (#11117,#11118,#11119,#11120,#11121,#11122,#11123,#11124,#11125
      ,#11126,#11127,#11128,#11129,#11130)
    ,(#11131,#11132,#11133,#11134,#11135,#11136,#11137,#11138,#11139
      ,#11140,#11141,#11142,#11143,#11144)
    ,(#11145,#11146,#11147,#11148,#11149,#11150,#11151,#11152,#11153
      ,#11154,#11155,#11156,#11157,#11158
)),.UNSPECIFIED.,.F.,.T.,.F.) B_SPLINE_SURFACE_WITH_KNOTS((3,3),(1,13,13
    ,1),(0.,19.792033717616),(-19.79203371761,3.914259941243E-16,
    19.792033717616,39.584067435232),.UNSPECIFIED.) 
GEOMETRIC_REPRESENTATION_ITEM() RATIONAL_B_SPLINE_SURFACE((
    (1.,1.,1.000000000001,0.999999999998,1.000000000004,0.999999999994
      ,1.000000000007,0.999999999994,1.000000000005,0.999999999997
      ,1.000000000001,1.,1.,1.)
    ,(0.738548945876,0.738548945876,0.738548945877,0.738548945874
      ,0.738548945879,0.738548945871,0.738548945881,0.738548945871
      ,0.73854894588,0.738548945874,0.738548945877,0.738548945876
      ,0.738548945876,0.738548945876)
    ,(1.,1.,1.000000000001,0.999999999998,1.000000000004,0.999999999994
      ,1.000000000007,0.999999999994,1.000000000005,0.999999999997
,1.000000000001,1.,1.,1.))) REPRESENTATION_ITEM('') SURFACE() );
#11117 = CARTESIAN_POINT('',(-3.125454545455,3.827577904971E-16,
    2.088881982775));
#11118 = CARTESIAN_POINT('',(-3.125454545455,1.488748872253,
    2.088881982775));
#11119 = CARTESIAN_POINT('',(-2.356020009354,3.011829415403,
    2.088881982775));
#11120 = CARTESIAN_POINT('',(-0.772631473689,4.100896808437,
    2.088881982775));
#11121 = CARTESIAN_POINT('',(1.406312131487,4.268156804844,
    2.088881982775));
#11122 = CARTESIAN_POINT('',(3.288660055209,3.107383356103,
    2.088881982775));
#11123 = CARTESIAN_POINT('',(4.669164525877,1.412913448162,
    2.088881982775));
#11124 = CARTESIAN_POINT('',(4.669164525899,-1.41291344818,
    2.088881982775));
#11125 = CARTESIAN_POINT('',(3.288660055204,-3.107383356072,
    2.088881982775));
#11126 = CARTESIAN_POINT('',(1.406312131479,-4.268156804872,
    2.088881982775));
#11127 = CARTESIAN_POINT('',(-0.772631473678,-4.100896808424,
    2.088881982775));
#11128 = CARTESIAN_POINT('',(-2.35602000936,-3.011829415407,
    2.088881982775));
#11129 = CARTESIAN_POINT('',(-3.125454545454,-1.488748872253,
    2.088881982775));
#11130 = CARTESIAN_POINT('',(-3.125454545455,3.827577904971E-16,
    2.088881982775));
#11131 = CARTESIAN_POINT('',(-3.15,1.374122442169E-15,2.091122665965));
#11132 = CARTESIAN_POINT('',(-3.150000000001,1.500440617323,
    2.091122665965));
#11133 = CARTESIAN_POINT('',(-2.374522784297,3.035482525996,
    2.091122665965));
#11134 = CARTESIAN_POINT('',(-0.77869926013,4.133102804313,
    2.091122665965));
#11135 = CARTESIAN_POINT('',(1.417356467593,4.301676360906,
    2.091122665965));
#11136 = CARTESIAN_POINT('',(3.314487228427,3.131786890307,
    2.091122665965));
#11137 = CARTESIAN_POINT('',(4.705833357219,1.424009627086,
    2.091122665965));
#11138 = CARTESIAN_POINT('',(4.705833357266,-1.424009627106,
    2.091122665965));
#11139 = CARTESIAN_POINT('',(3.314487228405,-3.131786890271,
    2.091122665965));
#11140 = CARTESIAN_POINT('',(1.417356467594,-4.301676360938,
    2.091122665965));
#11141 = CARTESIAN_POINT('',(-0.778699260123,-4.133102804299,
    2.091122665965));
#11142 = CARTESIAN_POINT('',(-2.374522784301,-3.035482526,2.091122665965
    ));
#11143 = CARTESIAN_POINT('',(-3.15,-1.500440617323,2.091122665965));
#11144 = CARTESIAN_POINT('',(-3.15,1.374122442169E-15,2.091122665965));
#11145 = CARTESIAN_POINT('',(-3.15,3.857637417314E-16,2.115770181053));
#11146 = CARTESIAN_POINT('',(-3.150000000001,1.500440617323,
    2.115770181053));
#11147 = CARTESIAN_POINT('',(-2.374522784297,3.035482525997,
    2.115770181053));
#11148 = CARTESIAN_POINT('',(-0.778699260131,4.133102804311,
    2.115770181053));
#11149 = CARTESIAN_POINT('',(1.417356467597,4.30167636091,2.115770181053
    ));
#11150 = CARTESIAN_POINT('',(3.31448722842,3.131786890302,2.115770181053
    ));
#11151 = CARTESIAN_POINT('',(4.705833357228,1.424009627088,
    2.115770181053));
#11152 = CARTESIAN_POINT('',(4.705833357258,-1.424009627106,
    2.115770181053));
#11153 = CARTESIAN_POINT('',(3.31448722841,-3.131786890271,
    2.115770181053));
#11154 = CARTESIAN_POINT('',(1.417356467592,-4.301676360938,
    2.115770181053));
#11155 = CARTESIAN_POINT('',(-0.778699260122,-4.133102804298,
    2.115770181053));
#11156 = CARTESIAN_POINT('',(-2.374522784302,-3.035482526,2.115770181053
    ));
#11157 = CARTESIAN_POINT('',(-3.15,-1.500440617323,2.115770181053));
#11158 = CARTESIAN_POINT('',(-3.15,3.857637417314E-16,2.115770181053));
#11159 = ADVANCED_FACE('',(#11160),#11240,.F.);
#11160 = FACE_BOUND('',#11161,.F.);
#11161 = EDGE_LOOP('',(#11162,#11169,#11170,#11178,#11187,#11193,#11194,
    #11201,#11202,#11208,#11209,#11217,#11226,#11232,#11233,#11239));
#11162 = ORIENTED_EDGE('',*,*,#11163,.F.);
#11163 = EDGE_CURVE('',#11026,#10920,#11164,.T.);
#11164 = CIRCLE('',#11165,0.4);
#11165 = AXIS2_PLACEMENT_3D('',#11166,#11167,#11168);
#11166 = CARTESIAN_POINT('',(2.9,-2.9,0.15));
#11167 = DIRECTION('',(0.,0.,-1.));
#11168 = DIRECTION('',(1.224646799147E-16,1.,0.));
#11169 = ORIENTED_EDGE('',*,*,#11025,.T.);
#11170 = ORIENTED_EDGE('',*,*,#11171,.F.);
#11171 = EDGE_CURVE('',#11172,#11028,#11174,.T.);
#11172 = VERTEX_POINT('',#11173);
#11173 = CARTESIAN_POINT('',(1.225,-0.325,0.15));
#11174 = LINE('',#11175,#11176);
#11175 = CARTESIAN_POINT('',(1.225,-0.325,0.15));
#11176 = VECTOR('',#11177,1.);
#11177 = DIRECTION('',(1.,-2.656811920655E-16,0.));
#11178 = ORIENTED_EDGE('',*,*,#11179,.F.);
#11179 = EDGE_CURVE('',#11180,#11172,#11182,.T.);
#11180 = VERTEX_POINT('',#11181);
#11181 = CARTESIAN_POINT('',(1.225,0.325,0.15));
#11182 = CIRCLE('',#11183,0.325);
#11183 = AXIS2_PLACEMENT_3D('',#11184,#11185,#11186);
#11184 = CARTESIAN_POINT('',(1.225,-3.000384657911E-16,0.15));
#11185 = DIRECTION('',(0.,-0.,1.));
#11186 = DIRECTION('',(9.281435288296E-16,1.,0.));
#11187 = ORIENTED_EDGE('',*,*,#11188,.F.);
#11188 = EDGE_CURVE('',#11069,#11180,#11189,.T.);
#11189 = LINE('',#11190,#11191);
#11190 = CARTESIAN_POINT('',(3.9,0.325,0.15));
#11191 = VECTOR('',#11192,1.);
#11192 = DIRECTION('',(-1.,2.449293598295E-16,0.));
#11193 = ORIENTED_EDGE('',*,*,#11068,.T.);
#11194 = ORIENTED_EDGE('',*,*,#11195,.F.);
#11195 = EDGE_CURVE('',#10864,#11061,#11196,.T.);
#11196 = CIRCLE('',#11197,0.4);
#11197 = AXIS2_PLACEMENT_3D('',#11198,#11199,#11200);
#11198 = CARTESIAN_POINT('',(2.9,2.9,0.15));
#11199 = DIRECTION('',(0.,0.,-1.));
#11200 = DIRECTION('',(1.224646799147E-16,1.,0.));
#11201 = ORIENTED_EDGE('',*,*,#10863,.T.);
#11202 = ORIENTED_EDGE('',*,*,#11203,.T.);
#11203 = EDGE_CURVE('',#10866,#10735,#11204,.T.);
#11204 = LINE('',#11205,#11206);
#11205 = CARTESIAN_POINT('',(-2.3,3.3,0.15));
#11206 = VECTOR('',#11207,1.);
#11207 = DIRECTION('',(-0.707106781187,-0.707106781187,0.));
#11208 = ORIENTED_EDGE('',*,*,#10734,.T.);
#11209 = ORIENTED_EDGE('',*,*,#11210,.F.);
#11210 = EDGE_CURVE('',#11211,#10737,#11213,.T.);
#11211 = VERTEX_POINT('',#11212);
#11212 = CARTESIAN_POINT('',(-1.225,0.325,0.15));
#11213 = LINE('',#11214,#11215);
#11214 = CARTESIAN_POINT('',(-1.225,0.325,0.15));
#11215 = VECTOR('',#11216,1.);
#11216 = DIRECTION('',(-1.,1.432165121507E-16,0.));
#11217 = ORIENTED_EDGE('',*,*,#11218,.F.);
#11218 = EDGE_CURVE('',#11219,#11211,#11221,.T.);
#11219 = VERTEX_POINT('',#11220);
#11220 = CARTESIAN_POINT('',(-1.225,-0.325,0.15));
#11221 = CIRCLE('',#11222,0.325);
#11222 = AXIS2_PLACEMENT_3D('',#11223,#11224,#11225);
#11223 = CARTESIAN_POINT('',(-1.225,1.500192328956E-16,0.15));
#11224 = DIRECTION('',(0.,0.,1.));
#11225 = DIRECTION('',(-8.056788489148E-16,-1.,0.));
#11226 = ORIENTED_EDGE('',*,*,#11227,.F.);
#11227 = EDGE_CURVE('',#10792,#11219,#11228,.T.);
#11228 = LINE('',#11229,#11230);
#11229 = CARTESIAN_POINT('',(-3.9,-0.325,0.15));
#11230 = VECTOR('',#11231,1.);
#11231 = DIRECTION('',(1.,-1.224646799147E-16,0.));
#11232 = ORIENTED_EDGE('',*,*,#10791,.T.);
#11233 = ORIENTED_EDGE('',*,*,#11234,.T.);
#11234 = EDGE_CURVE('',#10784,#10930,#11235,.T.);
#11235 = LINE('',#11236,#11237);
#11236 = CARTESIAN_POINT('',(-3.3,-2.3,0.15));
#11237 = VECTOR('',#11238,1.);
#11238 = DIRECTION('',(0.707106781187,-0.707106781187,0.));
#11239 = ORIENTED_EDGE('',*,*,#10929,.T.);
#11240 = PLANE('',#11241);
#11241 = AXIS2_PLACEMENT_3D('',#11242,#11243,#11244);
#11242 = CARTESIAN_POINT('',(0.169665910187,-2.077808138351E-17,0.15));
#11243 = DIRECTION('',(0.,0.,1.));
#11244 = DIRECTION('',(-1.,1.224646799147E-16,0.));
#11245 = ADVANCED_FACE('',(#11246),#11257,.F.);
#11246 = FACE_BOUND('',#11247,.F.);
#11247 = EDGE_LOOP('',(#11248,#11249,#11250,#11256));
#11248 = ORIENTED_EDGE('',*,*,#11203,.F.);
#11249 = ORIENTED_EDGE('',*,*,#10905,.T.);
#11250 = ORIENTED_EDGE('',*,*,#11251,.T.);
#11251 = EDGE_CURVE('',#10898,#10745,#11252,.T.);
#11252 = LINE('',#11253,#11254);
#11253 = CARTESIAN_POINT('',(-1.725,3.875,0.85));
#11254 = VECTOR('',#11255,1.);
#11255 = DIRECTION('',(-0.707106781187,-0.707106781187,0.));
#11256 = ORIENTED_EDGE('',*,*,#10744,.F.);
#11257 = PLANE('',#11258);
#11258 = AXIS2_PLACEMENT_3D('',#11259,#11260,#11261);
#11259 = CARTESIAN_POINT('',(-2.3,3.3,0.15));
#11260 = DIRECTION('',(0.707106781187,-0.707106781187,0.));
#11261 = DIRECTION('',(-0.707106781187,-0.707106781187,0.));
#11262 = ADVANCED_FACE('',(#11263),#11288,.T.);
#11263 = FACE_BOUND('',#11264,.T.);
#11264 = EDGE_LOOP('',(#11265,#11273,#11281,#11287));
#11265 = ORIENTED_EDGE('',*,*,#11266,.T.);
#11266 = EDGE_CURVE('',#10737,#11267,#11269,.T.);
#11267 = VERTEX_POINT('',#11268);
#11268 = CARTESIAN_POINT('',(-3.9,0.325,0.15));
#11269 = LINE('',#11270,#11271);
#11270 = CARTESIAN_POINT('',(-1.225,0.325,0.15));
#11271 = VECTOR('',#11272,1.);
#11272 = DIRECTION('',(-1.,1.432165121507E-16,0.));
#11273 = ORIENTED_EDGE('',*,*,#11274,.T.);
#11274 = EDGE_CURVE('',#11267,#11275,#11277,.T.);
#11275 = VERTEX_POINT('',#11276);
#11276 = CARTESIAN_POINT('',(-3.9,-0.325,0.15));
#11277 = LINE('',#11278,#11279);
#11278 = CARTESIAN_POINT('',(-3.9,0.325,0.15));
#11279 = VECTOR('',#11280,1.);
#11280 = DIRECTION('',(-1.224646799147E-16,-1.,0.));
#11281 = ORIENTED_EDGE('',*,*,#11282,.T.);
#11282 = EDGE_CURVE('',#11275,#10792,#11283,.T.);
#11283 = LINE('',#11284,#11285);
#11284 = CARTESIAN_POINT('',(-3.9,-0.325,0.15));
#11285 = VECTOR('',#11286,1.);
#11286 = DIRECTION('',(1.,-1.224646799147E-16,0.));
#11287 = ORIENTED_EDGE('',*,*,#10799,.F.);
#11288 = PLANE('',#11289);
#11289 = AXIS2_PLACEMENT_3D('',#11290,#11291,#11292);
#11290 = CARTESIAN_POINT('',(-2.47395012666,2.870543344061E-16,0.15));
#11291 = DIRECTION('',(0.,0.,1.));
#11292 = DIRECTION('',(-1.,1.224646799147E-16,0.));
#11293 = ADVANCED_FACE('',(#11294),#11300,.T.);
#11294 = FACE_BOUND('',#11295,.T.);
#11295 = EDGE_LOOP('',(#11296,#11297,#11298,#11299));
#11296 = ORIENTED_EDGE('',*,*,#10823,.T.);
#11297 = ORIENTED_EDGE('',*,*,#10897,.T.);
#11298 = ORIENTED_EDGE('',*,*,#11251,.T.);
#11299 = ORIENTED_EDGE('',*,*,#10752,.T.);
#11300 = PLANE('',#11301);
#11301 = AXIS2_PLACEMENT_3D('',#11302,#11303,#11304);
#11302 = CARTESIAN_POINT('',(4.041334437186E-16,3.3,0.85));
#11303 = DIRECTION('',(0.,0.,1.));
#11304 = DIRECTION('',(-1.,1.224646799147E-16,0.));
#11305 = ADVANCED_FACE('',(#11306),#11317,.F.);
#11306 = FACE_BOUND('',#11307,.F.);
#11307 = EDGE_LOOP('',(#11308,#11309,#11310,#11316));
#11308 = ORIENTED_EDGE('',*,*,#11234,.F.);
#11309 = ORIENTED_EDGE('',*,*,#10783,.T.);
#11310 = ORIENTED_EDGE('',*,*,#11311,.T.);
#11311 = EDGE_CURVE('',#10776,#10938,#11312,.T.);
#11312 = LINE('',#11313,#11314);
#11313 = CARTESIAN_POINT('',(-3.875,-1.725,0.85));
#11314 = VECTOR('',#11315,1.);
#11315 = DIRECTION('',(0.707106781187,-0.707106781187,0.));
#11316 = ORIENTED_EDGE('',*,*,#10937,.F.);
#11317 = PLANE('',#11318);
#11318 = AXIS2_PLACEMENT_3D('',#11319,#11320,#11321);
#11319 = CARTESIAN_POINT('',(-3.3,-2.3,0.15));
#11320 = DIRECTION('',(0.707106781187,0.707106781187,0.));
#11321 = DIRECTION('',(0.707106781187,-0.707106781187,0.));
#11322 = ADVANCED_FACE('',(#11323),#11329,.T.);
#11323 = FACE_BOUND('',#11324,.T.);
#11324 = EDGE_LOOP('',(#11325,#11326,#11327,#11328));
#11325 = ORIENTED_EDGE('',*,*,#10945,.F.);
#11326 = ORIENTED_EDGE('',*,*,#10846,.T.);
#11327 = ORIENTED_EDGE('',*,*,#10775,.T.);
#11328 = ORIENTED_EDGE('',*,*,#11311,.T.);
#11329 = PLANE('',#11330);
#11330 = AXIS2_PLACEMENT_3D('',#11331,#11332,#11333);
#11331 = CARTESIAN_POINT('',(4.041334437186E-16,3.3,0.85));
#11332 = DIRECTION('',(0.,0.,1.));
#11333 = DIRECTION('',(-1.,1.224646799147E-16,0.));
#11334 = ADVANCED_FACE('',(#11335),#11347,.T.);
#11335 = FACE_BOUND('',#11336,.T.);
#11336 = EDGE_LOOP('',(#11337,#11338,#11339,#11346));
#11337 = ORIENTED_EDGE('',*,*,#10975,.F.);
#11338 = ORIENTED_EDGE('',*,*,#11052,.T.);
#11339 = ORIENTED_EDGE('',*,*,#11340,.F.);
#11340 = EDGE_CURVE('',#10874,#11053,#11341,.T.);
#11341 = CIRCLE('',#11342,0.4);
#11342 = AXIS2_PLACEMENT_3D('',#11343,#11344,#11345);
#11343 = CARTESIAN_POINT('',(2.9,2.9,1.15));
#11344 = DIRECTION('',(0.,0.,-1.));
#11345 = DIRECTION('',(1.224646799147E-16,1.,0.));
#11346 = ORIENTED_EDGE('',*,*,#10881,.T.);
#11347 = PLANE('',#11348);
#11348 = AXIS2_PLACEMENT_3D('',#11349,#11350,#11351);
#11349 = CARTESIAN_POINT('',(0.169665910187,-2.077808138351E-17,1.15));
#11350 = DIRECTION('',(0.,0.,1.));
#11351 = DIRECTION('',(-1.,1.224646799147E-16,0.));
#11352 = ADVANCED_FACE('',(#11353),#11359,.T.);
#11353 = FACE_BOUND('',#11354,.T.);
#11354 = EDGE_LOOP('',(#11355,#11356,#11357,#11358));
#11355 = ORIENTED_EDGE('',*,*,#10873,.T.);
#11356 = ORIENTED_EDGE('',*,*,#11340,.T.);
#11357 = ORIENTED_EDGE('',*,*,#11060,.F.);
#11358 = ORIENTED_EDGE('',*,*,#11195,.F.);
#11359 = CYLINDRICAL_SURFACE('',#11360,0.4);
#11360 = AXIS2_PLACEMENT_3D('',#11361,#11362,#11363);
#11361 = CARTESIAN_POINT('',(2.9,2.9,0.15));
#11362 = DIRECTION('',(0.,0.,1.));
#11363 = DIRECTION('',(1.224646799147E-16,1.,-0.));
#11364 = ADVANCED_FACE('',(#11365),#11377,.T.);
#11365 = FACE_BOUND('',#11366,.T.);
#11366 = EDGE_LOOP('',(#11367,#11368,#11375,#11376));
#11367 = ORIENTED_EDGE('',*,*,#11035,.T.);
#11368 = ORIENTED_EDGE('',*,*,#11369,.T.);
#11369 = EDGE_CURVE('',#11036,#10922,#11370,.T.);
#11370 = CIRCLE('',#11371,0.4);
#11371 = AXIS2_PLACEMENT_3D('',#11372,#11373,#11374);
#11372 = CARTESIAN_POINT('',(2.9,-2.9,1.15));
#11373 = DIRECTION('',(0.,0.,-1.));
#11374 = DIRECTION('',(1.224646799147E-16,1.,0.));
#11375 = ORIENTED_EDGE('',*,*,#10919,.F.);
#11376 = ORIENTED_EDGE('',*,*,#11163,.F.);
#11377 = CYLINDRICAL_SURFACE('',#11378,0.4);
#11378 = AXIS2_PLACEMENT_3D('',#11379,#11380,#11381);
#11379 = CARTESIAN_POINT('',(2.9,-2.9,0.15));
#11380 = DIRECTION('',(0.,0.,1.));
#11381 = DIRECTION('',(1.,-1.224646799147E-16,0.));
#11382 = ADVANCED_FACE('',(#11383),#11389,.T.);
#11383 = FACE_BOUND('',#11384,.T.);
#11384 = EDGE_LOOP('',(#11385,#11386,#11387,#11388));
#11385 = ORIENTED_EDGE('',*,*,#11369,.F.);
#11386 = ORIENTED_EDGE('',*,*,#11043,.T.);
#11387 = ORIENTED_EDGE('',*,*,#11008,.F.);
#11388 = ORIENTED_EDGE('',*,*,#10961,.T.);
#11389 = PLANE('',#11390);
#11390 = AXIS2_PLACEMENT_3D('',#11391,#11392,#11393);
#11391 = CARTESIAN_POINT('',(0.169665910187,-2.077808138351E-17,1.15));
#11392 = DIRECTION('',(0.,0.,1.));
#11393 = DIRECTION('',(-1.,1.224646799147E-16,0.));
#11394 = ADVANCED_FACE('',(#11395),#11420,.T.);
#11395 = FACE_BOUND('',#11396,.T.);
#11396 = EDGE_LOOP('',(#11397,#11405,#11413,#11419));
#11397 = ORIENTED_EDGE('',*,*,#11398,.T.);
#11398 = EDGE_CURVE('',#11028,#11399,#11401,.T.);
#11399 = VERTEX_POINT('',#11400);
#11400 = CARTESIAN_POINT('',(3.9,-0.325,0.15));
#11401 = LINE('',#11402,#11403);
#11402 = CARTESIAN_POINT('',(1.225,-0.325,0.15));
#11403 = VECTOR('',#11404,1.);
#11404 = DIRECTION('',(1.,-2.656811920655E-16,0.));
#11405 = ORIENTED_EDGE('',*,*,#11406,.T.);
#11406 = EDGE_CURVE('',#11399,#11407,#11409,.T.);
#11407 = VERTEX_POINT('',#11408);
#11408 = CARTESIAN_POINT('',(3.9,0.325,0.15));
#11409 = LINE('',#11410,#11411);
#11410 = CARTESIAN_POINT('',(3.9,-0.325,0.15));
#11411 = VECTOR('',#11412,1.);
#11412 = DIRECTION('',(2.449293598295E-16,1.,0.));
#11413 = ORIENTED_EDGE('',*,*,#11414,.T.);
#11414 = EDGE_CURVE('',#11407,#11069,#11415,.T.);
#11415 = LINE('',#11416,#11417);
#11416 = CARTESIAN_POINT('',(3.9,0.325,0.15));
#11417 = VECTOR('',#11418,1.);
#11418 = DIRECTION('',(-1.,2.449293598295E-16,0.));
#11419 = ORIENTED_EDGE('',*,*,#11076,.F.);
#11420 = PLANE('',#11421);
#11421 = AXIS2_PLACEMENT_3D('',#11422,#11423,#11424);
#11422 = CARTESIAN_POINT('',(2.47395012666,-5.900258447925E-16,0.15));
#11423 = DIRECTION('',(0.,0.,1.));
#11424 = DIRECTION('',(1.,-2.449293598295E-16,0.));
#11425 = ADVANCED_FACE('',(#11426),#11472,.T.);
#11426 = FACE_BOUND('',#11427,.T.);
#11427 = EDGE_LOOP('',(#11428,#11429,#11437,#11446,#11455,#11464,#11471)
  );
#11428 = ORIENTED_EDGE('',*,*,#11098,.F.);
#11429 = ORIENTED_EDGE('',*,*,#11430,.T.);
#11430 = EDGE_CURVE('',#11091,#11431,#11433,.T.);
#11431 = VERTEX_POINT('',#11432);
#11432 = CARTESIAN_POINT('',(-3.15,3.857637417314E-16,4.98));
#11433 = LINE('',#11434,#11435);
#11434 = CARTESIAN_POINT('',(-3.15,3.857637417314E-16,2.09));
#11435 = VECTOR('',#11436,1.);
#11436 = DIRECTION('',(0.,0.,1.));
#11437 = ORIENTED_EDGE('',*,*,#11438,.T.);
#11438 = EDGE_CURVE('',#11431,#11439,#11441,.T.);
#11439 = VERTEX_POINT('',#11440);
#11440 = CARTESIAN_POINT('',(0.945,3.004908484463,4.98));
#11441 = CIRCLE('',#11442,3.15);
#11442 = AXIS2_PLACEMENT_3D('',#11443,#11444,#11445);
#11443 = CARTESIAN_POINT('',(0.,0.,4.98));
#11444 = DIRECTION('',(0.,0.,-1.));
#11445 = DIRECTION('',(-1.,1.224646799147E-16,0.));
#11446 = ORIENTED_EDGE('',*,*,#11447,.T.);
#11447 = EDGE_CURVE('',#11439,#11448,#11450,.T.);
#11448 = VERTEX_POINT('',#11449);
#11449 = CARTESIAN_POINT('',(3.15,3.20055036432E-08,4.98));
#11450 = CIRCLE('',#11451,3.15);
#11451 = AXIS2_PLACEMENT_3D('',#11452,#11453,#11454);
#11452 = CARTESIAN_POINT('',(0.,0.,4.98));
#11453 = DIRECTION('',(0.,0.,-1.));
#11454 = DIRECTION('',(-1.,1.224646799147E-16,0.));
#11455 = ORIENTED_EDGE('',*,*,#11456,.T.);
#11456 = EDGE_CURVE('',#11448,#11457,#11459,.T.);
#11457 = VERTEX_POINT('',#11458);
#11458 = CARTESIAN_POINT('',(0.945,-3.004908484463,4.98));
#11459 = CIRCLE('',#11460,3.15);
#11460 = AXIS2_PLACEMENT_3D('',#11461,#11462,#11463);
#11461 = CARTESIAN_POINT('',(0.,0.,4.98));
#11462 = DIRECTION('',(0.,0.,-1.));
#11463 = DIRECTION('',(-1.,1.224646799147E-16,0.));
#11464 = ORIENTED_EDGE('',*,*,#11465,.T.);
#11465 = EDGE_CURVE('',#11457,#11431,#11466,.T.);
#11466 = CIRCLE('',#11467,3.15);
#11467 = AXIS2_PLACEMENT_3D('',#11468,#11469,#11470);
#11468 = CARTESIAN_POINT('',(0.,0.,4.98));
#11469 = DIRECTION('',(0.,0.,-1.));
#11470 = DIRECTION('',(-1.,1.224646799147E-16,0.));
#11471 = ORIENTED_EDGE('',*,*,#11430,.F.);
#11472 = CYLINDRICAL_SURFACE('',#11473,3.15);
#11473 = AXIS2_PLACEMENT_3D('',#11474,#11475,#11476);
#11474 = CARTESIAN_POINT('',(0.,0.,2.09));
#11475 = DIRECTION('',(0.,0.,1.));
#11476 = DIRECTION('',(-1.,1.224646799147E-16,0.));
#11477 = ADVANCED_FACE('',(#11478),#11504,.F.);
#11478 = FACE_BOUND('',#11479,.F.);
#11479 = EDGE_LOOP('',(#11480,#11488,#11489,#11490,#11498));
#11480 = ORIENTED_EDGE('',*,*,#11481,.T.);
#11481 = EDGE_CURVE('',#11482,#11275,#11484,.T.);
#11482 = VERTEX_POINT('',#11483);
#11483 = CARTESIAN_POINT('',(-3.9,-0.325,0.));
#11484 = LINE('',#11485,#11486);
#11485 = CARTESIAN_POINT('',(-3.9,-0.325,0.));
#11486 = VECTOR('',#11487,1.);
#11487 = DIRECTION('',(0.,0.,1.));
#11488 = ORIENTED_EDGE('',*,*,#11282,.T.);
#11489 = ORIENTED_EDGE('',*,*,#11227,.T.);
#11490 = ORIENTED_EDGE('',*,*,#11491,.F.);
#11491 = EDGE_CURVE('',#11492,#11219,#11494,.T.);
#11492 = VERTEX_POINT('',#11493);
#11493 = CARTESIAN_POINT('',(-1.225,-0.325,0.));
#11494 = LINE('',#11495,#11496);
#11495 = CARTESIAN_POINT('',(-1.225,-0.325,0.));
#11496 = VECTOR('',#11497,1.);
#11497 = DIRECTION('',(0.,0.,1.));
#11498 = ORIENTED_EDGE('',*,*,#11499,.F.);
#11499 = EDGE_CURVE('',#11482,#11492,#11500,.T.);
#11500 = LINE('',#11501,#11502);
#11501 = CARTESIAN_POINT('',(-3.9,-0.325,0.));
#11502 = VECTOR('',#11503,1.);
#11503 = DIRECTION('',(1.,-1.224646799147E-16,0.));
#11504 = PLANE('',#11505);
#11505 = AXIS2_PLACEMENT_3D('',#11506,#11507,#11508);
#11506 = CARTESIAN_POINT('',(-3.9,-0.325,0.));
#11507 = DIRECTION('',(1.224646799147E-16,1.,0.));
#11508 = DIRECTION('',(1.,-1.224646799147E-16,0.));
#11509 = ADVANCED_FACE('',(#11510),#11529,.T.);
#11510 = FACE_BOUND('',#11511,.T.);
#11511 = EDGE_LOOP('',(#11512,#11521,#11527,#11528));
#11512 = ORIENTED_EDGE('',*,*,#11513,.T.);
#11513 = EDGE_CURVE('',#11492,#11514,#11516,.T.);
#11514 = VERTEX_POINT('',#11515);
#11515 = CARTESIAN_POINT('',(-1.225,0.325,0.));
#11516 = CIRCLE('',#11517,0.325);
#11517 = AXIS2_PLACEMENT_3D('',#11518,#11519,#11520);
#11518 = CARTESIAN_POINT('',(-1.225,1.500192328956E-16,0.));
#11519 = DIRECTION('',(0.,0.,1.));
#11520 = DIRECTION('',(-8.056788489148E-16,-1.,0.));
#11521 = ORIENTED_EDGE('',*,*,#11522,.T.);
#11522 = EDGE_CURVE('',#11514,#11211,#11523,.T.);
#11523 = LINE('',#11524,#11525);
#11524 = CARTESIAN_POINT('',(-1.225,0.325,0.));
#11525 = VECTOR('',#11526,1.);
#11526 = DIRECTION('',(0.,0.,1.));
#11527 = ORIENTED_EDGE('',*,*,#11218,.F.);
#11528 = ORIENTED_EDGE('',*,*,#11491,.F.);
#11529 = CYLINDRICAL_SURFACE('',#11530,0.325);
#11530 = AXIS2_PLACEMENT_3D('',#11531,#11532,#11533);
#11531 = CARTESIAN_POINT('',(-1.225,1.500192328956E-16,0.));
#11532 = DIRECTION('',(0.,0.,-1.));
#11533 = DIRECTION('',(-8.056788489148E-16,-1.,-0.));
#11534 = ADVANCED_FACE('',(#11535),#11554,.F.);
#11535 = FACE_BOUND('',#11536,.F.);
#11536 = EDGE_LOOP('',(#11537,#11538,#11539,#11540,#11548));
#11537 = ORIENTED_EDGE('',*,*,#11522,.T.);
#11538 = ORIENTED_EDGE('',*,*,#11210,.T.);
#11539 = ORIENTED_EDGE('',*,*,#11266,.T.);
#11540 = ORIENTED_EDGE('',*,*,#11541,.F.);
#11541 = EDGE_CURVE('',#11542,#11267,#11544,.T.);
#11542 = VERTEX_POINT('',#11543);
#11543 = CARTESIAN_POINT('',(-3.9,0.325,0.));
#11544 = LINE('',#11545,#11546);
#11545 = CARTESIAN_POINT('',(-3.9,0.325,0.));
#11546 = VECTOR('',#11547,1.);
#11547 = DIRECTION('',(0.,0.,1.));
#11548 = ORIENTED_EDGE('',*,*,#11549,.F.);
#11549 = EDGE_CURVE('',#11514,#11542,#11550,.T.);
#11550 = LINE('',#11551,#11552);
#11551 = CARTESIAN_POINT('',(-1.225,0.325,0.));
#11552 = VECTOR('',#11553,1.);
#11553 = DIRECTION('',(-1.,1.432165121507E-16,0.));
#11554 = PLANE('',#11555);
#11555 = AXIS2_PLACEMENT_3D('',#11556,#11557,#11558);
#11556 = CARTESIAN_POINT('',(-1.225,0.325,0.));
#11557 = DIRECTION('',(-1.432165121507E-16,-1.,0.));
#11558 = DIRECTION('',(-1.,1.432165121507E-16,0.));
#11559 = ADVANCED_FACE('',(#11560),#11586,.F.);
#11560 = FACE_BOUND('',#11561,.F.);
#11561 = EDGE_LOOP('',(#11562,#11570,#11571,#11572,#11580));
#11562 = ORIENTED_EDGE('',*,*,#11563,.T.);
#11563 = EDGE_CURVE('',#11564,#11407,#11566,.T.);
#11564 = VERTEX_POINT('',#11565);
#11565 = CARTESIAN_POINT('',(3.9,0.325,0.));
#11566 = LINE('',#11567,#11568);
#11567 = CARTESIAN_POINT('',(3.9,0.325,0.));
#11568 = VECTOR('',#11569,1.);
#11569 = DIRECTION('',(0.,0.,1.));
#11570 = ORIENTED_EDGE('',*,*,#11414,.T.);
#11571 = ORIENTED_EDGE('',*,*,#11188,.T.);
#11572 = ORIENTED_EDGE('',*,*,#11573,.F.);
#11573 = EDGE_CURVE('',#11574,#11180,#11576,.T.);
#11574 = VERTEX_POINT('',#11575);
#11575 = CARTESIAN_POINT('',(1.225,0.325,0.));
#11576 = LINE('',#11577,#11578);
#11577 = CARTESIAN_POINT('',(1.225,0.325,0.));
#11578 = VECTOR('',#11579,1.);
#11579 = DIRECTION('',(0.,0.,1.));
#11580 = ORIENTED_EDGE('',*,*,#11581,.F.);
#11581 = EDGE_CURVE('',#11564,#11574,#11582,.T.);
#11582 = LINE('',#11583,#11584);
#11583 = CARTESIAN_POINT('',(3.9,0.325,0.));
#11584 = VECTOR('',#11585,1.);
#11585 = DIRECTION('',(-1.,2.449293598295E-16,0.));
#11586 = PLANE('',#11587);
#11587 = AXIS2_PLACEMENT_3D('',#11588,#11589,#11590);
#11588 = CARTESIAN_POINT('',(3.9,0.325,0.));
#11589 = DIRECTION('',(-2.449293598295E-16,-1.,0.));
#11590 = DIRECTION('',(-1.,2.449293598295E-16,0.));
#11591 = ADVANCED_FACE('',(#11592),#11611,.T.);
#11592 = FACE_BOUND('',#11593,.T.);
#11593 = EDGE_LOOP('',(#11594,#11603,#11609,#11610));
#11594 = ORIENTED_EDGE('',*,*,#11595,.T.);
#11595 = EDGE_CURVE('',#11574,#11596,#11598,.T.);
#11596 = VERTEX_POINT('',#11597);
#11597 = CARTESIAN_POINT('',(1.225,-0.325,0.));
#11598 = CIRCLE('',#11599,0.325);
#11599 = AXIS2_PLACEMENT_3D('',#11600,#11601,#11602);
#11600 = CARTESIAN_POINT('',(1.225,-3.000384657911E-16,0.));
#11601 = DIRECTION('',(0.,-0.,1.));
#11602 = DIRECTION('',(9.281435288296E-16,1.,0.));
#11603 = ORIENTED_EDGE('',*,*,#11604,.T.);
#11604 = EDGE_CURVE('',#11596,#11172,#11605,.T.);
#11605 = LINE('',#11606,#11607);
#11606 = CARTESIAN_POINT('',(1.225,-0.325,0.));
#11607 = VECTOR('',#11608,1.);
#11608 = DIRECTION('',(0.,0.,1.));
#11609 = ORIENTED_EDGE('',*,*,#11179,.F.);
#11610 = ORIENTED_EDGE('',*,*,#11573,.F.);
#11611 = CYLINDRICAL_SURFACE('',#11612,0.325);
#11612 = AXIS2_PLACEMENT_3D('',#11613,#11614,#11615);
#11613 = CARTESIAN_POINT('',(1.225,-3.000384657911E-16,0.));
#11614 = DIRECTION('',(-0.,0.,-1.));
#11615 = DIRECTION('',(9.281435288296E-16,1.,0.));
#11616 = ADVANCED_FACE('',(#11617),#11636,.F.);
#11617 = FACE_BOUND('',#11618,.F.);
#11618 = EDGE_LOOP('',(#11619,#11620,#11621,#11622,#11630));
#11619 = ORIENTED_EDGE('',*,*,#11604,.T.);
#11620 = ORIENTED_EDGE('',*,*,#11171,.T.);
#11621 = ORIENTED_EDGE('',*,*,#11398,.T.);
#11622 = ORIENTED_EDGE('',*,*,#11623,.F.);
#11623 = EDGE_CURVE('',#11624,#11399,#11626,.T.);
#11624 = VERTEX_POINT('',#11625);
#11625 = CARTESIAN_POINT('',(3.9,-0.325,0.));
#11626 = LINE('',#11627,#11628);
#11627 = CARTESIAN_POINT('',(3.9,-0.325,0.));
#11628 = VECTOR('',#11629,1.);
#11629 = DIRECTION('',(0.,0.,1.));
#11630 = ORIENTED_EDGE('',*,*,#11631,.F.);
#11631 = EDGE_CURVE('',#11596,#11624,#11632,.T.);
#11632 = LINE('',#11633,#11634);
#11633 = CARTESIAN_POINT('',(1.225,-0.325,0.));
#11634 = VECTOR('',#11635,1.);
#11635 = DIRECTION('',(1.,-2.656811920655E-16,0.));
#11636 = PLANE('',#11637);
#11637 = AXIS2_PLACEMENT_3D('',#11638,#11639,#11640);
#11638 = CARTESIAN_POINT('',(1.225,-0.325,0.));
#11639 = DIRECTION('',(2.656811920655E-16,1.,0.));
#11640 = DIRECTION('',(1.,-2.656811920655E-16,0.));
#11641 = ADVANCED_FACE('',(#11642),#11653,.F.);
#11642 = FACE_BOUND('',#11643,.F.);
#11643 = EDGE_LOOP('',(#11644,#11645,#11646,#11647));
#11644 = ORIENTED_EDGE('',*,*,#11541,.T.);
#11645 = ORIENTED_EDGE('',*,*,#11274,.T.);
#11646 = ORIENTED_EDGE('',*,*,#11481,.F.);
#11647 = ORIENTED_EDGE('',*,*,#11648,.F.);
#11648 = EDGE_CURVE('',#11542,#11482,#11649,.T.);
#11649 = LINE('',#11650,#11651);
#11650 = CARTESIAN_POINT('',(-3.9,0.325,0.));
#11651 = VECTOR('',#11652,1.);
#11652 = DIRECTION('',(-1.224646799147E-16,-1.,0.));
#11653 = PLANE('',#11654);
#11654 = AXIS2_PLACEMENT_3D('',#11655,#11656,#11657);
#11655 = CARTESIAN_POINT('',(-3.9,0.325,0.));
#11656 = DIRECTION('',(1.,-1.224646799147E-16,0.));
#11657 = DIRECTION('',(-1.224646799147E-16,-1.,0.));
#11658 = ADVANCED_FACE('',(#11659),#11670,.F.);
#11659 = FACE_BOUND('',#11660,.F.);
#11660 = EDGE_LOOP('',(#11661,#11662,#11663,#11664));
#11661 = ORIENTED_EDGE('',*,*,#11623,.T.);
#11662 = ORIENTED_EDGE('',*,*,#11406,.T.);
#11663 = ORIENTED_EDGE('',*,*,#11563,.F.);
#11664 = ORIENTED_EDGE('',*,*,#11665,.F.);
#11665 = EDGE_CURVE('',#11624,#11564,#11666,.T.);
#11666 = LINE('',#11667,#11668);
#11667 = CARTESIAN_POINT('',(3.9,-0.325,0.));
#11668 = VECTOR('',#11669,1.);
#11669 = DIRECTION('',(2.449293598295E-16,1.,0.));
#11670 = PLANE('',#11671);
#11671 = AXIS2_PLACEMENT_3D('',#11672,#11673,#11674);
#11672 = CARTESIAN_POINT('',(3.9,-0.325,0.));
#11673 = DIRECTION('',(-1.,2.449293598295E-16,0.));
#11674 = DIRECTION('',(2.449293598295E-16,1.,0.));
#11675 = ADVANCED_FACE('',(#11676),#11718,.T.);
#11676 = FACE_BOUND('',#11677,.T.);
#11677 = EDGE_LOOP('',(#11678,#11689,#11710,#11711));
#11678 = ORIENTED_EDGE('',*,*,#11679,.T.);
#11679 = EDGE_CURVE('',#11680,#11682,#11684,.T.);
#11680 = VERTEX_POINT('',#11681);
#11681 = CARTESIAN_POINT('',(-2.73,3.343285761672E-16,5.4));
#11682 = VERTEX_POINT('',#11683);
#11683 = CARTESIAN_POINT('',(0.945,2.561225292707,5.4));
#11684 = CIRCLE('',#11685,2.73);
#11685 = AXIS2_PLACEMENT_3D('',#11686,#11687,#11688);
#11686 = CARTESIAN_POINT('',(0.,0.,5.4));
#11687 = DIRECTION('',(0.,0.,-1.));
#11688 = DIRECTION('',(-1.,1.224646799147E-16,0.));
#11689 = ORIENTED_EDGE('',*,*,#11690,.F.);
#11690 = EDGE_CURVE('',#11439,#11682,#11691,.T.);
#11691 = B_SPLINE_CURVE_WITH_KNOTS('',5,(#11692,#11693,#11694,#11695,
    #11696,#11697,#11698,#11699,#11700,#11701,#11702,#11703,#11704,
    #11705,#11706,#11707,#11708,#11709),.UNSPECIFIED.,.F.,.F.,(6,4,4,4,6
    ),(0.,0.249577466955,0.497599275591,0.74730978514,1.),
  .UNSPECIFIED.);
#11692 = CARTESIAN_POINT('',(0.945,3.004908484463,4.98));
#11693 = CARTESIAN_POINT('',(0.945,3.00490848098,5.013228015972));
#11694 = CARTESIAN_POINT('',(0.945,3.001463821946,5.046456730622));
#11695 = CARTESIAN_POINT('',(0.945,2.994574119979,5.079237505919));
#11696 = CARTESIAN_POINT('',(0.945,2.984338296282,5.111126992482));
#11697 = CARTESIAN_POINT('',(0.945,2.957631160106,5.172127049006));
#11698 = CARTESIAN_POINT('',(0.945,2.941198599864,5.201254840031));
#11699 = CARTESIAN_POINT('',(0.945,2.921827872491,5.228710244247));
#11700 = CARTESIAN_POINT('',(0.945,2.899782785018,5.254145479611));
#11701 = CARTESIAN_POINT('',(0.945,2.850815155175,5.300572655349));
#11702 = CARTESIAN_POINT('',(0.945,2.823859719074,5.32153380299));
#11703 = CARTESIAN_POINT('',(0.945,2.794840653888,5.33987747649));
#11704 = CARTESIAN_POINT('',(0.945,2.764133571656,5.355390822856));
#11705 = CARTESIAN_POINT('',(0.945,2.699757531029,5.380632446489));
#11706 = CARTESIAN_POINT('',(0.945,2.666057065744,5.390289667083));
#11707 = CARTESIAN_POINT('',(0.945,2.631447275386,5.396766294835));
#11708 = CARTESIAN_POINT('',(0.945,2.596359892027,5.399999996714));
#11709 = CARTESIAN_POINT('',(0.945,2.561225292707,5.4));
#11710 = ORIENTED_EDGE('',*,*,#11438,.F.);
#11711 = ORIENTED_EDGE('',*,*,#11712,.T.);
#11712 = EDGE_CURVE('',#11431,#11680,#11713,.T.);
#11713 = CIRCLE('',#11714,0.42);
#11714 = AXIS2_PLACEMENT_3D('',#11715,#11716,#11717);
#11715 = CARTESIAN_POINT('',(-2.73,3.343285761672E-16,4.98));
#11716 = DIRECTION('',(1.224646799147E-16,1.,-0.));
#11717 = DIRECTION('',(-1.,1.224646799147E-16,0.));
#11718 = TOROIDAL_SURFACE('',#11719,2.73,0.42);
#11719 = AXIS2_PLACEMENT_3D('',#11720,#11721,#11722);
#11720 = CARTESIAN_POINT('',(0.,0.,4.98));
#11721 = DIRECTION('',(0.,0.,1.));
#11722 = DIRECTION('',(-1.,1.224646799147E-16,0.));
#11723 = ADVANCED_FACE('',(#11724),#11759,.T.);
#11724 = FACE_BOUND('',#11725,.T.);
#11725 = EDGE_LOOP('',(#11726,#11735,#11756,#11757,#11758));
#11726 = ORIENTED_EDGE('',*,*,#11727,.T.);
#11727 = EDGE_CURVE('',#11682,#11728,#11730,.T.);
#11728 = VERTEX_POINT('',#11729);
#11729 = CARTESIAN_POINT('',(0.945,-2.561225292707,5.4));
#11730 = CIRCLE('',#11731,2.73);
#11731 = AXIS2_PLACEMENT_3D('',#11732,#11733,#11734);
#11732 = CARTESIAN_POINT('',(0.,0.,5.4));
#11733 = DIRECTION('',(0.,0.,-1.));
#11734 = DIRECTION('',(-1.,1.224646799147E-16,0.));
#11735 = ORIENTED_EDGE('',*,*,#11736,.F.);
#11736 = EDGE_CURVE('',#11457,#11728,#11737,.T.);
#11737 = B_SPLINE_CURVE_WITH_KNOTS('',5,(#11738,#11739,#11740,#11741,
    #11742,#11743,#11744,#11745,#11746,#11747,#11748,#11749,#11750,
    #11751,#11752,#11753,#11754,#11755),.UNSPECIFIED.,.F.,.F.,(6,4,4,4,6
    ),(0.,0.249577466959,0.497599275595,0.747309785144,1.),
  .UNSPECIFIED.);
#11738 = CARTESIAN_POINT('',(0.945,-3.004908484463,4.98));
#11739 = CARTESIAN_POINT('',(0.945,-3.00490848098,5.013228015972));
#11740 = CARTESIAN_POINT('',(0.945,-3.001463821946,5.046456730623));
#11741 = CARTESIAN_POINT('',(0.945,-2.994574119979,5.07923750592));
#11742 = CARTESIAN_POINT('',(0.945,-2.984338296281,5.111126992484));
#11743 = CARTESIAN_POINT('',(0.945,-2.957631160105,5.172127049008));
#11744 = CARTESIAN_POINT('',(0.945,-2.941198599863,5.201254840033));
#11745 = CARTESIAN_POINT('',(0.945,-2.921827872489,5.228710244249));
#11746 = CARTESIAN_POINT('',(0.945,-2.899782785017,5.254145479613));
#11747 = CARTESIAN_POINT('',(0.945,-2.850815155173,5.300572655351));
#11748 = CARTESIAN_POINT('',(0.945,-2.823859719072,5.321533802992));
#11749 = CARTESIAN_POINT('',(0.945,-2.794840653886,5.339877476491));
#11750 = CARTESIAN_POINT('',(0.945,-2.764133571654,5.355390822857));
#11751 = CARTESIAN_POINT('',(0.945,-2.699757531027,5.380632446489));
#11752 = CARTESIAN_POINT('',(0.945,-2.666057065743,5.390289667083));
#11753 = CARTESIAN_POINT('',(0.945,-2.631447275385,5.396766294835));
#11754 = CARTESIAN_POINT('',(0.945,-2.596359892027,5.399999996714));
#11755 = CARTESIAN_POINT('',(0.945,-2.561225292707,5.4));
#11756 = ORIENTED_EDGE('',*,*,#11456,.F.);
#11757 = ORIENTED_EDGE('',*,*,#11447,.F.);
#11758 = ORIENTED_EDGE('',*,*,#11690,.T.);
#11759 = TOROIDAL_SURFACE('',#11760,2.73,0.42);
#11760 = AXIS2_PLACEMENT_3D('',#11761,#11762,#11763);
#11761 = CARTESIAN_POINT('',(0.,0.,4.98));
#11762 = DIRECTION('',(0.,0.,1.));
#11763 = DIRECTION('',(-1.,1.224646799147E-16,0.));
#11764 = ADVANCED_FACE('',(#11765),#11777,.T.);
#11765 = FACE_BOUND('',#11766,.T.);
#11766 = EDGE_LOOP('',(#11767,#11768,#11775,#11776));
#11767 = ORIENTED_EDGE('',*,*,#11736,.T.);
#11768 = ORIENTED_EDGE('',*,*,#11769,.T.);
#11769 = EDGE_CURVE('',#11728,#11680,#11770,.T.);
#11770 = CIRCLE('',#11771,2.73);
#11771 = AXIS2_PLACEMENT_3D('',#11772,#11773,#11774);
#11772 = CARTESIAN_POINT('',(0.,0.,5.4));
#11773 = DIRECTION('',(0.,0.,-1.));
#11774 = DIRECTION('',(-1.,1.224646799147E-16,0.));
#11775 = ORIENTED_EDGE('',*,*,#11712,.F.);
#11776 = ORIENTED_EDGE('',*,*,#11465,.F.);
#11777 = TOROIDAL_SURFACE('',#11778,2.73,0.42);
#11778 = AXIS2_PLACEMENT_3D('',#11779,#11780,#11781);
#11779 = CARTESIAN_POINT('',(0.,0.,4.98));
#11780 = DIRECTION('',(0.,0.,1.));
#11781 = DIRECTION('',(-1.,1.224646799147E-16,0.));
#11782 = ADVANCED_FACE('',(#11783),#11789,.F.);
#11783 = FACE_BOUND('',#11784,.F.);
#11784 = EDGE_LOOP('',(#11785,#11786,#11787,#11788));
#11785 = ORIENTED_EDGE('',*,*,#11648,.T.);
#11786 = ORIENTED_EDGE('',*,*,#11499,.T.);
#11787 = ORIENTED_EDGE('',*,*,#11513,.T.);
#11788 = ORIENTED_EDGE('',*,*,#11549,.T.);
#11789 = PLANE('',#11790);
#11790 = AXIS2_PLACEMENT_3D('',#11791,#11792,#11793);
#11791 = CARTESIAN_POINT('',(-2.47395012666,2.870543344061E-16,0.));
#11792 = DIRECTION('',(0.,0.,1.));
#11793 = DIRECTION('',(-1.,1.224646799147E-16,0.));
#11794 = ADVANCED_FACE('',(#11795),#11801,.F.);
#11795 = FACE_BOUND('',#11796,.F.);
#11796 = EDGE_LOOP('',(#11797,#11798,#11799,#11800));
#11797 = ORIENTED_EDGE('',*,*,#11665,.T.);
#11798 = ORIENTED_EDGE('',*,*,#11581,.T.);
#11799 = ORIENTED_EDGE('',*,*,#11595,.T.);
#11800 = ORIENTED_EDGE('',*,*,#11631,.T.);
#11801 = PLANE('',#11802);
#11802 = AXIS2_PLACEMENT_3D('',#11803,#11804,#11805);
#11803 = CARTESIAN_POINT('',(2.47395012666,-5.900258447925E-16,0.));
#11804 = DIRECTION('',(0.,0.,1.));
#11805 = DIRECTION('',(1.,-2.449293598295E-16,0.));
#11806 = ADVANCED_FACE('',(#11807),#11817,.F.);
#11807 = FACE_BOUND('',#11808,.F.);
#11808 = EDGE_LOOP('',(#11809,#11810,#11811));
#11809 = ORIENTED_EDGE('',*,*,#11769,.T.);
#11810 = ORIENTED_EDGE('',*,*,#11679,.T.);
#11811 = ORIENTED_EDGE('',*,*,#11812,.T.);
#11812 = EDGE_CURVE('',#11682,#11728,#11813,.T.);
#11813 = LINE('',#11814,#11815);
#11814 = CARTESIAN_POINT('',(0.945,3.15,5.4));
#11815 = VECTOR('',#11816,1.);
#11816 = DIRECTION('',(-1.224646799147E-16,-1.,0.));
#11817 = PLANE('',#11818);
#11818 = AXIS2_PLACEMENT_3D('',#11819,#11820,#11821);
#11819 = CARTESIAN_POINT('',(0.,0.,5.4));
#11820 = DIRECTION('',(-0.,0.,-1.));
#11821 = DIRECTION('',(-1.,1.224646799147E-16,0.));
#11822 = ADVANCED_FACE('',(#11823),#11827,.T.);
#11823 = FACE_BOUND('',#11824,.T.);
#11824 = EDGE_LOOP('',(#11825,#11826));
#11825 = ORIENTED_EDGE('',*,*,#11727,.F.);
#11826 = ORIENTED_EDGE('',*,*,#11812,.T.);
#11827 = PLANE('',#11828);
#11828 = AXIS2_PLACEMENT_3D('',#11829,#11830,#11831);
#11829 = CARTESIAN_POINT('',(3.15,3.15,5.4));
#11830 = DIRECTION('',(0.,0.,1.));
#11831 = DIRECTION('',(-1.,1.224646799147E-16,0.));
#11832 = ( GEOMETRIC_REPRESENTATION_CONTEXT(3) 
GLOBAL_UNCERTAINTY_ASSIGNED_CONTEXT((#11836)) 
GLOBAL_UNIT_ASSIGNED_CONTEXT((#11833,#11834,#11835)) 
REPRESENTATION_CONTEXT('Context #1',
  '3D Context with UNIT and UNCERTAINTY') );
#11833 = ( LENGTH_UNIT() NAMED_UNIT(*) SI_UNIT(.MILLI.,.METRE.) );
#11834 = ( NAMED_UNIT(*) PLANE_ANGLE_UNIT() SI_UNIT($,.RADIAN.) );
#11835 = ( NAMED_UNIT(*) SI_UNIT($,.STERADIAN.) SOLID_ANGLE_UNIT() );
#11836 = UNCERTAINTY_MEASURE_WITH_UNIT(LENGTH_MEASURE(1.E-06),#11833,
  'distance_accuracy_value','confusion accuracy');
#11837 = CONTEXT_DEPENDENT_SHAPE_REPRESENTATION(#11838,#11840);
#11838 = ( REPRESENTATION_RELATIONSHIP('','',#10466,#10) 
REPRESENTATION_RELATIONSHIP_WITH_TRANSFORMATION(#11839) 
SHAPE_REPRESENTATION_RELATIONSHIP() );
#11839 = ITEM_DEFINED_TRANSFORMATION('','',#11,#107);
#11840 = PRODUCT_DEFINITION_SHAPE('Placement','Placement of an item',
  #11841);
#11841 = NEXT_ASSEMBLY_USAGE_OCCURRENCE('29','C1','',#5,#10461,$);
#11842 = PRODUCT_RELATED_PRODUCT_CATEGORY('part',$,(#10463));
#11843 = CONTEXT_DEPENDENT_SHAPE_REPRESENTATION(#11844,#11846);
#11844 = ( REPRESENTATION_RELATIONSHIP('','',#10466,#10) 
REPRESENTATION_RELATIONSHIP_WITH_TRANSFORMATION(#11845) 
SHAPE_REPRESENTATION_RELATIONSHIP() );
#11845 = ITEM_DEFINED_TRANSFORMATION('','',#11,#111);
#11846 = PRODUCT_DEFINITION_SHAPE('Placement','Placement of an item',
  #11847);
#11847 = NEXT_ASSEMBLY_USAGE_OCCURRENCE('30','C6','',#5,#10461,$);
#11848 = SHAPE_DEFINITION_REPRESENTATION(#11849,#11855);
#11849 = PRODUCT_DEFINITION_SHAPE('','',#11850);
#11850 = PRODUCT_DEFINITION('design','',#11851,#11854);
#11851 = PRODUCT_DEFINITION_FORMATION('','',#11852);
#11852 = PRODUCT('main_board_PCB','main_board_PCB','',(#11853));
#11853 = PRODUCT_CONTEXT('',#2,'mechanical');
#11854 = PRODUCT_DEFINITION_CONTEXT('part definition',#2,'design');
#11855 = ADVANCED_BREP_SHAPE_REPRESENTATION('',(#11,#11856),#13548);
#11856 = MANIFOLD_SOLID_BREP('',#11857);
#11857 = CLOSED_SHELL('',(#11858,#11900,#11931,#11962,#12392,#12822,
    #12839,#12856,#12873,#12890,#12907,#12924,#12941,#12958,#12975,
    #12992,#13004,#13026,#13043,#13060,#13072,#13094,#13111,#13128,
    #13140,#13157,#13174,#13191,#13208,#13225,#13242,#13259,#13276,
    #13293,#13310,#13327,#13344,#13361,#13378,#13395,#13412,#13434,
    #13451,#13468,#13480,#13497,#13514,#13531));
#11858 = ADVANCED_FACE('',(#11859),#11895,.T.);
#11859 = FACE_BOUND('',#11860,.T.);
#11860 = EDGE_LOOP('',(#11861,#11871,#11880,#11888));
#11861 = ORIENTED_EDGE('',*,*,#11862,.T.);
#11862 = EDGE_CURVE('',#11863,#11865,#11867,.T.);
#11863 = VERTEX_POINT('',#11864);
#11864 = CARTESIAN_POINT('',(206.25,-133.25,0.));
#11865 = VERTEX_POINT('',#11866);
#11866 = CARTESIAN_POINT('',(206.25,-133.25,1.51));
#11867 = LINE('',#11868,#11869);
#11868 = CARTESIAN_POINT('',(206.25,-133.25,0.));
#11869 = VECTOR('',#11870,1.);
#11870 = DIRECTION('',(0.,0.,1.));
#11871 = ORIENTED_EDGE('',*,*,#11872,.T.);
#11872 = EDGE_CURVE('',#11865,#11873,#11875,.T.);
#11873 = VERTEX_POINT('',#11874);
#11874 = CARTESIAN_POINT('',(207.5,-134.5,1.51));
#11875 = CIRCLE('',#11876,1.250001626819);
#11876 = AXIS2_PLACEMENT_3D('',#11877,#11878,#11879);
#11877 = CARTESIAN_POINT('',(206.24999837318,-134.5000016268,1.51));
#11878 = DIRECTION('',(0.,0.,-1.));
#11879 = DIRECTION('',(1.301452641807E-06,0.999999999999,0.));
#11880 = ORIENTED_EDGE('',*,*,#11881,.F.);
#11881 = EDGE_CURVE('',#11882,#11873,#11884,.T.);
#11882 = VERTEX_POINT('',#11883);
#11883 = CARTESIAN_POINT('',(207.5,-134.5,0.));
#11884 = LINE('',#11885,#11886);
#11885 = CARTESIAN_POINT('',(207.5,-134.5,0.));
#11886 = VECTOR('',#11887,1.);
#11887 = DIRECTION('',(0.,0.,1.));
#11888 = ORIENTED_EDGE('',*,*,#11889,.F.);
#11889 = EDGE_CURVE('',#11863,#11882,#11890,.T.);
#11890 = CIRCLE('',#11891,1.250001626819);
#11891 = AXIS2_PLACEMENT_3D('',#11892,#11893,#11894);
#11892 = CARTESIAN_POINT('',(206.24999837318,-134.5000016268,0.));
#11893 = DIRECTION('',(0.,0.,-1.));
#11894 = DIRECTION('',(1.301452641807E-06,0.999999999999,0.));
#11895 = CYLINDRICAL_SURFACE('',#11896,1.250001626819);
#11896 = AXIS2_PLACEMENT_3D('',#11897,#11898,#11899);
#11897 = CARTESIAN_POINT('',(206.24999837318,-134.5000016268,0.));
#11898 = DIRECTION('',(0.,0.,-1.));
#11899 = DIRECTION('',(1.301452641807E-06,0.999999999999,0.));
#11900 = ADVANCED_FACE('',(#11901),#11926,.T.);
#11901 = FACE_BOUND('',#11902,.T.);
#11902 = EDGE_LOOP('',(#11903,#11913,#11919,#11920));
#11903 = ORIENTED_EDGE('',*,*,#11904,.T.);
#11904 = EDGE_CURVE('',#11905,#11907,#11909,.T.);
#11905 = VERTEX_POINT('',#11906);
#11906 = CARTESIAN_POINT('',(159.25,-133.25,0.));
#11907 = VERTEX_POINT('',#11908);
#11908 = CARTESIAN_POINT('',(159.25,-133.25,1.51));
#11909 = LINE('',#11910,#11911);
#11910 = CARTESIAN_POINT('',(159.25,-133.25,0.));
#11911 = VECTOR('',#11912,1.);
#11912 = DIRECTION('',(0.,0.,1.));
#11913 = ORIENTED_EDGE('',*,*,#11914,.T.);
#11914 = EDGE_CURVE('',#11907,#11865,#11915,.T.);
#11915 = LINE('',#11916,#11917);
#11916 = CARTESIAN_POINT('',(159.25,-133.25,1.51));
#11917 = VECTOR('',#11918,1.);
#11918 = DIRECTION('',(1.,0.,0.));
#11919 = ORIENTED_EDGE('',*,*,#11862,.F.);
#11920 = ORIENTED_EDGE('',*,*,#11921,.F.);
#11921 = EDGE_CURVE('',#11905,#11863,#11922,.T.);
#11922 = LINE('',#11923,#11924);
#11923 = CARTESIAN_POINT('',(159.25,-133.25,0.));
#11924 = VECTOR('',#11925,1.);
#11925 = DIRECTION('',(1.,0.,0.));
#11926 = PLANE('',#11927);
#11927 = AXIS2_PLACEMENT_3D('',#11928,#11929,#11930);
#11928 = CARTESIAN_POINT('',(159.25,-133.25,0.));
#11929 = DIRECTION('',(0.,1.,0.));
#11930 = DIRECTION('',(1.,0.,0.));
#11931 = ADVANCED_FACE('',(#11932),#11957,.T.);
#11932 = FACE_BOUND('',#11933,.T.);
#11933 = EDGE_LOOP('',(#11934,#11935,#11943,#11951));
#11934 = ORIENTED_EDGE('',*,*,#11881,.T.);
#11935 = ORIENTED_EDGE('',*,*,#11936,.T.);
#11936 = EDGE_CURVE('',#11873,#11937,#11939,.T.);
#11937 = VERTEX_POINT('',#11938);
#11938 = CARTESIAN_POINT('',(207.5,-152.,1.51));
#11939 = LINE('',#11940,#11941);
#11940 = CARTESIAN_POINT('',(207.5,-134.5,1.51));
#11941 = VECTOR('',#11942,1.);
#11942 = DIRECTION('',(0.,-1.,0.));
#11943 = ORIENTED_EDGE('',*,*,#11944,.F.);
#11944 = EDGE_CURVE('',#11945,#11937,#11947,.T.);
#11945 = VERTEX_POINT('',#11946);
#11946 = CARTESIAN_POINT('',(207.5,-152.,0.));
#11947 = LINE('',#11948,#11949);
#11948 = CARTESIAN_POINT('',(207.5,-152.,0.));
#11949 = VECTOR('',#11950,1.);
#11950 = DIRECTION('',(0.,0.,1.));
#11951 = ORIENTED_EDGE('',*,*,#11952,.F.);
#11952 = EDGE_CURVE('',#11882,#11945,#11953,.T.);
#11953 = LINE('',#11954,#11955);
#11954 = CARTESIAN_POINT('',(207.5,-134.5,0.));
#11955 = VECTOR('',#11956,1.);
#11956 = DIRECTION('',(0.,-1.,0.));
#11957 = PLANE('',#11958);
#11958 = AXIS2_PLACEMENT_3D('',#11959,#11960,#11961);
#11959 = CARTESIAN_POINT('',(207.5,-134.5,0.));
#11960 = DIRECTION('',(1.,0.,-0.));
#11961 = DIRECTION('',(0.,-1.,0.));
#11962 = ADVANCED_FACE('',(#11963,#12059,#12095,#12131,#12142,#12153,
    #12164,#12175,#12186,#12197,#12208,#12219,#12230,#12241,#12252,
    #12263,#12274,#12285,#12296,#12307,#12343,#12354,#12365,#12376),
  #12387,.F.);
#11963 = FACE_BOUND('',#11964,.F.);
#11964 = EDGE_LOOP('',(#11965,#11966,#11967,#11976,#11984,#11992,#12001,
    #12009,#12018,#12026,#12034,#12043,#12051,#12058));
#11965 = ORIENTED_EDGE('',*,*,#11889,.F.);
#11966 = ORIENTED_EDGE('',*,*,#11921,.F.);
#11967 = ORIENTED_EDGE('',*,*,#11968,.F.);
#11968 = EDGE_CURVE('',#11969,#11905,#11971,.T.);
#11969 = VERTEX_POINT('',#11970);
#11970 = CARTESIAN_POINT('',(158.,-134.5,0.));
#11971 = CIRCLE('',#11972,1.250001626819);
#11972 = AXIS2_PLACEMENT_3D('',#11973,#11974,#11975);
#11973 = CARTESIAN_POINT('',(159.25000162681,-134.5000016268,0.));
#11974 = DIRECTION('',(0.,0.,-1.));
#11975 = DIRECTION('',(-0.999999999999,1.301452641807E-06,0.));
#11976 = ORIENTED_EDGE('',*,*,#11977,.F.);
#11977 = EDGE_CURVE('',#11978,#11969,#11980,.T.);
#11978 = VERTEX_POINT('',#11979);
#11979 = CARTESIAN_POINT('',(158.,-138.1,0.));
#11980 = LINE('',#11981,#11982);
#11981 = CARTESIAN_POINT('',(158.,-138.1,0.));
#11982 = VECTOR('',#11983,1.);
#11983 = DIRECTION('',(0.,1.,0.));
#11984 = ORIENTED_EDGE('',*,*,#11985,.F.);
#11985 = EDGE_CURVE('',#11986,#11978,#11988,.T.);
#11986 = VERTEX_POINT('',#11987);
#11987 = CARTESIAN_POINT('',(158.4,-138.1,0.));
#11988 = LINE('',#11989,#11990);
#11989 = CARTESIAN_POINT('',(158.4,-138.1,0.));
#11990 = VECTOR('',#11991,1.);
#11991 = DIRECTION('',(-1.,0.,0.));
#11992 = ORIENTED_EDGE('',*,*,#11993,.F.);
#11993 = EDGE_CURVE('',#11994,#11986,#11996,.T.);
#11994 = VERTEX_POINT('',#11995);
#11995 = CARTESIAN_POINT('',(159.4,-139.1,0.));
#11996 = CIRCLE('',#11997,0.999999252925);
#11997 = AXIS2_PLACEMENT_3D('',#11998,#11999,#12000);
#11998 = CARTESIAN_POINT('',(158.40000074707,-139.0999992529,0.));
#11999 = DIRECTION('',(0.,0.,1.));
#12000 = DIRECTION('',(1.,-7.470757633756E-07,0.));
#12001 = ORIENTED_EDGE('',*,*,#12002,.F.);
#12002 = EDGE_CURVE('',#12003,#11994,#12005,.T.);
#12003 = VERTEX_POINT('',#12004);
#12004 = CARTESIAN_POINT('',(159.4,-144.8,0.));
#12005 = LINE('',#12006,#12007);
#12006 = CARTESIAN_POINT('',(159.4,-144.8,0.));
#12007 = VECTOR('',#12008,1.);
#12008 = DIRECTION('',(0.,1.,0.));
#12009 = ORIENTED_EDGE('',*,*,#12010,.F.);
#12010 = EDGE_CURVE('',#12011,#12003,#12013,.T.);
#12011 = VERTEX_POINT('',#12012);
#12012 = CARTESIAN_POINT('',(158.4,-145.8,0.));
#12013 = CIRCLE('',#12014,0.999999252925);
#12014 = AXIS2_PLACEMENT_3D('',#12015,#12016,#12017);
#12015 = CARTESIAN_POINT('',(158.40000074707,-144.800000747,0.));
#12016 = DIRECTION('',(0.,0.,1.));
#12017 = DIRECTION('',(-7.470757065321E-07,-1.,0.));
#12018 = ORIENTED_EDGE('',*,*,#12019,.F.);
#12019 = EDGE_CURVE('',#12020,#12011,#12022,.T.);
#12020 = VERTEX_POINT('',#12021);
#12021 = CARTESIAN_POINT('',(158.,-145.8,0.));
#12022 = LINE('',#12023,#12024);
#12023 = CARTESIAN_POINT('',(158.,-145.8,0.));
#12024 = VECTOR('',#12025,1.);
#12025 = DIRECTION('',(1.,0.,0.));
#12026 = ORIENTED_EDGE('',*,*,#12027,.F.);
#12027 = EDGE_CURVE('',#12028,#12020,#12030,.T.);
#12028 = VERTEX_POINT('',#12029);
#12029 = CARTESIAN_POINT('',(158.,-152.,0.));
#12030 = LINE('',#12031,#12032);
#12031 = CARTESIAN_POINT('',(158.,-152.,0.));
#12032 = VECTOR('',#12033,1.);
#12033 = DIRECTION('',(0.,1.,0.));
#12034 = ORIENTED_EDGE('',*,*,#12035,.F.);
#12035 = EDGE_CURVE('',#12036,#12028,#12038,.T.);
#12036 = VERTEX_POINT('',#12037);
#12037 = CARTESIAN_POINT('',(159.25,-153.25,0.));
#12038 = CIRCLE('',#12039,1.250001626819);
#12039 = AXIS2_PLACEMENT_3D('',#12040,#12041,#12042);
#12040 = CARTESIAN_POINT('',(159.25000162681,-151.9999983731,0.));
#12041 = DIRECTION('',(0.,0.,-1.));
#12042 = DIRECTION('',(-1.301452641807E-06,-0.999999999999,-0.));
#12043 = ORIENTED_EDGE('',*,*,#12044,.F.);
#12044 = EDGE_CURVE('',#12045,#12036,#12047,.T.);
#12045 = VERTEX_POINT('',#12046);
#12046 = CARTESIAN_POINT('',(206.25,-153.25,0.));
#12047 = LINE('',#12048,#12049);
#12048 = CARTESIAN_POINT('',(206.25,-153.25,0.));
#12049 = VECTOR('',#12050,1.);
#12050 = DIRECTION('',(-1.,0.,0.));
#12051 = ORIENTED_EDGE('',*,*,#12052,.F.);
#12052 = EDGE_CURVE('',#11945,#12045,#12053,.T.);
#12053 = CIRCLE('',#12054,1.250001626819);
#12054 = AXIS2_PLACEMENT_3D('',#12055,#12056,#12057);
#12055 = CARTESIAN_POINT('',(206.24999837318,-151.9999983731,0.));
#12056 = DIRECTION('',(0.,0.,-1.));
#12057 = DIRECTION('',(0.999999999999,-1.301452641807E-06,0.));
#12058 = ORIENTED_EDGE('',*,*,#11952,.F.);
#12059 = FACE_BOUND('',#12060,.F.);
#12060 = EDGE_LOOP('',(#12061,#12072,#12080,#12089));
#12061 = ORIENTED_EDGE('',*,*,#12062,.T.);
#12062 = EDGE_CURVE('',#12063,#12065,#12067,.T.);
#12063 = VERTEX_POINT('',#12064);
#12064 = CARTESIAN_POINT('',(169.,-149.43,0.));
#12065 = VERTEX_POINT('',#12066);
#12066 = CARTESIAN_POINT('',(169.,-150.03,0.));
#12067 = CIRCLE('',#12068,0.3);
#12068 = AXIS2_PLACEMENT_3D('',#12069,#12070,#12071);
#12069 = CARTESIAN_POINT('',(169.,-149.73,0.));
#12070 = DIRECTION('',(-0.,0.,-1.));
#12071 = DIRECTION('',(-0.,-1.,0.));
#12072 = ORIENTED_EDGE('',*,*,#12073,.T.);
#12073 = EDGE_CURVE('',#12065,#12074,#12076,.T.);
#12074 = VERTEX_POINT('',#12075);
#12075 = CARTESIAN_POINT('',(168.,-150.03,0.));
#12076 = LINE('',#12077,#12078);
#12077 = CARTESIAN_POINT('',(84.,-150.03,0.));
#12078 = VECTOR('',#12079,1.);
#12079 = DIRECTION('',(-1.,0.,0.));
#12080 = ORIENTED_EDGE('',*,*,#12081,.T.);
#12081 = EDGE_CURVE('',#12074,#12082,#12084,.T.);
#12082 = VERTEX_POINT('',#12083);
#12083 = CARTESIAN_POINT('',(168.,-149.43,0.));
#12084 = CIRCLE('',#12085,0.3);
#12085 = AXIS2_PLACEMENT_3D('',#12086,#12087,#12088);
#12086 = CARTESIAN_POINT('',(168.,-149.73,0.));
#12087 = DIRECTION('',(-0.,0.,-1.));
#12088 = DIRECTION('',(0.,1.,0.));
#12089 = ORIENTED_EDGE('',*,*,#12090,.T.);
#12090 = EDGE_CURVE('',#12082,#12063,#12091,.T.);
#12091 = LINE('',#12092,#12093);
#12092 = CARTESIAN_POINT('',(84.5,-149.43,0.));
#12093 = VECTOR('',#12094,1.);
#12094 = DIRECTION('',(1.,0.,-0.));
#12095 = FACE_BOUND('',#12096,.F.);
#12096 = EDGE_LOOP('',(#12097,#12108,#12116,#12125));
#12097 = ORIENTED_EDGE('',*,*,#12098,.T.);
#12098 = EDGE_CURVE('',#12099,#12101,#12103,.T.);
#12099 = VERTEX_POINT('',#12100);
#12100 = CARTESIAN_POINT('',(169.,-146.33,0.));
#12101 = VERTEX_POINT('',#12102);
#12102 = CARTESIAN_POINT('',(169.,-146.93,0.));
#12103 = CIRCLE('',#12104,0.3);
#12104 = AXIS2_PLACEMENT_3D('',#12105,#12106,#12107);
#12105 = CARTESIAN_POINT('',(169.,-146.63,0.));
#12106 = DIRECTION('',(-0.,0.,-1.));
#12107 = DIRECTION('',(-9.473903143469E-14,-1.,0.));
#12108 = ORIENTED_EDGE('',*,*,#12109,.T.);
#12109 = EDGE_CURVE('',#12101,#12110,#12112,.T.);
#12110 = VERTEX_POINT('',#12111);
#12111 = CARTESIAN_POINT('',(168.,-146.93,0.));
#12112 = LINE('',#12113,#12114);
#12113 = CARTESIAN_POINT('',(84.,-146.93,0.));
#12114 = VECTOR('',#12115,1.);
#12115 = DIRECTION('',(-1.,0.,0.));
#12116 = ORIENTED_EDGE('',*,*,#12117,.T.);
#12117 = EDGE_CURVE('',#12110,#12118,#12120,.T.);
#12118 = VERTEX_POINT('',#12119);
#12119 = CARTESIAN_POINT('',(168.,-146.33,0.));
#12120 = CIRCLE('',#12121,0.3);
#12121 = AXIS2_PLACEMENT_3D('',#12122,#12123,#12124);
#12122 = CARTESIAN_POINT('',(168.,-146.63,0.));
#12123 = DIRECTION('',(0.,-0.,-1.));
#12124 = DIRECTION('',(9.473903143468E-14,1.,-0.));
#12125 = ORIENTED_EDGE('',*,*,#12126,.T.);
#12126 = EDGE_CURVE('',#12118,#12099,#12127,.T.);
#12127 = LINE('',#12128,#12129);
#12128 = CARTESIAN_POINT('',(84.5,-146.33,0.));
#12129 = VECTOR('',#12130,1.);
#12130 = DIRECTION('',(1.,0.,-0.));
#12131 = FACE_BOUND('',#12132,.F.);
#12132 = EDGE_LOOP('',(#12133));
#12133 = ORIENTED_EDGE('',*,*,#12134,.T.);
#12134 = EDGE_CURVE('',#12135,#12135,#12137,.T.);
#12135 = VERTEX_POINT('',#12136);
#12136 = CARTESIAN_POINT('',(161.11253,-143.889924,0.));
#12137 = CIRCLE('',#12138,0.5);
#12138 = AXIS2_PLACEMENT_3D('',#12139,#12140,#12141);
#12139 = CARTESIAN_POINT('',(161.11253,-143.389924,0.));
#12140 = DIRECTION('',(-0.,0.,-1.));
#12141 = DIRECTION('',(-0.,-1.,0.));
#12142 = FACE_BOUND('',#12143,.F.);
#12143 = EDGE_LOOP('',(#12144));
#12144 = ORIENTED_EDGE('',*,*,#12145,.T.);
#12145 = EDGE_CURVE('',#12146,#12146,#12148,.T.);
#12146 = VERTEX_POINT('',#12147);
#12147 = CARTESIAN_POINT('',(181.5,-145.65,0.));
#12148 = CIRCLE('',#12149,0.15);
#12149 = AXIS2_PLACEMENT_3D('',#12150,#12151,#12152);
#12150 = CARTESIAN_POINT('',(181.5,-145.5,0.));
#12151 = DIRECTION('',(-0.,0.,-1.));
#12152 = DIRECTION('',(-0.,-1.,0.));
#12153 = FACE_BOUND('',#12154,.F.);
#12154 = EDGE_LOOP('',(#12155));
#12155 = ORIENTED_EDGE('',*,*,#12156,.T.);
#12156 = EDGE_CURVE('',#12157,#12157,#12159,.T.);
#12157 = VERTEX_POINT('',#12158);
#12158 = CARTESIAN_POINT('',(181.5,-144.05,0.));
#12159 = CIRCLE('',#12160,0.15);
#12160 = AXIS2_PLACEMENT_3D('',#12161,#12162,#12163);
#12161 = CARTESIAN_POINT('',(181.5,-143.9,0.));
#12162 = DIRECTION('',(-0.,0.,-1.));
#12163 = DIRECTION('',(-0.,-1.,0.));
#12164 = FACE_BOUND('',#12165,.F.);
#12165 = EDGE_LOOP('',(#12166));
#12166 = ORIENTED_EDGE('',*,*,#12167,.T.);
#12167 = EDGE_CURVE('',#12168,#12168,#12170,.T.);
#12168 = VERTEX_POINT('',#12169);
#12169 = CARTESIAN_POINT('',(194.5,-151.25,0.));
#12170 = CIRCLE('',#12171,0.5);
#12171 = AXIS2_PLACEMENT_3D('',#12172,#12173,#12174);
#12172 = CARTESIAN_POINT('',(194.5,-150.75,0.));
#12173 = DIRECTION('',(-0.,0.,-1.));
#12174 = DIRECTION('',(-0.,-1.,0.));
#12175 = FACE_BOUND('',#12176,.F.);
#12176 = EDGE_LOOP('',(#12177));
#12177 = ORIENTED_EDGE('',*,*,#12178,.T.);
#12178 = EDGE_CURVE('',#12179,#12179,#12181,.T.);
#12179 = VERTEX_POINT('',#12180);
#12180 = CARTESIAN_POINT('',(197.,-151.25,0.));
#12181 = CIRCLE('',#12182,0.5);
#12182 = AXIS2_PLACEMENT_3D('',#12183,#12184,#12185);
#12183 = CARTESIAN_POINT('',(197.,-150.75,0.));
#12184 = DIRECTION('',(-0.,0.,-1.));
#12185 = DIRECTION('',(-0.,-1.,0.));
#12186 = FACE_BOUND('',#12187,.F.);
#12187 = EDGE_LOOP('',(#12188));
#12188 = ORIENTED_EDGE('',*,*,#12189,.T.);
#12189 = EDGE_CURVE('',#12190,#12190,#12192,.T.);
#12190 = VERTEX_POINT('',#12191);
#12191 = CARTESIAN_POINT('',(199.5,-151.25,0.));
#12192 = CIRCLE('',#12193,0.5);
#12193 = AXIS2_PLACEMENT_3D('',#12194,#12195,#12196);
#12194 = CARTESIAN_POINT('',(199.5,-150.75,0.));
#12195 = DIRECTION('',(-0.,0.,-1.));
#12196 = DIRECTION('',(-0.,-1.,0.));
#12197 = FACE_BOUND('',#12198,.F.);
#12198 = EDGE_LOOP('',(#12199));
#12199 = ORIENTED_EDGE('',*,*,#12200,.T.);
#12200 = EDGE_CURVE('',#12201,#12201,#12203,.T.);
#12201 = VERTEX_POINT('',#12202);
#12202 = CARTESIAN_POINT('',(205.75,-152.,0.));
#12203 = CIRCLE('',#12204,0.5);
#12204 = AXIS2_PLACEMENT_3D('',#12205,#12206,#12207);
#12205 = CARTESIAN_POINT('',(205.75,-151.5,0.));
#12206 = DIRECTION('',(-0.,0.,-1.));
#12207 = DIRECTION('',(-0.,-1.,0.));
#12208 = FACE_BOUND('',#12209,.F.);
#12209 = EDGE_LOOP('',(#12210));
#12210 = ORIENTED_EDGE('',*,*,#12211,.T.);
#12211 = EDGE_CURVE('',#12212,#12212,#12214,.T.);
#12212 = VERTEX_POINT('',#12213);
#12213 = CARTESIAN_POINT('',(205.75,-149.46,0.));
#12214 = CIRCLE('',#12215,0.5);
#12215 = AXIS2_PLACEMENT_3D('',#12216,#12217,#12218);
#12216 = CARTESIAN_POINT('',(205.75,-148.96,0.));
#12217 = DIRECTION('',(-0.,0.,-1.));
#12218 = DIRECTION('',(-0.,-1.,0.));
#12219 = FACE_BOUND('',#12220,.F.);
#12220 = EDGE_LOOP('',(#12221));
#12221 = ORIENTED_EDGE('',*,*,#12222,.T.);
#12222 = EDGE_CURVE('',#12223,#12223,#12225,.T.);
#12223 = VERTEX_POINT('',#12224);
#12224 = CARTESIAN_POINT('',(183.75,-145.65,0.));
#12225 = CIRCLE('',#12226,0.15);
#12226 = AXIS2_PLACEMENT_3D('',#12227,#12228,#12229);
#12227 = CARTESIAN_POINT('',(183.75,-145.5,0.));
#12228 = DIRECTION('',(-0.,0.,-1.));
#12229 = DIRECTION('',(-0.,-1.,0.));
#12230 = FACE_BOUND('',#12231,.F.);
#12231 = EDGE_LOOP('',(#12232));
#12232 = ORIENTED_EDGE('',*,*,#12233,.T.);
#12233 = EDGE_CURVE('',#12234,#12234,#12236,.T.);
#12234 = VERTEX_POINT('',#12235);
#12235 = CARTESIAN_POINT('',(183.75,-144.05,0.));
#12236 = CIRCLE('',#12237,0.15);
#12237 = AXIS2_PLACEMENT_3D('',#12238,#12239,#12240);
#12238 = CARTESIAN_POINT('',(183.75,-143.9,0.));
#12239 = DIRECTION('',(-0.,0.,-1.));
#12240 = DIRECTION('',(-0.,-1.,0.));
#12241 = FACE_BOUND('',#12242,.F.);
#12242 = EDGE_LOOP('',(#12243));
#12243 = ORIENTED_EDGE('',*,*,#12244,.T.);
#12244 = EDGE_CURVE('',#12245,#12245,#12247,.T.);
#12245 = VERTEX_POINT('',#12246);
#12246 = CARTESIAN_POINT('',(192.6,-144.75,0.));
#12247 = CIRCLE('',#12248,1.);
#12248 = AXIS2_PLACEMENT_3D('',#12249,#12250,#12251);
#12249 = CARTESIAN_POINT('',(192.6,-143.75,0.));
#12250 = DIRECTION('',(-0.,0.,-1.));
#12251 = DIRECTION('',(-0.,-1.,0.));
#12252 = FACE_BOUND('',#12253,.F.);
#12253 = EDGE_LOOP('',(#12254));
#12254 = ORIENTED_EDGE('',*,*,#12255,.T.);
#12255 = EDGE_CURVE('',#12256,#12256,#12258,.T.);
#12256 = VERTEX_POINT('',#12257);
#12257 = CARTESIAN_POINT('',(201.4,-144.75,0.));
#12258 = CIRCLE('',#12259,1.);
#12259 = AXIS2_PLACEMENT_3D('',#12260,#12261,#12262);
#12260 = CARTESIAN_POINT('',(201.4,-143.75,0.));
#12261 = DIRECTION('',(-0.,0.,-1.));
#12262 = DIRECTION('',(-0.,-1.,0.));
#12263 = FACE_BOUND('',#12264,.F.);
#12264 = EDGE_LOOP('',(#12265));
#12265 = ORIENTED_EDGE('',*,*,#12266,.F.);
#12266 = EDGE_CURVE('',#12267,#12267,#12269,.T.);
#12267 = VERTEX_POINT('',#12268);
#12268 = CARTESIAN_POINT('',(170.3,-143.25,0.));
#12269 = CIRCLE('',#12270,1.8);
#12270 = AXIS2_PLACEMENT_3D('',#12271,#12272,#12273);
#12271 = CARTESIAN_POINT('',(168.5,-143.25,0.));
#12272 = DIRECTION('',(0.,0.,1.));
#12273 = DIRECTION('',(1.,0.,-0.));
#12274 = FACE_BOUND('',#12275,.F.);
#12275 = EDGE_LOOP('',(#12276));
#12276 = ORIENTED_EDGE('',*,*,#12277,.T.);
#12277 = EDGE_CURVE('',#12278,#12278,#12280,.T.);
#12278 = VERTEX_POINT('',#12279);
#12279 = CARTESIAN_POINT('',(161.11253,-140.889924,0.));
#12280 = CIRCLE('',#12281,0.5);
#12281 = AXIS2_PLACEMENT_3D('',#12282,#12283,#12284);
#12282 = CARTESIAN_POINT('',(161.11253,-140.389924,0.));
#12283 = DIRECTION('',(-0.,0.,-1.));
#12284 = DIRECTION('',(-0.,-1.,0.));
#12285 = FACE_BOUND('',#12286,.F.);
#12286 = EDGE_LOOP('',(#12287));
#12287 = ORIENTED_EDGE('',*,*,#12288,.T.);
#12288 = EDGE_CURVE('',#12289,#12289,#12291,.T.);
#12289 = VERTEX_POINT('',#12290);
#12290 = CARTESIAN_POINT('',(181.5,-142.45,0.));
#12291 = CIRCLE('',#12292,0.15);
#12292 = AXIS2_PLACEMENT_3D('',#12293,#12294,#12295);
#12293 = CARTESIAN_POINT('',(181.5,-142.3,0.));
#12294 = DIRECTION('',(-0.,0.,-1.));
#12295 = DIRECTION('',(-0.,-1.,0.));
#12296 = FACE_BOUND('',#12297,.F.);
#12297 = EDGE_LOOP('',(#12298));
#12298 = ORIENTED_EDGE('',*,*,#12299,.T.);
#12299 = EDGE_CURVE('',#12300,#12300,#12302,.T.);
#12300 = VERTEX_POINT('',#12301);
#12301 = CARTESIAN_POINT('',(181.5,-140.85,0.));
#12302 = CIRCLE('',#12303,0.15);
#12303 = AXIS2_PLACEMENT_3D('',#12304,#12305,#12306);
#12304 = CARTESIAN_POINT('',(181.5,-140.7,0.));
#12305 = DIRECTION('',(-0.,0.,-1.));
#12306 = DIRECTION('',(-0.,-1.,0.));
#12307 = FACE_BOUND('',#12308,.F.);
#12308 = EDGE_LOOP('',(#12309,#12320,#12328,#12337));
#12309 = ORIENTED_EDGE('',*,*,#12310,.T.);
#12310 = EDGE_CURVE('',#12311,#12313,#12315,.T.);
#12311 = VERTEX_POINT('',#12312);
#12312 = CARTESIAN_POINT('',(169.,-138.03,0.));
#12313 = VERTEX_POINT('',#12314);
#12314 = CARTESIAN_POINT('',(169.,-138.63,0.));
#12315 = CIRCLE('',#12316,0.3);
#12316 = AXIS2_PLACEMENT_3D('',#12317,#12318,#12319);
#12317 = CARTESIAN_POINT('',(169.,-138.33,0.));
#12318 = DIRECTION('',(-0.,0.,-1.));
#12319 = DIRECTION('',(-0.,-1.,0.));
#12320 = ORIENTED_EDGE('',*,*,#12321,.T.);
#12321 = EDGE_CURVE('',#12313,#12322,#12324,.T.);
#12322 = VERTEX_POINT('',#12323);
#12323 = CARTESIAN_POINT('',(168.,-138.63,0.));
#12324 = LINE('',#12325,#12326);
#12325 = CARTESIAN_POINT('',(84.,-138.63,0.));
#12326 = VECTOR('',#12327,1.);
#12327 = DIRECTION('',(-1.,0.,0.));
#12328 = ORIENTED_EDGE('',*,*,#12329,.T.);
#12329 = EDGE_CURVE('',#12322,#12330,#12332,.T.);
#12330 = VERTEX_POINT('',#12331);
#12331 = CARTESIAN_POINT('',(168.,-138.03,0.));
#12332 = CIRCLE('',#12333,0.3);
#12333 = AXIS2_PLACEMENT_3D('',#12334,#12335,#12336);
#12334 = CARTESIAN_POINT('',(168.,-138.33,0.));
#12335 = DIRECTION('',(-0.,0.,-1.));
#12336 = DIRECTION('',(0.,1.,0.));
#12337 = ORIENTED_EDGE('',*,*,#12338,.T.);
#12338 = EDGE_CURVE('',#12330,#12311,#12339,.T.);
#12339 = LINE('',#12340,#12341);
#12340 = CARTESIAN_POINT('',(84.5,-138.03,0.));
#12341 = VECTOR('',#12342,1.);
#12342 = DIRECTION('',(1.,0.,-0.));
#12343 = FACE_BOUND('',#12344,.F.);
#12344 = EDGE_LOOP('',(#12345));
#12345 = ORIENTED_EDGE('',*,*,#12346,.T.);
#12346 = EDGE_CURVE('',#12347,#12347,#12349,.T.);
#12347 = VERTEX_POINT('',#12348);
#12348 = CARTESIAN_POINT('',(183.75,-142.45,0.));
#12349 = CIRCLE('',#12350,0.15);
#12350 = AXIS2_PLACEMENT_3D('',#12351,#12352,#12353);
#12351 = CARTESIAN_POINT('',(183.75,-142.3,0.));
#12352 = DIRECTION('',(-0.,0.,-1.));
#12353 = DIRECTION('',(-0.,-1.,0.));
#12354 = FACE_BOUND('',#12355,.F.);
#12355 = EDGE_LOOP('',(#12356));
#12356 = ORIENTED_EDGE('',*,*,#12357,.T.);
#12357 = EDGE_CURVE('',#12358,#12358,#12360,.T.);
#12358 = VERTEX_POINT('',#12359);
#12359 = CARTESIAN_POINT('',(183.75,-140.85,0.));
#12360 = CIRCLE('',#12361,0.15);
#12361 = AXIS2_PLACEMENT_3D('',#12362,#12363,#12364);
#12362 = CARTESIAN_POINT('',(183.75,-140.7,0.));
#12363 = DIRECTION('',(-0.,0.,-1.));
#12364 = DIRECTION('',(-0.,-1.,0.));
#12365 = FACE_BOUND('',#12366,.F.);
#12366 = EDGE_LOOP('',(#12367));
#12367 = ORIENTED_EDGE('',*,*,#12368,.T.);
#12368 = EDGE_CURVE('',#12369,#12369,#12371,.T.);
#12369 = VERTEX_POINT('',#12370);
#12370 = CARTESIAN_POINT('',(206.,-138.04,0.));
#12371 = CIRCLE('',#12372,0.5);
#12372 = AXIS2_PLACEMENT_3D('',#12373,#12374,#12375);
#12373 = CARTESIAN_POINT('',(206.,-137.54,0.));
#12374 = DIRECTION('',(-0.,0.,-1.));
#12375 = DIRECTION('',(-0.,-1.,0.));
#12376 = FACE_BOUND('',#12377,.F.);
#12377 = EDGE_LOOP('',(#12378));
#12378 = ORIENTED_EDGE('',*,*,#12379,.T.);
#12379 = EDGE_CURVE('',#12380,#12380,#12382,.T.);
#12380 = VERTEX_POINT('',#12381);
#12381 = CARTESIAN_POINT('',(206.,-135.5,0.));
#12382 = CIRCLE('',#12383,0.5);
#12383 = AXIS2_PLACEMENT_3D('',#12384,#12385,#12386);
#12384 = CARTESIAN_POINT('',(206.,-135.,0.));
#12385 = DIRECTION('',(-0.,0.,-1.));
#12386 = DIRECTION('',(-0.,-1.,0.));
#12387 = PLANE('',#12388);
#12388 = AXIS2_PLACEMENT_3D('',#12389,#12390,#12391);
#12389 = CARTESIAN_POINT('',(0.,0.,0.));
#12390 = DIRECTION('',(0.,0.,1.));
#12391 = DIRECTION('',(1.,0.,-0.));
#12392 = ADVANCED_FACE('',(#12393,#12489,#12525,#12561,#12572,#12583,
    #12594,#12605,#12616,#12627,#12638,#12649,#12660,#12671,#12682,
    #12693,#12704,#12715,#12726,#12737,#12773,#12784,#12795,#12806),
  #12817,.T.);
#12393 = FACE_BOUND('',#12394,.T.);
#12394 = EDGE_LOOP('',(#12395,#12396,#12397,#12406,#12414,#12422,#12431,
    #12439,#12448,#12456,#12464,#12473,#12481,#12488));
#12395 = ORIENTED_EDGE('',*,*,#11872,.F.);
#12396 = ORIENTED_EDGE('',*,*,#11914,.F.);
#12397 = ORIENTED_EDGE('',*,*,#12398,.F.);
#12398 = EDGE_CURVE('',#12399,#11907,#12401,.T.);
#12399 = VERTEX_POINT('',#12400);
#12400 = CARTESIAN_POINT('',(158.,-134.5,1.51));
#12401 = CIRCLE('',#12402,1.250001626819);
#12402 = AXIS2_PLACEMENT_3D('',#12403,#12404,#12405);
#12403 = CARTESIAN_POINT('',(159.25000162681,-134.5000016268,1.51));
#12404 = DIRECTION('',(0.,0.,-1.));
#12405 = DIRECTION('',(-0.999999999999,1.301452641807E-06,0.));
#12406 = ORIENTED_EDGE('',*,*,#12407,.F.);
#12407 = EDGE_CURVE('',#12408,#12399,#12410,.T.);
#12408 = VERTEX_POINT('',#12409);
#12409 = CARTESIAN_POINT('',(158.,-138.1,1.51));
#12410 = LINE('',#12411,#12412);
#12411 = CARTESIAN_POINT('',(158.,-138.1,1.51));
#12412 = VECTOR('',#12413,1.);
#12413 = DIRECTION('',(0.,1.,0.));
#12414 = ORIENTED_EDGE('',*,*,#12415,.F.);
#12415 = EDGE_CURVE('',#12416,#12408,#12418,.T.);
#12416 = VERTEX_POINT('',#12417);
#12417 = CARTESIAN_POINT('',(158.4,-138.1,1.51));
#12418 = LINE('',#12419,#12420);
#12419 = CARTESIAN_POINT('',(158.4,-138.1,1.51));
#12420 = VECTOR('',#12421,1.);
#12421 = DIRECTION('',(-1.,0.,0.));
#12422 = ORIENTED_EDGE('',*,*,#12423,.F.);
#12423 = EDGE_CURVE('',#12424,#12416,#12426,.T.);
#12424 = VERTEX_POINT('',#12425);
#12425 = CARTESIAN_POINT('',(159.4,-139.1,1.51));
#12426 = CIRCLE('',#12427,0.999999252925);
#12427 = AXIS2_PLACEMENT_3D('',#12428,#12429,#12430);
#12428 = CARTESIAN_POINT('',(158.40000074707,-139.0999992529,1.51));
#12429 = DIRECTION('',(0.,0.,1.));
#12430 = DIRECTION('',(1.,-7.470757633756E-07,0.));
#12431 = ORIENTED_EDGE('',*,*,#12432,.F.);
#12432 = EDGE_CURVE('',#12433,#12424,#12435,.T.);
#12433 = VERTEX_POINT('',#12434);
#12434 = CARTESIAN_POINT('',(159.4,-144.8,1.51));
#12435 = LINE('',#12436,#12437);
#12436 = CARTESIAN_POINT('',(159.4,-144.8,1.51));
#12437 = VECTOR('',#12438,1.);
#12438 = DIRECTION('',(0.,1.,0.));
#12439 = ORIENTED_EDGE('',*,*,#12440,.F.);
#12440 = EDGE_CURVE('',#12441,#12433,#12443,.T.);
#12441 = VERTEX_POINT('',#12442);
#12442 = CARTESIAN_POINT('',(158.4,-145.8,1.51));
#12443 = CIRCLE('',#12444,0.999999252925);
#12444 = AXIS2_PLACEMENT_3D('',#12445,#12446,#12447);
#12445 = CARTESIAN_POINT('',(158.40000074707,-144.800000747,1.51));
#12446 = DIRECTION('',(0.,0.,1.));
#12447 = DIRECTION('',(-7.470757065321E-07,-1.,0.));
#12448 = ORIENTED_EDGE('',*,*,#12449,.F.);
#12449 = EDGE_CURVE('',#12450,#12441,#12452,.T.);
#12450 = VERTEX_POINT('',#12451);
#12451 = CARTESIAN_POINT('',(158.,-145.8,1.51));
#12452 = LINE('',#12453,#12454);
#12453 = CARTESIAN_POINT('',(158.,-145.8,1.51));
#12454 = VECTOR('',#12455,1.);
#12455 = DIRECTION('',(1.,0.,0.));
#12456 = ORIENTED_EDGE('',*,*,#12457,.F.);
#12457 = EDGE_CURVE('',#12458,#12450,#12460,.T.);
#12458 = VERTEX_POINT('',#12459);
#12459 = CARTESIAN_POINT('',(158.,-152.,1.51));
#12460 = LINE('',#12461,#12462);
#12461 = CARTESIAN_POINT('',(158.,-152.,1.51));
#12462 = VECTOR('',#12463,1.);
#12463 = DIRECTION('',(0.,1.,0.));
#12464 = ORIENTED_EDGE('',*,*,#12465,.F.);
#12465 = EDGE_CURVE('',#12466,#12458,#12468,.T.);
#12466 = VERTEX_POINT('',#12467);
#12467 = CARTESIAN_POINT('',(159.25,-153.25,1.51));
#12468 = CIRCLE('',#12469,1.250001626819);
#12469 = AXIS2_PLACEMENT_3D('',#12470,#12471,#12472);
#12470 = CARTESIAN_POINT('',(159.25000162681,-151.9999983731,1.51));
#12471 = DIRECTION('',(0.,0.,-1.));
#12472 = DIRECTION('',(-1.301452641807E-06,-0.999999999999,-0.));
#12473 = ORIENTED_EDGE('',*,*,#12474,.F.);
#12474 = EDGE_CURVE('',#12475,#12466,#12477,.T.);
#12475 = VERTEX_POINT('',#12476);
#12476 = CARTESIAN_POINT('',(206.25,-153.25,1.51));
#12477 = LINE('',#12478,#12479);
#12478 = CARTESIAN_POINT('',(206.25,-153.25,1.51));
#12479 = VECTOR('',#12480,1.);
#12480 = DIRECTION('',(-1.,0.,0.));
#12481 = ORIENTED_EDGE('',*,*,#12482,.F.);
#12482 = EDGE_CURVE('',#11937,#12475,#12483,.T.);
#12483 = CIRCLE('',#12484,1.250001626819);
#12484 = AXIS2_PLACEMENT_3D('',#12485,#12486,#12487);
#12485 = CARTESIAN_POINT('',(206.24999837318,-151.9999983731,1.51));
#12486 = DIRECTION('',(0.,0.,-1.));
#12487 = DIRECTION('',(0.999999999999,-1.301452641807E-06,0.));
#12488 = ORIENTED_EDGE('',*,*,#11936,.F.);
#12489 = FACE_BOUND('',#12490,.T.);
#12490 = EDGE_LOOP('',(#12491,#12502,#12510,#12519));
#12491 = ORIENTED_EDGE('',*,*,#12492,.T.);
#12492 = EDGE_CURVE('',#12493,#12495,#12497,.T.);
#12493 = VERTEX_POINT('',#12494);
#12494 = CARTESIAN_POINT('',(169.,-149.43,1.51));
#12495 = VERTEX_POINT('',#12496);
#12496 = CARTESIAN_POINT('',(169.,-150.03,1.51));
#12497 = CIRCLE('',#12498,0.3);
#12498 = AXIS2_PLACEMENT_3D('',#12499,#12500,#12501);
#12499 = CARTESIAN_POINT('',(169.,-149.73,1.51));
#12500 = DIRECTION('',(-0.,0.,-1.));
#12501 = DIRECTION('',(-0.,-1.,0.));
#12502 = ORIENTED_EDGE('',*,*,#12503,.T.);
#12503 = EDGE_CURVE('',#12495,#12504,#12506,.T.);
#12504 = VERTEX_POINT('',#12505);
#12505 = CARTESIAN_POINT('',(168.,-150.03,1.51));
#12506 = LINE('',#12507,#12508);
#12507 = CARTESIAN_POINT('',(84.,-150.03,1.51));
#12508 = VECTOR('',#12509,1.);
#12509 = DIRECTION('',(-1.,0.,0.));
#12510 = ORIENTED_EDGE('',*,*,#12511,.T.);
#12511 = EDGE_CURVE('',#12504,#12512,#12514,.T.);
#12512 = VERTEX_POINT('',#12513);
#12513 = CARTESIAN_POINT('',(168.,-149.43,1.51));
#12514 = CIRCLE('',#12515,0.3);
#12515 = AXIS2_PLACEMENT_3D('',#12516,#12517,#12518);
#12516 = CARTESIAN_POINT('',(168.,-149.73,1.51));
#12517 = DIRECTION('',(-0.,0.,-1.));
#12518 = DIRECTION('',(0.,1.,0.));
#12519 = ORIENTED_EDGE('',*,*,#12520,.T.);
#12520 = EDGE_CURVE('',#12512,#12493,#12521,.T.);
#12521 = LINE('',#12522,#12523);
#12522 = CARTESIAN_POINT('',(84.5,-149.43,1.51));
#12523 = VECTOR('',#12524,1.);
#12524 = DIRECTION('',(1.,0.,-0.));
#12525 = FACE_BOUND('',#12526,.T.);
#12526 = EDGE_LOOP('',(#12527,#12538,#12546,#12555));
#12527 = ORIENTED_EDGE('',*,*,#12528,.T.);
#12528 = EDGE_CURVE('',#12529,#12531,#12533,.T.);
#12529 = VERTEX_POINT('',#12530);
#12530 = CARTESIAN_POINT('',(169.,-146.33,1.51));
#12531 = VERTEX_POINT('',#12532);
#12532 = CARTESIAN_POINT('',(169.,-146.93,1.51));
#12533 = CIRCLE('',#12534,0.3);
#12534 = AXIS2_PLACEMENT_3D('',#12535,#12536,#12537);
#12535 = CARTESIAN_POINT('',(169.,-146.63,1.51));
#12536 = DIRECTION('',(-0.,0.,-1.));
#12537 = DIRECTION('',(-9.473903143469E-14,-1.,0.));
#12538 = ORIENTED_EDGE('',*,*,#12539,.T.);
#12539 = EDGE_CURVE('',#12531,#12540,#12542,.T.);
#12540 = VERTEX_POINT('',#12541);
#12541 = CARTESIAN_POINT('',(168.,-146.93,1.51));
#12542 = LINE('',#12543,#12544);
#12543 = CARTESIAN_POINT('',(84.,-146.93,1.51));
#12544 = VECTOR('',#12545,1.);
#12545 = DIRECTION('',(-1.,0.,0.));
#12546 = ORIENTED_EDGE('',*,*,#12547,.T.);
#12547 = EDGE_CURVE('',#12540,#12548,#12550,.T.);
#12548 = VERTEX_POINT('',#12549);
#12549 = CARTESIAN_POINT('',(168.,-146.33,1.51));
#12550 = CIRCLE('',#12551,0.3);
#12551 = AXIS2_PLACEMENT_3D('',#12552,#12553,#12554);
#12552 = CARTESIAN_POINT('',(168.,-146.63,1.51));
#12553 = DIRECTION('',(0.,-0.,-1.));
#12554 = DIRECTION('',(9.473903143468E-14,1.,-0.));
#12555 = ORIENTED_EDGE('',*,*,#12556,.T.);
#12556 = EDGE_CURVE('',#12548,#12529,#12557,.T.);
#12557 = LINE('',#12558,#12559);
#12558 = CARTESIAN_POINT('',(84.5,-146.33,1.51));
#12559 = VECTOR('',#12560,1.);
#12560 = DIRECTION('',(1.,0.,-0.));
#12561 = FACE_BOUND('',#12562,.T.);
#12562 = EDGE_LOOP('',(#12563));
#12563 = ORIENTED_EDGE('',*,*,#12564,.T.);
#12564 = EDGE_CURVE('',#12565,#12565,#12567,.T.);
#12565 = VERTEX_POINT('',#12566);
#12566 = CARTESIAN_POINT('',(161.11253,-143.889924,1.51));
#12567 = CIRCLE('',#12568,0.5);
#12568 = AXIS2_PLACEMENT_3D('',#12569,#12570,#12571);
#12569 = CARTESIAN_POINT('',(161.11253,-143.389924,1.51));
#12570 = DIRECTION('',(-0.,0.,-1.));
#12571 = DIRECTION('',(-0.,-1.,0.));
#12572 = FACE_BOUND('',#12573,.T.);
#12573 = EDGE_LOOP('',(#12574));
#12574 = ORIENTED_EDGE('',*,*,#12575,.T.);
#12575 = EDGE_CURVE('',#12576,#12576,#12578,.T.);
#12576 = VERTEX_POINT('',#12577);
#12577 = CARTESIAN_POINT('',(181.5,-145.65,1.51));
#12578 = CIRCLE('',#12579,0.15);
#12579 = AXIS2_PLACEMENT_3D('',#12580,#12581,#12582);
#12580 = CARTESIAN_POINT('',(181.5,-145.5,1.51));
#12581 = DIRECTION('',(-0.,0.,-1.));
#12582 = DIRECTION('',(-0.,-1.,0.));
#12583 = FACE_BOUND('',#12584,.T.);
#12584 = EDGE_LOOP('',(#12585));
#12585 = ORIENTED_EDGE('',*,*,#12586,.T.);
#12586 = EDGE_CURVE('',#12587,#12587,#12589,.T.);
#12587 = VERTEX_POINT('',#12588);
#12588 = CARTESIAN_POINT('',(181.5,-144.05,1.51));
#12589 = CIRCLE('',#12590,0.15);
#12590 = AXIS2_PLACEMENT_3D('',#12591,#12592,#12593);
#12591 = CARTESIAN_POINT('',(181.5,-143.9,1.51));
#12592 = DIRECTION('',(-0.,0.,-1.));
#12593 = DIRECTION('',(-0.,-1.,0.));
#12594 = FACE_BOUND('',#12595,.T.);
#12595 = EDGE_LOOP('',(#12596));
#12596 = ORIENTED_EDGE('',*,*,#12597,.T.);
#12597 = EDGE_CURVE('',#12598,#12598,#12600,.T.);
#12598 = VERTEX_POINT('',#12599);
#12599 = CARTESIAN_POINT('',(194.5,-151.25,1.51));
#12600 = CIRCLE('',#12601,0.5);
#12601 = AXIS2_PLACEMENT_3D('',#12602,#12603,#12604);
#12602 = CARTESIAN_POINT('',(194.5,-150.75,1.51));
#12603 = DIRECTION('',(-0.,0.,-1.));
#12604 = DIRECTION('',(-0.,-1.,0.));
#12605 = FACE_BOUND('',#12606,.T.);
#12606 = EDGE_LOOP('',(#12607));
#12607 = ORIENTED_EDGE('',*,*,#12608,.T.);
#12608 = EDGE_CURVE('',#12609,#12609,#12611,.T.);
#12609 = VERTEX_POINT('',#12610);
#12610 = CARTESIAN_POINT('',(197.,-151.25,1.51));
#12611 = CIRCLE('',#12612,0.5);
#12612 = AXIS2_PLACEMENT_3D('',#12613,#12614,#12615);
#12613 = CARTESIAN_POINT('',(197.,-150.75,1.51));
#12614 = DIRECTION('',(-0.,0.,-1.));
#12615 = DIRECTION('',(-0.,-1.,0.));
#12616 = FACE_BOUND('',#12617,.T.);
#12617 = EDGE_LOOP('',(#12618));
#12618 = ORIENTED_EDGE('',*,*,#12619,.T.);
#12619 = EDGE_CURVE('',#12620,#12620,#12622,.T.);
#12620 = VERTEX_POINT('',#12621);
#12621 = CARTESIAN_POINT('',(199.5,-151.25,1.51));
#12622 = CIRCLE('',#12623,0.5);
#12623 = AXIS2_PLACEMENT_3D('',#12624,#12625,#12626);
#12624 = CARTESIAN_POINT('',(199.5,-150.75,1.51));
#12625 = DIRECTION('',(-0.,0.,-1.));
#12626 = DIRECTION('',(-0.,-1.,0.));
#12627 = FACE_BOUND('',#12628,.T.);
#12628 = EDGE_LOOP('',(#12629));
#12629 = ORIENTED_EDGE('',*,*,#12630,.T.);
#12630 = EDGE_CURVE('',#12631,#12631,#12633,.T.);
#12631 = VERTEX_POINT('',#12632);
#12632 = CARTESIAN_POINT('',(205.75,-152.,1.51));
#12633 = CIRCLE('',#12634,0.5);
#12634 = AXIS2_PLACEMENT_3D('',#12635,#12636,#12637);
#12635 = CARTESIAN_POINT('',(205.75,-151.5,1.51));
#12636 = DIRECTION('',(-0.,0.,-1.));
#12637 = DIRECTION('',(-0.,-1.,0.));
#12638 = FACE_BOUND('',#12639,.T.);
#12639 = EDGE_LOOP('',(#12640));
#12640 = ORIENTED_EDGE('',*,*,#12641,.T.);
#12641 = EDGE_CURVE('',#12642,#12642,#12644,.T.);
#12642 = VERTEX_POINT('',#12643);
#12643 = CARTESIAN_POINT('',(205.75,-149.46,1.51));
#12644 = CIRCLE('',#12645,0.5);
#12645 = AXIS2_PLACEMENT_3D('',#12646,#12647,#12648);
#12646 = CARTESIAN_POINT('',(205.75,-148.96,1.51));
#12647 = DIRECTION('',(-0.,0.,-1.));
#12648 = DIRECTION('',(-0.,-1.,0.));
#12649 = FACE_BOUND('',#12650,.T.);
#12650 = EDGE_LOOP('',(#12651));
#12651 = ORIENTED_EDGE('',*,*,#12652,.T.);
#12652 = EDGE_CURVE('',#12653,#12653,#12655,.T.);
#12653 = VERTEX_POINT('',#12654);
#12654 = CARTESIAN_POINT('',(183.75,-145.65,1.51));
#12655 = CIRCLE('',#12656,0.15);
#12656 = AXIS2_PLACEMENT_3D('',#12657,#12658,#12659);
#12657 = CARTESIAN_POINT('',(183.75,-145.5,1.51));
#12658 = DIRECTION('',(-0.,0.,-1.));
#12659 = DIRECTION('',(-0.,-1.,0.));
#12660 = FACE_BOUND('',#12661,.T.);
#12661 = EDGE_LOOP('',(#12662));
#12662 = ORIENTED_EDGE('',*,*,#12663,.T.);
#12663 = EDGE_CURVE('',#12664,#12664,#12666,.T.);
#12664 = VERTEX_POINT('',#12665);
#12665 = CARTESIAN_POINT('',(183.75,-144.05,1.51));
#12666 = CIRCLE('',#12667,0.15);
#12667 = AXIS2_PLACEMENT_3D('',#12668,#12669,#12670);
#12668 = CARTESIAN_POINT('',(183.75,-143.9,1.51));
#12669 = DIRECTION('',(-0.,0.,-1.));
#12670 = DIRECTION('',(-0.,-1.,0.));
#12671 = FACE_BOUND('',#12672,.T.);
#12672 = EDGE_LOOP('',(#12673));
#12673 = ORIENTED_EDGE('',*,*,#12674,.T.);
#12674 = EDGE_CURVE('',#12675,#12675,#12677,.T.);
#12675 = VERTEX_POINT('',#12676);
#12676 = CARTESIAN_POINT('',(192.6,-144.75,1.51));
#12677 = CIRCLE('',#12678,1.);
#12678 = AXIS2_PLACEMENT_3D('',#12679,#12680,#12681);
#12679 = CARTESIAN_POINT('',(192.6,-143.75,1.51));
#12680 = DIRECTION('',(-0.,0.,-1.));
#12681 = DIRECTION('',(-0.,-1.,0.));
#12682 = FACE_BOUND('',#12683,.T.);
#12683 = EDGE_LOOP('',(#12684));
#12684 = ORIENTED_EDGE('',*,*,#12685,.T.);
#12685 = EDGE_CURVE('',#12686,#12686,#12688,.T.);
#12686 = VERTEX_POINT('',#12687);
#12687 = CARTESIAN_POINT('',(201.4,-144.75,1.51));
#12688 = CIRCLE('',#12689,1.);
#12689 = AXIS2_PLACEMENT_3D('',#12690,#12691,#12692);
#12690 = CARTESIAN_POINT('',(201.4,-143.75,1.51));
#12691 = DIRECTION('',(-0.,0.,-1.));
#12692 = DIRECTION('',(-0.,-1.,0.));
#12693 = FACE_BOUND('',#12694,.T.);
#12694 = EDGE_LOOP('',(#12695));
#12695 = ORIENTED_EDGE('',*,*,#12696,.F.);
#12696 = EDGE_CURVE('',#12697,#12697,#12699,.T.);
#12697 = VERTEX_POINT('',#12698);
#12698 = CARTESIAN_POINT('',(170.3,-143.25,1.51));
#12699 = CIRCLE('',#12700,1.8);
#12700 = AXIS2_PLACEMENT_3D('',#12701,#12702,#12703);
#12701 = CARTESIAN_POINT('',(168.5,-143.25,1.51));
#12702 = DIRECTION('',(0.,0.,1.));
#12703 = DIRECTION('',(1.,0.,-0.));
#12704 = FACE_BOUND('',#12705,.T.);
#12705 = EDGE_LOOP('',(#12706));
#12706 = ORIENTED_EDGE('',*,*,#12707,.T.);
#12707 = EDGE_CURVE('',#12708,#12708,#12710,.T.);
#12708 = VERTEX_POINT('',#12709);
#12709 = CARTESIAN_POINT('',(161.11253,-140.889924,1.51));
#12710 = CIRCLE('',#12711,0.5);
#12711 = AXIS2_PLACEMENT_3D('',#12712,#12713,#12714);
#12712 = CARTESIAN_POINT('',(161.11253,-140.389924,1.51));
#12713 = DIRECTION('',(-0.,0.,-1.));
#12714 = DIRECTION('',(-0.,-1.,0.));
#12715 = FACE_BOUND('',#12716,.T.);
#12716 = EDGE_LOOP('',(#12717));
#12717 = ORIENTED_EDGE('',*,*,#12718,.T.);
#12718 = EDGE_CURVE('',#12719,#12719,#12721,.T.);
#12719 = VERTEX_POINT('',#12720);
#12720 = CARTESIAN_POINT('',(181.5,-142.45,1.51));
#12721 = CIRCLE('',#12722,0.15);
#12722 = AXIS2_PLACEMENT_3D('',#12723,#12724,#12725);
#12723 = CARTESIAN_POINT('',(181.5,-142.3,1.51));
#12724 = DIRECTION('',(-0.,0.,-1.));
#12725 = DIRECTION('',(-0.,-1.,0.));
#12726 = FACE_BOUND('',#12727,.T.);
#12727 = EDGE_LOOP('',(#12728));
#12728 = ORIENTED_EDGE('',*,*,#12729,.T.);
#12729 = EDGE_CURVE('',#12730,#12730,#12732,.T.);
#12730 = VERTEX_POINT('',#12731);
#12731 = CARTESIAN_POINT('',(181.5,-140.85,1.51));
#12732 = CIRCLE('',#12733,0.15);
#12733 = AXIS2_PLACEMENT_3D('',#12734,#12735,#12736);
#12734 = CARTESIAN_POINT('',(181.5,-140.7,1.51));
#12735 = DIRECTION('',(-0.,0.,-1.));
#12736 = DIRECTION('',(-0.,-1.,0.));
#12737 = FACE_BOUND('',#12738,.T.);
#12738 = EDGE_LOOP('',(#12739,#12750,#12758,#12767));
#12739 = ORIENTED_EDGE('',*,*,#12740,.T.);
#12740 = EDGE_CURVE('',#12741,#12743,#12745,.T.);
#12741 = VERTEX_POINT('',#12742);
#12742 = CARTESIAN_POINT('',(169.,-138.03,1.51));
#12743 = VERTEX_POINT('',#12744);
#12744 = CARTESIAN_POINT('',(169.,-138.63,1.51));
#12745 = CIRCLE('',#12746,0.3);
#12746 = AXIS2_PLACEMENT_3D('',#12747,#12748,#12749);
#12747 = CARTESIAN_POINT('',(169.,-138.33,1.51));
#12748 = DIRECTION('',(-0.,0.,-1.));
#12749 = DIRECTION('',(-0.,-1.,0.));
#12750 = ORIENTED_EDGE('',*,*,#12751,.T.);
#12751 = EDGE_CURVE('',#12743,#12752,#12754,.T.);
#12752 = VERTEX_POINT('',#12753);
#12753 = CARTESIAN_POINT('',(168.,-138.63,1.51));
#12754 = LINE('',#12755,#12756);
#12755 = CARTESIAN_POINT('',(84.,-138.63,1.51));
#12756 = VECTOR('',#12757,1.);
#12757 = DIRECTION('',(-1.,0.,0.));
#12758 = ORIENTED_EDGE('',*,*,#12759,.T.);
#12759 = EDGE_CURVE('',#12752,#12760,#12762,.T.);
#12760 = VERTEX_POINT('',#12761);
#12761 = CARTESIAN_POINT('',(168.,-138.03,1.51));
#12762 = CIRCLE('',#12763,0.3);
#12763 = AXIS2_PLACEMENT_3D('',#12764,#12765,#12766);
#12764 = CARTESIAN_POINT('',(168.,-138.33,1.51));
#12765 = DIRECTION('',(-0.,0.,-1.));
#12766 = DIRECTION('',(0.,1.,0.));
#12767 = ORIENTED_EDGE('',*,*,#12768,.T.);
#12768 = EDGE_CURVE('',#12760,#12741,#12769,.T.);
#12769 = LINE('',#12770,#12771);
#12770 = CARTESIAN_POINT('',(84.5,-138.03,1.51));
#12771 = VECTOR('',#12772,1.);
#12772 = DIRECTION('',(1.,0.,-0.));
#12773 = FACE_BOUND('',#12774,.T.);
#12774 = EDGE_LOOP('',(#12775));
#12775 = ORIENTED_EDGE('',*,*,#12776,.T.);
#12776 = EDGE_CURVE('',#12777,#12777,#12779,.T.);
#12777 = VERTEX_POINT('',#12778);
#12778 = CARTESIAN_POINT('',(183.75,-142.45,1.51));
#12779 = CIRCLE('',#12780,0.15);
#12780 = AXIS2_PLACEMENT_3D('',#12781,#12782,#12783);
#12781 = CARTESIAN_POINT('',(183.75,-142.3,1.51));
#12782 = DIRECTION('',(-0.,0.,-1.));
#12783 = DIRECTION('',(-0.,-1.,0.));
#12784 = FACE_BOUND('',#12785,.T.);
#12785 = EDGE_LOOP('',(#12786));
#12786 = ORIENTED_EDGE('',*,*,#12787,.T.);
#12787 = EDGE_CURVE('',#12788,#12788,#12790,.T.);
#12788 = VERTEX_POINT('',#12789);
#12789 = CARTESIAN_POINT('',(183.75,-140.85,1.51));
#12790 = CIRCLE('',#12791,0.15);
#12791 = AXIS2_PLACEMENT_3D('',#12792,#12793,#12794);
#12792 = CARTESIAN_POINT('',(183.75,-140.7,1.51));
#12793 = DIRECTION('',(-0.,0.,-1.));
#12794 = DIRECTION('',(-0.,-1.,0.));
#12795 = FACE_BOUND('',#12796,.T.);
#12796 = EDGE_LOOP('',(#12797));
#12797 = ORIENTED_EDGE('',*,*,#12798,.T.);
#12798 = EDGE_CURVE('',#12799,#12799,#12801,.T.);
#12799 = VERTEX_POINT('',#12800);
#12800 = CARTESIAN_POINT('',(206.,-138.04,1.51));
#12801 = CIRCLE('',#12802,0.5);
#12802 = AXIS2_PLACEMENT_3D('',#12803,#12804,#12805);
#12803 = CARTESIAN_POINT('',(206.,-137.54,1.51));
#12804 = DIRECTION('',(-0.,0.,-1.));
#12805 = DIRECTION('',(-0.,-1.,0.));
#12806 = FACE_BOUND('',#12807,.T.);
#12807 = EDGE_LOOP('',(#12808));
#12808 = ORIENTED_EDGE('',*,*,#12809,.T.);
#12809 = EDGE_CURVE('',#12810,#12810,#12812,.T.);
#12810 = VERTEX_POINT('',#12811);
#12811 = CARTESIAN_POINT('',(206.,-135.5,1.51));
#12812 = CIRCLE('',#12813,0.5);
#12813 = AXIS2_PLACEMENT_3D('',#12814,#12815,#12816);
#12814 = CARTESIAN_POINT('',(206.,-135.,1.51));
#12815 = DIRECTION('',(-0.,0.,-1.));
#12816 = DIRECTION('',(-0.,-1.,0.));
#12817 = PLANE('',#12818);
#12818 = AXIS2_PLACEMENT_3D('',#12819,#12820,#12821);
#12819 = CARTESIAN_POINT('',(0.,0.,1.51));
#12820 = DIRECTION('',(0.,0.,1.));
#12821 = DIRECTION('',(1.,0.,-0.));
#12822 = ADVANCED_FACE('',(#12823),#12834,.T.);
#12823 = FACE_BOUND('',#12824,.T.);
#12824 = EDGE_LOOP('',(#12825,#12831,#12832,#12833));
#12825 = ORIENTED_EDGE('',*,*,#12826,.T.);
#12826 = EDGE_CURVE('',#11969,#12399,#12827,.T.);
#12827 = LINE('',#12828,#12829);
#12828 = CARTESIAN_POINT('',(158.,-134.5,0.));
#12829 = VECTOR('',#12830,1.);
#12830 = DIRECTION('',(0.,0.,1.));
#12831 = ORIENTED_EDGE('',*,*,#12398,.T.);
#12832 = ORIENTED_EDGE('',*,*,#11904,.F.);
#12833 = ORIENTED_EDGE('',*,*,#11968,.F.);
#12834 = CYLINDRICAL_SURFACE('',#12835,1.250001626819);
#12835 = AXIS2_PLACEMENT_3D('',#12836,#12837,#12838);
#12836 = CARTESIAN_POINT('',(159.25000162681,-134.5000016268,0.));
#12837 = DIRECTION('',(0.,0.,-1.));
#12838 = DIRECTION('',(-0.999999999999,1.301452641807E-06,0.));
#12839 = ADVANCED_FACE('',(#12840),#12851,.T.);
#12840 = FACE_BOUND('',#12841,.T.);
#12841 = EDGE_LOOP('',(#12842,#12843,#12844,#12850));
#12842 = ORIENTED_EDGE('',*,*,#11944,.T.);
#12843 = ORIENTED_EDGE('',*,*,#12482,.T.);
#12844 = ORIENTED_EDGE('',*,*,#12845,.F.);
#12845 = EDGE_CURVE('',#12045,#12475,#12846,.T.);
#12846 = LINE('',#12847,#12848);
#12847 = CARTESIAN_POINT('',(206.25,-153.25,0.));
#12848 = VECTOR('',#12849,1.);
#12849 = DIRECTION('',(0.,0.,1.));
#12850 = ORIENTED_EDGE('',*,*,#12052,.F.);
#12851 = CYLINDRICAL_SURFACE('',#12852,1.250001626819);
#12852 = AXIS2_PLACEMENT_3D('',#12853,#12854,#12855);
#12853 = CARTESIAN_POINT('',(206.24999837318,-151.9999983731,0.));
#12854 = DIRECTION('',(0.,0.,-1.));
#12855 = DIRECTION('',(0.999999999999,-1.301452641807E-06,0.));
#12856 = ADVANCED_FACE('',(#12857),#12868,.T.);
#12857 = FACE_BOUND('',#12858,.T.);
#12858 = EDGE_LOOP('',(#12859,#12865,#12866,#12867));
#12859 = ORIENTED_EDGE('',*,*,#12860,.T.);
#12860 = EDGE_CURVE('',#11978,#12408,#12861,.T.);
#12861 = LINE('',#12862,#12863);
#12862 = CARTESIAN_POINT('',(158.,-138.1,0.));
#12863 = VECTOR('',#12864,1.);
#12864 = DIRECTION('',(0.,0.,1.));
#12865 = ORIENTED_EDGE('',*,*,#12407,.T.);
#12866 = ORIENTED_EDGE('',*,*,#12826,.F.);
#12867 = ORIENTED_EDGE('',*,*,#11977,.F.);
#12868 = PLANE('',#12869);
#12869 = AXIS2_PLACEMENT_3D('',#12870,#12871,#12872);
#12870 = CARTESIAN_POINT('',(158.,-138.1,0.));
#12871 = DIRECTION('',(-1.,0.,0.));
#12872 = DIRECTION('',(0.,1.,0.));
#12873 = ADVANCED_FACE('',(#12874),#12885,.T.);
#12874 = FACE_BOUND('',#12875,.T.);
#12875 = EDGE_LOOP('',(#12876,#12877,#12878,#12884));
#12876 = ORIENTED_EDGE('',*,*,#12845,.T.);
#12877 = ORIENTED_EDGE('',*,*,#12474,.T.);
#12878 = ORIENTED_EDGE('',*,*,#12879,.F.);
#12879 = EDGE_CURVE('',#12036,#12466,#12880,.T.);
#12880 = LINE('',#12881,#12882);
#12881 = CARTESIAN_POINT('',(159.25,-153.25,0.));
#12882 = VECTOR('',#12883,1.);
#12883 = DIRECTION('',(0.,0.,1.));
#12884 = ORIENTED_EDGE('',*,*,#12044,.F.);
#12885 = PLANE('',#12886);
#12886 = AXIS2_PLACEMENT_3D('',#12887,#12888,#12889);
#12887 = CARTESIAN_POINT('',(206.25,-153.25,0.));
#12888 = DIRECTION('',(0.,-1.,0.));
#12889 = DIRECTION('',(-1.,0.,0.));
#12890 = ADVANCED_FACE('',(#12891),#12902,.T.);
#12891 = FACE_BOUND('',#12892,.T.);
#12892 = EDGE_LOOP('',(#12893,#12899,#12900,#12901));
#12893 = ORIENTED_EDGE('',*,*,#12894,.T.);
#12894 = EDGE_CURVE('',#11986,#12416,#12895,.T.);
#12895 = LINE('',#12896,#12897);
#12896 = CARTESIAN_POINT('',(158.4,-138.1,0.));
#12897 = VECTOR('',#12898,1.);
#12898 = DIRECTION('',(0.,0.,1.));
#12899 = ORIENTED_EDGE('',*,*,#12415,.T.);
#12900 = ORIENTED_EDGE('',*,*,#12860,.F.);
#12901 = ORIENTED_EDGE('',*,*,#11985,.F.);
#12902 = PLANE('',#12903);
#12903 = AXIS2_PLACEMENT_3D('',#12904,#12905,#12906);
#12904 = CARTESIAN_POINT('',(158.4,-138.1,0.));
#12905 = DIRECTION('',(0.,-1.,0.));
#12906 = DIRECTION('',(-1.,0.,0.));
#12907 = ADVANCED_FACE('',(#12908),#12919,.T.);
#12908 = FACE_BOUND('',#12909,.T.);
#12909 = EDGE_LOOP('',(#12910,#12911,#12912,#12918));
#12910 = ORIENTED_EDGE('',*,*,#12879,.T.);
#12911 = ORIENTED_EDGE('',*,*,#12465,.T.);
#12912 = ORIENTED_EDGE('',*,*,#12913,.F.);
#12913 = EDGE_CURVE('',#12028,#12458,#12914,.T.);
#12914 = LINE('',#12915,#12916);
#12915 = CARTESIAN_POINT('',(158.,-152.,0.));
#12916 = VECTOR('',#12917,1.);
#12917 = DIRECTION('',(0.,0.,1.));
#12918 = ORIENTED_EDGE('',*,*,#12035,.F.);
#12919 = CYLINDRICAL_SURFACE('',#12920,1.250001626819);
#12920 = AXIS2_PLACEMENT_3D('',#12921,#12922,#12923);
#12921 = CARTESIAN_POINT('',(159.25000162681,-151.9999983731,0.));
#12922 = DIRECTION('',(0.,0.,-1.));
#12923 = DIRECTION('',(-1.301452641807E-06,-0.999999999999,-0.));
#12924 = ADVANCED_FACE('',(#12925),#12936,.F.);
#12925 = FACE_BOUND('',#12926,.T.);
#12926 = EDGE_LOOP('',(#12927,#12933,#12934,#12935));
#12927 = ORIENTED_EDGE('',*,*,#12928,.T.);
#12928 = EDGE_CURVE('',#11994,#12424,#12929,.T.);
#12929 = LINE('',#12930,#12931);
#12930 = CARTESIAN_POINT('',(159.4,-139.1,0.));
#12931 = VECTOR('',#12932,1.);
#12932 = DIRECTION('',(0.,0.,1.));
#12933 = ORIENTED_EDGE('',*,*,#12423,.T.);
#12934 = ORIENTED_EDGE('',*,*,#12894,.F.);
#12935 = ORIENTED_EDGE('',*,*,#11993,.F.);
#12936 = CYLINDRICAL_SURFACE('',#12937,0.999999252925);
#12937 = AXIS2_PLACEMENT_3D('',#12938,#12939,#12940);
#12938 = CARTESIAN_POINT('',(158.40000074707,-139.0999992529,0.));
#12939 = DIRECTION('',(-0.,-0.,-1.));
#12940 = DIRECTION('',(1.,-7.470757633756E-07,0.));
#12941 = ADVANCED_FACE('',(#12942),#12953,.T.);
#12942 = FACE_BOUND('',#12943,.T.);
#12943 = EDGE_LOOP('',(#12944,#12945,#12946,#12952));
#12944 = ORIENTED_EDGE('',*,*,#12913,.T.);
#12945 = ORIENTED_EDGE('',*,*,#12457,.T.);
#12946 = ORIENTED_EDGE('',*,*,#12947,.F.);
#12947 = EDGE_CURVE('',#12020,#12450,#12948,.T.);
#12948 = LINE('',#12949,#12950);
#12949 = CARTESIAN_POINT('',(158.,-145.8,0.));
#12950 = VECTOR('',#12951,1.);
#12951 = DIRECTION('',(0.,0.,1.));
#12952 = ORIENTED_EDGE('',*,*,#12027,.F.);
#12953 = PLANE('',#12954);
#12954 = AXIS2_PLACEMENT_3D('',#12955,#12956,#12957);
#12955 = CARTESIAN_POINT('',(158.,-152.,0.));
#12956 = DIRECTION('',(-1.,0.,0.));
#12957 = DIRECTION('',(0.,1.,0.));
#12958 = ADVANCED_FACE('',(#12959),#12970,.T.);
#12959 = FACE_BOUND('',#12960,.T.);
#12960 = EDGE_LOOP('',(#12961,#12967,#12968,#12969));
#12961 = ORIENTED_EDGE('',*,*,#12962,.T.);
#12962 = EDGE_CURVE('',#12003,#12433,#12963,.T.);
#12963 = LINE('',#12964,#12965);
#12964 = CARTESIAN_POINT('',(159.4,-144.8,0.));
#12965 = VECTOR('',#12966,1.);
#12966 = DIRECTION('',(0.,0.,1.));
#12967 = ORIENTED_EDGE('',*,*,#12432,.T.);
#12968 = ORIENTED_EDGE('',*,*,#12928,.F.);
#12969 = ORIENTED_EDGE('',*,*,#12002,.F.);
#12970 = PLANE('',#12971);
#12971 = AXIS2_PLACEMENT_3D('',#12972,#12973,#12974);
#12972 = CARTESIAN_POINT('',(159.4,-144.8,0.));
#12973 = DIRECTION('',(-1.,0.,0.));
#12974 = DIRECTION('',(0.,1.,0.));
#12975 = ADVANCED_FACE('',(#12976),#12987,.T.);
#12976 = FACE_BOUND('',#12977,.T.);
#12977 = EDGE_LOOP('',(#12978,#12979,#12980,#12986));
#12978 = ORIENTED_EDGE('',*,*,#12947,.T.);
#12979 = ORIENTED_EDGE('',*,*,#12449,.T.);
#12980 = ORIENTED_EDGE('',*,*,#12981,.F.);
#12981 = EDGE_CURVE('',#12011,#12441,#12982,.T.);
#12982 = LINE('',#12983,#12984);
#12983 = CARTESIAN_POINT('',(158.4,-145.8,0.));
#12984 = VECTOR('',#12985,1.);
#12985 = DIRECTION('',(0.,0.,1.));
#12986 = ORIENTED_EDGE('',*,*,#12019,.F.);
#12987 = PLANE('',#12988);
#12988 = AXIS2_PLACEMENT_3D('',#12989,#12990,#12991);
#12989 = CARTESIAN_POINT('',(158.,-145.8,0.));
#12990 = DIRECTION('',(0.,1.,0.));
#12991 = DIRECTION('',(1.,0.,0.));
#12992 = ADVANCED_FACE('',(#12993),#12999,.F.);
#12993 = FACE_BOUND('',#12994,.T.);
#12994 = EDGE_LOOP('',(#12995,#12996,#12997,#12998));
#12995 = ORIENTED_EDGE('',*,*,#12981,.T.);
#12996 = ORIENTED_EDGE('',*,*,#12440,.T.);
#12997 = ORIENTED_EDGE('',*,*,#12962,.F.);
#12998 = ORIENTED_EDGE('',*,*,#12010,.F.);
#12999 = CYLINDRICAL_SURFACE('',#13000,0.999999252925);
#13000 = AXIS2_PLACEMENT_3D('',#13001,#13002,#13003);
#13001 = CARTESIAN_POINT('',(158.40000074707,-144.800000747,0.));
#13002 = DIRECTION('',(-0.,-0.,-1.));
#13003 = DIRECTION('',(-7.470757065321E-07,-1.,0.));
#13004 = ADVANCED_FACE('',(#13005),#13021,.F.);
#13005 = FACE_BOUND('',#13006,.T.);
#13006 = EDGE_LOOP('',(#13007,#13008,#13014,#13015));
#13007 = ORIENTED_EDGE('',*,*,#12062,.T.);
#13008 = ORIENTED_EDGE('',*,*,#13009,.T.);
#13009 = EDGE_CURVE('',#12065,#12495,#13010,.T.);
#13010 = LINE('',#13011,#13012);
#13011 = CARTESIAN_POINT('',(169.,-150.03,-4.6E-02));
#13012 = VECTOR('',#13013,1.);
#13013 = DIRECTION('',(0.,0.,1.));
#13014 = ORIENTED_EDGE('',*,*,#12492,.F.);
#13015 = ORIENTED_EDGE('',*,*,#13016,.F.);
#13016 = EDGE_CURVE('',#12063,#12493,#13017,.T.);
#13017 = LINE('',#13018,#13019);
#13018 = CARTESIAN_POINT('',(169.,-149.43,-4.6E-02));
#13019 = VECTOR('',#13020,1.);
#13020 = DIRECTION('',(0.,0.,1.));
#13021 = CYLINDRICAL_SURFACE('',#13022,0.3);
#13022 = AXIS2_PLACEMENT_3D('',#13023,#13024,#13025);
#13023 = CARTESIAN_POINT('',(169.,-149.73,-4.6E-02));
#13024 = DIRECTION('',(-0.,-0.,-1.));
#13025 = DIRECTION('',(-0.,-1.,0.));
#13026 = ADVANCED_FACE('',(#13027),#13038,.T.);
#13027 = FACE_BOUND('',#13028,.T.);
#13028 = EDGE_LOOP('',(#13029,#13030,#13031,#13032));
#13029 = ORIENTED_EDGE('',*,*,#12090,.T.);
#13030 = ORIENTED_EDGE('',*,*,#13016,.T.);
#13031 = ORIENTED_EDGE('',*,*,#12520,.F.);
#13032 = ORIENTED_EDGE('',*,*,#13033,.F.);
#13033 = EDGE_CURVE('',#12082,#12512,#13034,.T.);
#13034 = LINE('',#13035,#13036);
#13035 = CARTESIAN_POINT('',(168.,-149.43,-4.6E-02));
#13036 = VECTOR('',#13037,1.);
#13037 = DIRECTION('',(0.,0.,1.));
#13038 = PLANE('',#13039);
#13039 = AXIS2_PLACEMENT_3D('',#13040,#13041,#13042);
#13040 = CARTESIAN_POINT('',(169.,-149.43,-4.6E-02));
#13041 = DIRECTION('',(0.,-1.,0.));
#13042 = DIRECTION('',(-1.,0.,0.));
#13043 = ADVANCED_FACE('',(#13044),#13055,.F.);
#13044 = FACE_BOUND('',#13045,.T.);
#13045 = EDGE_LOOP('',(#13046,#13047,#13048,#13049));
#13046 = ORIENTED_EDGE('',*,*,#12081,.T.);
#13047 = ORIENTED_EDGE('',*,*,#13033,.T.);
#13048 = ORIENTED_EDGE('',*,*,#12511,.F.);
#13049 = ORIENTED_EDGE('',*,*,#13050,.F.);
#13050 = EDGE_CURVE('',#12074,#12504,#13051,.T.);
#13051 = LINE('',#13052,#13053);
#13052 = CARTESIAN_POINT('',(168.,-150.03,-4.6E-02));
#13053 = VECTOR('',#13054,1.);
#13054 = DIRECTION('',(0.,0.,1.));
#13055 = CYLINDRICAL_SURFACE('',#13056,0.3);
#13056 = AXIS2_PLACEMENT_3D('',#13057,#13058,#13059);
#13057 = CARTESIAN_POINT('',(168.,-149.73,-4.6E-02));
#13058 = DIRECTION('',(-0.,0.,-1.));
#13059 = DIRECTION('',(0.,1.,0.));
#13060 = ADVANCED_FACE('',(#13061),#13067,.T.);
#13061 = FACE_BOUND('',#13062,.T.);
#13062 = EDGE_LOOP('',(#13063,#13064,#13065,#13066));
#13063 = ORIENTED_EDGE('',*,*,#12073,.T.);
#13064 = ORIENTED_EDGE('',*,*,#13050,.T.);
#13065 = ORIENTED_EDGE('',*,*,#12503,.F.);
#13066 = ORIENTED_EDGE('',*,*,#13009,.F.);
#13067 = PLANE('',#13068);
#13068 = AXIS2_PLACEMENT_3D('',#13069,#13070,#13071);
#13069 = CARTESIAN_POINT('',(168.,-150.03,-4.6E-02));
#13070 = DIRECTION('',(0.,1.,0.));
#13071 = DIRECTION('',(1.,0.,0.));
#13072 = ADVANCED_FACE('',(#13073),#13089,.F.);
#13073 = FACE_BOUND('',#13074,.T.);
#13074 = EDGE_LOOP('',(#13075,#13076,#13082,#13083));
#13075 = ORIENTED_EDGE('',*,*,#12098,.T.);
#13076 = ORIENTED_EDGE('',*,*,#13077,.T.);
#13077 = EDGE_CURVE('',#12101,#12531,#13078,.T.);
#13078 = LINE('',#13079,#13080);
#13079 = CARTESIAN_POINT('',(169.,-146.93,-4.6E-02));
#13080 = VECTOR('',#13081,1.);
#13081 = DIRECTION('',(0.,0.,1.));
#13082 = ORIENTED_EDGE('',*,*,#12528,.F.);
#13083 = ORIENTED_EDGE('',*,*,#13084,.F.);
#13084 = EDGE_CURVE('',#12099,#12529,#13085,.T.);
#13085 = LINE('',#13086,#13087);
#13086 = CARTESIAN_POINT('',(169.,-146.33,-4.6E-02));
#13087 = VECTOR('',#13088,1.);
#13088 = DIRECTION('',(0.,0.,1.));
#13089 = CYLINDRICAL_SURFACE('',#13090,0.3);
#13090 = AXIS2_PLACEMENT_3D('',#13091,#13092,#13093);
#13091 = CARTESIAN_POINT('',(169.,-146.63,-4.6E-02));
#13092 = DIRECTION('',(-0.,-0.,-1.));
#13093 = DIRECTION('',(-9.473903143469E-14,-1.,0.));
#13094 = ADVANCED_FACE('',(#13095),#13106,.T.);
#13095 = FACE_BOUND('',#13096,.T.);
#13096 = EDGE_LOOP('',(#13097,#13098,#13099,#13100));
#13097 = ORIENTED_EDGE('',*,*,#12126,.T.);
#13098 = ORIENTED_EDGE('',*,*,#13084,.T.);
#13099 = ORIENTED_EDGE('',*,*,#12556,.F.);
#13100 = ORIENTED_EDGE('',*,*,#13101,.F.);
#13101 = EDGE_CURVE('',#12118,#12548,#13102,.T.);
#13102 = LINE('',#13103,#13104);
#13103 = CARTESIAN_POINT('',(168.,-146.33,-4.6E-02));
#13104 = VECTOR('',#13105,1.);
#13105 = DIRECTION('',(0.,0.,1.));
#13106 = PLANE('',#13107);
#13107 = AXIS2_PLACEMENT_3D('',#13108,#13109,#13110);
#13108 = CARTESIAN_POINT('',(169.,-146.33,-4.6E-02));
#13109 = DIRECTION('',(0.,-1.,0.));
#13110 = DIRECTION('',(-1.,0.,0.));
#13111 = ADVANCED_FACE('',(#13112),#13123,.F.);
#13112 = FACE_BOUND('',#13113,.T.);
#13113 = EDGE_LOOP('',(#13114,#13115,#13116,#13117));
#13114 = ORIENTED_EDGE('',*,*,#12117,.T.);
#13115 = ORIENTED_EDGE('',*,*,#13101,.T.);
#13116 = ORIENTED_EDGE('',*,*,#12547,.F.);
#13117 = ORIENTED_EDGE('',*,*,#13118,.F.);
#13118 = EDGE_CURVE('',#12110,#12540,#13119,.T.);
#13119 = LINE('',#13120,#13121);
#13120 = CARTESIAN_POINT('',(168.,-146.93,-4.6E-02));
#13121 = VECTOR('',#13122,1.);
#13122 = DIRECTION('',(0.,0.,1.));
#13123 = CYLINDRICAL_SURFACE('',#13124,0.3);
#13124 = AXIS2_PLACEMENT_3D('',#13125,#13126,#13127);
#13125 = CARTESIAN_POINT('',(168.,-146.63,-4.6E-02));
#13126 = DIRECTION('',(-0.,-0.,-1.));
#13127 = DIRECTION('',(9.473903143468E-14,1.,-0.));
#13128 = ADVANCED_FACE('',(#13129),#13135,.T.);
#13129 = FACE_BOUND('',#13130,.T.);
#13130 = EDGE_LOOP('',(#13131,#13132,#13133,#13134));
#13131 = ORIENTED_EDGE('',*,*,#12109,.T.);
#13132 = ORIENTED_EDGE('',*,*,#13118,.T.);
#13133 = ORIENTED_EDGE('',*,*,#12539,.F.);
#13134 = ORIENTED_EDGE('',*,*,#13077,.F.);
#13135 = PLANE('',#13136);
#13136 = AXIS2_PLACEMENT_3D('',#13137,#13138,#13139);
#13137 = CARTESIAN_POINT('',(168.,-146.93,-4.6E-02));
#13138 = DIRECTION('',(0.,1.,0.));
#13139 = DIRECTION('',(1.,0.,0.));
#13140 = ADVANCED_FACE('',(#13141),#13152,.F.);
#13141 = FACE_BOUND('',#13142,.T.);
#13142 = EDGE_LOOP('',(#13143,#13144,#13150,#13151));
#13143 = ORIENTED_EDGE('',*,*,#12134,.T.);
#13144 = ORIENTED_EDGE('',*,*,#13145,.T.);
#13145 = EDGE_CURVE('',#12135,#12565,#13146,.T.);
#13146 = LINE('',#13147,#13148);
#13147 = CARTESIAN_POINT('',(161.11253,-143.889924,-4.6E-02));
#13148 = VECTOR('',#13149,1.);
#13149 = DIRECTION('',(0.,0.,1.));
#13150 = ORIENTED_EDGE('',*,*,#12564,.F.);
#13151 = ORIENTED_EDGE('',*,*,#13145,.F.);
#13152 = CYLINDRICAL_SURFACE('',#13153,0.5);
#13153 = AXIS2_PLACEMENT_3D('',#13154,#13155,#13156);
#13154 = CARTESIAN_POINT('',(161.11253,-143.389924,-4.6E-02));
#13155 = DIRECTION('',(-0.,-0.,-1.));
#13156 = DIRECTION('',(-0.,-1.,0.));
#13157 = ADVANCED_FACE('',(#13158),#13169,.F.);
#13158 = FACE_BOUND('',#13159,.T.);
#13159 = EDGE_LOOP('',(#13160,#13161,#13167,#13168));
#13160 = ORIENTED_EDGE('',*,*,#12145,.T.);
#13161 = ORIENTED_EDGE('',*,*,#13162,.T.);
#13162 = EDGE_CURVE('',#12146,#12576,#13163,.T.);
#13163 = LINE('',#13164,#13165);
#13164 = CARTESIAN_POINT('',(181.5,-145.65,-4.6E-02));
#13165 = VECTOR('',#13166,1.);
#13166 = DIRECTION('',(0.,0.,1.));
#13167 = ORIENTED_EDGE('',*,*,#12575,.F.);
#13168 = ORIENTED_EDGE('',*,*,#13162,.F.);
#13169 = CYLINDRICAL_SURFACE('',#13170,0.15);
#13170 = AXIS2_PLACEMENT_3D('',#13171,#13172,#13173);
#13171 = CARTESIAN_POINT('',(181.5,-145.5,-4.6E-02));
#13172 = DIRECTION('',(-0.,-0.,-1.));
#13173 = DIRECTION('',(-0.,-1.,0.));
#13174 = ADVANCED_FACE('',(#13175),#13186,.F.);
#13175 = FACE_BOUND('',#13176,.T.);
#13176 = EDGE_LOOP('',(#13177,#13178,#13184,#13185));
#13177 = ORIENTED_EDGE('',*,*,#12156,.T.);
#13178 = ORIENTED_EDGE('',*,*,#13179,.T.);
#13179 = EDGE_CURVE('',#12157,#12587,#13180,.T.);
#13180 = LINE('',#13181,#13182);
#13181 = CARTESIAN_POINT('',(181.5,-144.05,-4.6E-02));
#13182 = VECTOR('',#13183,1.);
#13183 = DIRECTION('',(0.,0.,1.));
#13184 = ORIENTED_EDGE('',*,*,#12586,.F.);
#13185 = ORIENTED_EDGE('',*,*,#13179,.F.);
#13186 = CYLINDRICAL_SURFACE('',#13187,0.15);
#13187 = AXIS2_PLACEMENT_3D('',#13188,#13189,#13190);
#13188 = CARTESIAN_POINT('',(181.5,-143.9,-4.6E-02));
#13189 = DIRECTION('',(-0.,-0.,-1.));
#13190 = DIRECTION('',(-0.,-1.,0.));
#13191 = ADVANCED_FACE('',(#13192),#13203,.F.);
#13192 = FACE_BOUND('',#13193,.T.);
#13193 = EDGE_LOOP('',(#13194,#13195,#13201,#13202));
#13194 = ORIENTED_EDGE('',*,*,#12167,.T.);
#13195 = ORIENTED_EDGE('',*,*,#13196,.T.);
#13196 = EDGE_CURVE('',#12168,#12598,#13197,.T.);
#13197 = LINE('',#13198,#13199);
#13198 = CARTESIAN_POINT('',(194.5,-151.25,-4.6E-02));
#13199 = VECTOR('',#13200,1.);
#13200 = DIRECTION('',(0.,0.,1.));
#13201 = ORIENTED_EDGE('',*,*,#12597,.F.);
#13202 = ORIENTED_EDGE('',*,*,#13196,.F.);
#13203 = CYLINDRICAL_SURFACE('',#13204,0.5);
#13204 = AXIS2_PLACEMENT_3D('',#13205,#13206,#13207);
#13205 = CARTESIAN_POINT('',(194.5,-150.75,-4.6E-02));
#13206 = DIRECTION('',(-0.,-0.,-1.));
#13207 = DIRECTION('',(-0.,-1.,0.));
#13208 = ADVANCED_FACE('',(#13209),#13220,.F.);
#13209 = FACE_BOUND('',#13210,.T.);
#13210 = EDGE_LOOP('',(#13211,#13212,#13218,#13219));
#13211 = ORIENTED_EDGE('',*,*,#12178,.T.);
#13212 = ORIENTED_EDGE('',*,*,#13213,.T.);
#13213 = EDGE_CURVE('',#12179,#12609,#13214,.T.);
#13214 = LINE('',#13215,#13216);
#13215 = CARTESIAN_POINT('',(197.,-151.25,-4.6E-02));
#13216 = VECTOR('',#13217,1.);
#13217 = DIRECTION('',(0.,0.,1.));
#13218 = ORIENTED_EDGE('',*,*,#12608,.F.);
#13219 = ORIENTED_EDGE('',*,*,#13213,.F.);
#13220 = CYLINDRICAL_SURFACE('',#13221,0.5);
#13221 = AXIS2_PLACEMENT_3D('',#13222,#13223,#13224);
#13222 = CARTESIAN_POINT('',(197.,-150.75,-4.6E-02));
#13223 = DIRECTION('',(-0.,-0.,-1.));
#13224 = DIRECTION('',(-0.,-1.,0.));
#13225 = ADVANCED_FACE('',(#13226),#13237,.F.);
#13226 = FACE_BOUND('',#13227,.T.);
#13227 = EDGE_LOOP('',(#13228,#13229,#13235,#13236));
#13228 = ORIENTED_EDGE('',*,*,#12189,.T.);
#13229 = ORIENTED_EDGE('',*,*,#13230,.T.);
#13230 = EDGE_CURVE('',#12190,#12620,#13231,.T.);
#13231 = LINE('',#13232,#13233);
#13232 = CARTESIAN_POINT('',(199.5,-151.25,-4.6E-02));
#13233 = VECTOR('',#13234,1.);
#13234 = DIRECTION('',(0.,0.,1.));
#13235 = ORIENTED_EDGE('',*,*,#12619,.F.);
#13236 = ORIENTED_EDGE('',*,*,#13230,.F.);
#13237 = CYLINDRICAL_SURFACE('',#13238,0.5);
#13238 = AXIS2_PLACEMENT_3D('',#13239,#13240,#13241);
#13239 = CARTESIAN_POINT('',(199.5,-150.75,-4.6E-02));
#13240 = DIRECTION('',(-0.,-0.,-1.));
#13241 = DIRECTION('',(-0.,-1.,0.));
#13242 = ADVANCED_FACE('',(#13243),#13254,.F.);
#13243 = FACE_BOUND('',#13244,.T.);
#13244 = EDGE_LOOP('',(#13245,#13246,#13252,#13253));
#13245 = ORIENTED_EDGE('',*,*,#12200,.T.);
#13246 = ORIENTED_EDGE('',*,*,#13247,.T.);
#13247 = EDGE_CURVE('',#12201,#12631,#13248,.T.);
#13248 = LINE('',#13249,#13250);
#13249 = CARTESIAN_POINT('',(205.75,-152.,-4.6E-02));
#13250 = VECTOR('',#13251,1.);
#13251 = DIRECTION('',(0.,0.,1.));
#13252 = ORIENTED_EDGE('',*,*,#12630,.F.);
#13253 = ORIENTED_EDGE('',*,*,#13247,.F.);
#13254 = CYLINDRICAL_SURFACE('',#13255,0.5);
#13255 = AXIS2_PLACEMENT_3D('',#13256,#13257,#13258);
#13256 = CARTESIAN_POINT('',(205.75,-151.5,-4.6E-02));
#13257 = DIRECTION('',(-0.,-0.,-1.));
#13258 = DIRECTION('',(-0.,-1.,0.));
#13259 = ADVANCED_FACE('',(#13260),#13271,.F.);
#13260 = FACE_BOUND('',#13261,.T.);
#13261 = EDGE_LOOP('',(#13262,#13263,#13269,#13270));
#13262 = ORIENTED_EDGE('',*,*,#12211,.T.);
#13263 = ORIENTED_EDGE('',*,*,#13264,.T.);
#13264 = EDGE_CURVE('',#12212,#12642,#13265,.T.);
#13265 = LINE('',#13266,#13267);
#13266 = CARTESIAN_POINT('',(205.75,-149.46,-4.6E-02));
#13267 = VECTOR('',#13268,1.);
#13268 = DIRECTION('',(0.,0.,1.));
#13269 = ORIENTED_EDGE('',*,*,#12641,.F.);
#13270 = ORIENTED_EDGE('',*,*,#13264,.F.);
#13271 = CYLINDRICAL_SURFACE('',#13272,0.5);
#13272 = AXIS2_PLACEMENT_3D('',#13273,#13274,#13275);
#13273 = CARTESIAN_POINT('',(205.75,-148.96,-4.6E-02));
#13274 = DIRECTION('',(-0.,-0.,-1.));
#13275 = DIRECTION('',(-0.,-1.,0.));
#13276 = ADVANCED_FACE('',(#13277),#13288,.F.);
#13277 = FACE_BOUND('',#13278,.T.);
#13278 = EDGE_LOOP('',(#13279,#13280,#13286,#13287));
#13279 = ORIENTED_EDGE('',*,*,#12222,.T.);
#13280 = ORIENTED_EDGE('',*,*,#13281,.T.);
#13281 = EDGE_CURVE('',#12223,#12653,#13282,.T.);
#13282 = LINE('',#13283,#13284);
#13283 = CARTESIAN_POINT('',(183.75,-145.65,-4.6E-02));
#13284 = VECTOR('',#13285,1.);
#13285 = DIRECTION('',(0.,0.,1.));
#13286 = ORIENTED_EDGE('',*,*,#12652,.F.);
#13287 = ORIENTED_EDGE('',*,*,#13281,.F.);
#13288 = CYLINDRICAL_SURFACE('',#13289,0.15);
#13289 = AXIS2_PLACEMENT_3D('',#13290,#13291,#13292);
#13290 = CARTESIAN_POINT('',(183.75,-145.5,-4.6E-02));
#13291 = DIRECTION('',(-0.,-0.,-1.));
#13292 = DIRECTION('',(-0.,-1.,0.));
#13293 = ADVANCED_FACE('',(#13294),#13305,.F.);
#13294 = FACE_BOUND('',#13295,.T.);
#13295 = EDGE_LOOP('',(#13296,#13297,#13303,#13304));
#13296 = ORIENTED_EDGE('',*,*,#12233,.T.);
#13297 = ORIENTED_EDGE('',*,*,#13298,.T.);
#13298 = EDGE_CURVE('',#12234,#12664,#13299,.T.);
#13299 = LINE('',#13300,#13301);
#13300 = CARTESIAN_POINT('',(183.75,-144.05,-4.6E-02));
#13301 = VECTOR('',#13302,1.);
#13302 = DIRECTION('',(0.,0.,1.));
#13303 = ORIENTED_EDGE('',*,*,#12663,.F.);
#13304 = ORIENTED_EDGE('',*,*,#13298,.F.);
#13305 = CYLINDRICAL_SURFACE('',#13306,0.15);
#13306 = AXIS2_PLACEMENT_3D('',#13307,#13308,#13309);
#13307 = CARTESIAN_POINT('',(183.75,-143.9,-4.6E-02));
#13308 = DIRECTION('',(-0.,-0.,-1.));
#13309 = DIRECTION('',(-0.,-1.,0.));
#13310 = ADVANCED_FACE('',(#13311),#13322,.F.);
#13311 = FACE_BOUND('',#13312,.T.);
#13312 = EDGE_LOOP('',(#13313,#13314,#13320,#13321));
#13313 = ORIENTED_EDGE('',*,*,#12244,.T.);
#13314 = ORIENTED_EDGE('',*,*,#13315,.T.);
#13315 = EDGE_CURVE('',#12245,#12675,#13316,.T.);
#13316 = LINE('',#13317,#13318);
#13317 = CARTESIAN_POINT('',(192.6,-144.75,-4.6E-02));
#13318 = VECTOR('',#13319,1.);
#13319 = DIRECTION('',(0.,0.,1.));
#13320 = ORIENTED_EDGE('',*,*,#12674,.F.);
#13321 = ORIENTED_EDGE('',*,*,#13315,.F.);
#13322 = CYLINDRICAL_SURFACE('',#13323,1.);
#13323 = AXIS2_PLACEMENT_3D('',#13324,#13325,#13326);
#13324 = CARTESIAN_POINT('',(192.6,-143.75,-4.6E-02));
#13325 = DIRECTION('',(-0.,-0.,-1.));
#13326 = DIRECTION('',(-0.,-1.,0.));
#13327 = ADVANCED_FACE('',(#13328),#13339,.F.);
#13328 = FACE_BOUND('',#13329,.T.);
#13329 = EDGE_LOOP('',(#13330,#13331,#13337,#13338));
#13330 = ORIENTED_EDGE('',*,*,#12255,.T.);
#13331 = ORIENTED_EDGE('',*,*,#13332,.T.);
#13332 = EDGE_CURVE('',#12256,#12686,#13333,.T.);
#13333 = LINE('',#13334,#13335);
#13334 = CARTESIAN_POINT('',(201.4,-144.75,-4.6E-02));
#13335 = VECTOR('',#13336,1.);
#13336 = DIRECTION('',(0.,0.,1.));
#13337 = ORIENTED_EDGE('',*,*,#12685,.F.);
#13338 = ORIENTED_EDGE('',*,*,#13332,.F.);
#13339 = CYLINDRICAL_SURFACE('',#13340,1.);
#13340 = AXIS2_PLACEMENT_3D('',#13341,#13342,#13343);
#13341 = CARTESIAN_POINT('',(201.4,-143.75,-4.6E-02));
#13342 = DIRECTION('',(-0.,-0.,-1.));
#13343 = DIRECTION('',(-0.,-1.,0.));
#13344 = ADVANCED_FACE('',(#13345),#13356,.F.);
#13345 = FACE_BOUND('',#13346,.T.);
#13346 = EDGE_LOOP('',(#13347,#13353,#13354,#13355));
#13347 = ORIENTED_EDGE('',*,*,#13348,.T.);
#13348 = EDGE_CURVE('',#12267,#12697,#13349,.T.);
#13349 = LINE('',#13350,#13351);
#13350 = CARTESIAN_POINT('',(170.3,-143.25,0.));
#13351 = VECTOR('',#13352,1.);
#13352 = DIRECTION('',(0.,0.,1.));
#13353 = ORIENTED_EDGE('',*,*,#12696,.T.);
#13354 = ORIENTED_EDGE('',*,*,#13348,.F.);
#13355 = ORIENTED_EDGE('',*,*,#12266,.F.);
#13356 = CYLINDRICAL_SURFACE('',#13357,1.8);
#13357 = AXIS2_PLACEMENT_3D('',#13358,#13359,#13360);
#13358 = CARTESIAN_POINT('',(168.5,-143.25,0.));
#13359 = DIRECTION('',(-0.,-0.,-1.));
#13360 = DIRECTION('',(1.,0.,-0.));
#13361 = ADVANCED_FACE('',(#13362),#13373,.F.);
#13362 = FACE_BOUND('',#13363,.T.);
#13363 = EDGE_LOOP('',(#13364,#13365,#13371,#13372));
#13364 = ORIENTED_EDGE('',*,*,#12277,.T.);
#13365 = ORIENTED_EDGE('',*,*,#13366,.T.);
#13366 = EDGE_CURVE('',#12278,#12708,#13367,.T.);
#13367 = LINE('',#13368,#13369);
#13368 = CARTESIAN_POINT('',(161.11253,-140.889924,-4.6E-02));
#13369 = VECTOR('',#13370,1.);
#13370 = DIRECTION('',(0.,0.,1.));
#13371 = ORIENTED_EDGE('',*,*,#12707,.F.);
#13372 = ORIENTED_EDGE('',*,*,#13366,.F.);
#13373 = CYLINDRICAL_SURFACE('',#13374,0.5);
#13374 = AXIS2_PLACEMENT_3D('',#13375,#13376,#13377);
#13375 = CARTESIAN_POINT('',(161.11253,-140.389924,-4.6E-02));
#13376 = DIRECTION('',(-0.,-0.,-1.));
#13377 = DIRECTION('',(-0.,-1.,0.));
#13378 = ADVANCED_FACE('',(#13379),#13390,.F.);
#13379 = FACE_BOUND('',#13380,.T.);
#13380 = EDGE_LOOP('',(#13381,#13382,#13388,#13389));
#13381 = ORIENTED_EDGE('',*,*,#12288,.T.);
#13382 = ORIENTED_EDGE('',*,*,#13383,.T.);
#13383 = EDGE_CURVE('',#12289,#12719,#13384,.T.);
#13384 = LINE('',#13385,#13386);
#13385 = CARTESIAN_POINT('',(181.5,-142.45,-4.6E-02));
#13386 = VECTOR('',#13387,1.);
#13387 = DIRECTION('',(0.,0.,1.));
#13388 = ORIENTED_EDGE('',*,*,#12718,.F.);
#13389 = ORIENTED_EDGE('',*,*,#13383,.F.);
#13390 = CYLINDRICAL_SURFACE('',#13391,0.15);
#13391 = AXIS2_PLACEMENT_3D('',#13392,#13393,#13394);
#13392 = CARTESIAN_POINT('',(181.5,-142.3,-4.6E-02));
#13393 = DIRECTION('',(-0.,-0.,-1.));
#13394 = DIRECTION('',(-0.,-1.,0.));
#13395 = ADVANCED_FACE('',(#13396),#13407,.F.);
#13396 = FACE_BOUND('',#13397,.T.);
#13397 = EDGE_LOOP('',(#13398,#13399,#13405,#13406));
#13398 = ORIENTED_EDGE('',*,*,#12299,.T.);
#13399 = ORIENTED_EDGE('',*,*,#13400,.T.);
#13400 = EDGE_CURVE('',#12300,#12730,#13401,.T.);
#13401 = LINE('',#13402,#13403);
#13402 = CARTESIAN_POINT('',(181.5,-140.85,-4.6E-02));
#13403 = VECTOR('',#13404,1.);
#13404 = DIRECTION('',(0.,0.,1.));
#13405 = ORIENTED_EDGE('',*,*,#12729,.F.);
#13406 = ORIENTED_EDGE('',*,*,#13400,.F.);
#13407 = CYLINDRICAL_SURFACE('',#13408,0.15);
#13408 = AXIS2_PLACEMENT_3D('',#13409,#13410,#13411);
#13409 = CARTESIAN_POINT('',(181.5,-140.7,-4.6E-02));
#13410 = DIRECTION('',(-0.,-0.,-1.));
#13411 = DIRECTION('',(-0.,-1.,0.));
#13412 = ADVANCED_FACE('',(#13413),#13429,.F.);
#13413 = FACE_BOUND('',#13414,.T.);
#13414 = EDGE_LOOP('',(#13415,#13416,#13422,#13423));
#13415 = ORIENTED_EDGE('',*,*,#12310,.T.);
#13416 = ORIENTED_EDGE('',*,*,#13417,.T.);
#13417 = EDGE_CURVE('',#12313,#12743,#13418,.T.);
#13418 = LINE('',#13419,#13420);
#13419 = CARTESIAN_POINT('',(169.,-138.63,-4.6E-02));
#13420 = VECTOR('',#13421,1.);
#13421 = DIRECTION('',(0.,0.,1.));
#13422 = ORIENTED_EDGE('',*,*,#12740,.F.);
#13423 = ORIENTED_EDGE('',*,*,#13424,.F.);
#13424 = EDGE_CURVE('',#12311,#12741,#13425,.T.);
#13425 = LINE('',#13426,#13427);
#13426 = CARTESIAN_POINT('',(169.,-138.03,-4.6E-02));
#13427 = VECTOR('',#13428,1.);
#13428 = DIRECTION('',(0.,0.,1.));
#13429 = CYLINDRICAL_SURFACE('',#13430,0.3);
#13430 = AXIS2_PLACEMENT_3D('',#13431,#13432,#13433);
#13431 = CARTESIAN_POINT('',(169.,-138.33,-4.6E-02));
#13432 = DIRECTION('',(-0.,-0.,-1.));
#13433 = DIRECTION('',(-0.,-1.,0.));
#13434 = ADVANCED_FACE('',(#13435),#13446,.T.);
#13435 = FACE_BOUND('',#13436,.T.);
#13436 = EDGE_LOOP('',(#13437,#13438,#13439,#13440));
#13437 = ORIENTED_EDGE('',*,*,#12338,.T.);
#13438 = ORIENTED_EDGE('',*,*,#13424,.T.);
#13439 = ORIENTED_EDGE('',*,*,#12768,.F.);
#13440 = ORIENTED_EDGE('',*,*,#13441,.F.);
#13441 = EDGE_CURVE('',#12330,#12760,#13442,.T.);
#13442 = LINE('',#13443,#13444);
#13443 = CARTESIAN_POINT('',(168.,-138.03,-4.6E-02));
#13444 = VECTOR('',#13445,1.);
#13445 = DIRECTION('',(0.,0.,1.));
#13446 = PLANE('',#13447);
#13447 = AXIS2_PLACEMENT_3D('',#13448,#13449,#13450);
#13448 = CARTESIAN_POINT('',(169.,-138.03,-4.6E-02));
#13449 = DIRECTION('',(0.,-1.,0.));
#13450 = DIRECTION('',(-1.,0.,0.));
#13451 = ADVANCED_FACE('',(#13452),#13463,.F.);
#13452 = FACE_BOUND('',#13453,.T.);
#13453 = EDGE_LOOP('',(#13454,#13455,#13456,#13457));
#13454 = ORIENTED_EDGE('',*,*,#12329,.T.);
#13455 = ORIENTED_EDGE('',*,*,#13441,.T.);
#13456 = ORIENTED_EDGE('',*,*,#12759,.F.);
#13457 = ORIENTED_EDGE('',*,*,#13458,.F.);
#13458 = EDGE_CURVE('',#12322,#12752,#13459,.T.);
#13459 = LINE('',#13460,#13461);
#13460 = CARTESIAN_POINT('',(168.,-138.63,-4.6E-02));
#13461 = VECTOR('',#13462,1.);
#13462 = DIRECTION('',(0.,0.,1.));
#13463 = CYLINDRICAL_SURFACE('',#13464,0.3);
#13464 = AXIS2_PLACEMENT_3D('',#13465,#13466,#13467);
#13465 = CARTESIAN_POINT('',(168.,-138.33,-4.6E-02));
#13466 = DIRECTION('',(-0.,0.,-1.));
#13467 = DIRECTION('',(0.,1.,0.));
#13468 = ADVANCED_FACE('',(#13469),#13475,.T.);
#13469 = FACE_BOUND('',#13470,.T.);
#13470 = EDGE_LOOP('',(#13471,#13472,#13473,#13474));
#13471 = ORIENTED_EDGE('',*,*,#12321,.T.);
#13472 = ORIENTED_EDGE('',*,*,#13458,.T.);
#13473 = ORIENTED_EDGE('',*,*,#12751,.F.);
#13474 = ORIENTED_EDGE('',*,*,#13417,.F.);
#13475 = PLANE('',#13476);
#13476 = AXIS2_PLACEMENT_3D('',#13477,#13478,#13479);
#13477 = CARTESIAN_POINT('',(168.,-138.63,-4.6E-02));
#13478 = DIRECTION('',(0.,1.,0.));
#13479 = DIRECTION('',(1.,0.,0.));
#13480 = ADVANCED_FACE('',(#13481),#13492,.F.);
#13481 = FACE_BOUND('',#13482,.T.);
#13482 = EDGE_LOOP('',(#13483,#13484,#13490,#13491));
#13483 = ORIENTED_EDGE('',*,*,#12346,.T.);
#13484 = ORIENTED_EDGE('',*,*,#13485,.T.);
#13485 = EDGE_CURVE('',#12347,#12777,#13486,.T.);
#13486 = LINE('',#13487,#13488);
#13487 = CARTESIAN_POINT('',(183.75,-142.45,-4.6E-02));
#13488 = VECTOR('',#13489,1.);
#13489 = DIRECTION('',(0.,0.,1.));
#13490 = ORIENTED_EDGE('',*,*,#12776,.F.);
#13491 = ORIENTED_EDGE('',*,*,#13485,.F.);
#13492 = CYLINDRICAL_SURFACE('',#13493,0.15);
#13493 = AXIS2_PLACEMENT_3D('',#13494,#13495,#13496);
#13494 = CARTESIAN_POINT('',(183.75,-142.3,-4.6E-02));
#13495 = DIRECTION('',(-0.,-0.,-1.));
#13496 = DIRECTION('',(-0.,-1.,0.));
#13497 = ADVANCED_FACE('',(#13498),#13509,.F.);
#13498 = FACE_BOUND('',#13499,.T.);
#13499 = EDGE_LOOP('',(#13500,#13501,#13507,#13508));
#13500 = ORIENTED_EDGE('',*,*,#12357,.T.);
#13501 = ORIENTED_EDGE('',*,*,#13502,.T.);
#13502 = EDGE_CURVE('',#12358,#12788,#13503,.T.);
#13503 = LINE('',#13504,#13505);
#13504 = CARTESIAN_POINT('',(183.75,-140.85,-4.6E-02));
#13505 = VECTOR('',#13506,1.);
#13506 = DIRECTION('',(0.,0.,1.));
#13507 = ORIENTED_EDGE('',*,*,#12787,.F.);
#13508 = ORIENTED_EDGE('',*,*,#13502,.F.);
#13509 = CYLINDRICAL_SURFACE('',#13510,0.15);
#13510 = AXIS2_PLACEMENT_3D('',#13511,#13512,#13513);
#13511 = CARTESIAN_POINT('',(183.75,-140.7,-4.6E-02));
#13512 = DIRECTION('',(-0.,-0.,-1.));
#13513 = DIRECTION('',(-0.,-1.,0.));
#13514 = ADVANCED_FACE('',(#13515),#13526,.F.);
#13515 = FACE_BOUND('',#13516,.T.);
#13516 = EDGE_LOOP('',(#13517,#13518,#13524,#13525));
#13517 = ORIENTED_EDGE('',*,*,#12368,.T.);
#13518 = ORIENTED_EDGE('',*,*,#13519,.T.);
#13519 = EDGE_CURVE('',#12369,#12799,#13520,.T.);
#13520 = LINE('',#13521,#13522);
#13521 = CARTESIAN_POINT('',(206.,-138.04,-4.6E-02));
#13522 = VECTOR('',#13523,1.);
#13523 = DIRECTION('',(0.,0.,1.));
#13524 = ORIENTED_EDGE('',*,*,#12798,.F.);
#13525 = ORIENTED_EDGE('',*,*,#13519,.F.);
#13526 = CYLINDRICAL_SURFACE('',#13527,0.5);
#13527 = AXIS2_PLACEMENT_3D('',#13528,#13529,#13530);
#13528 = CARTESIAN_POINT('',(206.,-137.54,-4.6E-02));
#13529 = DIRECTION('',(-0.,-0.,-1.));
#13530 = DIRECTION('',(-0.,-1.,0.));
#13531 = ADVANCED_FACE('',(#13532),#13543,.F.);
#13532 = FACE_BOUND('',#13533,.T.);
#13533 = EDGE_LOOP('',(#13534,#13535,#13541,#13542));
#13534 = ORIENTED_EDGE('',*,*,#12379,.T.);
#13535 = ORIENTED_EDGE('',*,*,#13536,.T.);
#13536 = EDGE_CURVE('',#12380,#12810,#13537,.T.);
#13537 = LINE('',#13538,#13539);
#13538 = CARTESIAN_POINT('',(206.,-135.5,-4.6E-02));
#13539 = VECTOR('',#13540,1.);
#13540 = DIRECTION('',(0.,0.,1.));
#13541 = ORIENTED_EDGE('',*,*,#12809,.F.);
#13542 = ORIENTED_EDGE('',*,*,#13536,.F.);
#13543 = CYLINDRICAL_SURFACE('',#13544,0.5);
#13544 = AXIS2_PLACEMENT_3D('',#13545,#13546,#13547);
#13545 = CARTESIAN_POINT('',(206.,-135.,-4.6E-02));
#13546 = DIRECTION('',(-0.,-0.,-1.));
#13547 = DIRECTION('',(-0.,-1.,0.));
#13548 = ( GEOMETRIC_REPRESENTATION_CONTEXT(3) 
GLOBAL_UNCERTAINTY_ASSIGNED_CONTEXT((#13552)) 
GLOBAL_UNIT_ASSIGNED_CONTEXT((#13549,#13550,#13551)) 
REPRESENTATION_CONTEXT('Context #1',
  '3D Context with UNIT and UNCERTAINTY') );
#13549 = ( LENGTH_UNIT() NAMED_UNIT(*) SI_UNIT(.MILLI.,.METRE.) );
#13550 = ( NAMED_UNIT(*) PLANE_ANGLE_UNIT() SI_UNIT($,.RADIAN.) );
#13551 = ( NAMED_UNIT(*) SI_UNIT($,.STERADIAN.) SOLID_ANGLE_UNIT() );
#13552 = UNCERTAINTY_MEASURE_WITH_UNIT(LENGTH_MEASURE(1.E-07),#13549,
  'distance_accuracy_value','confusion accuracy');
#13553 = CONTEXT_DEPENDENT_SHAPE_REPRESENTATION(#13554,#13556);
#13554 = ( REPRESENTATION_RELATIONSHIP('','',#11855,#10) 
REPRESENTATION_RELATIONSHIP_WITH_TRANSFORMATION(#13555) 
SHAPE_REPRESENTATION_RELATIONSHIP() );
#13555 = ITEM_DEFINED_TRANSFORMATION('','',#11,#115);
#13556 = PRODUCT_DEFINITION_SHAPE('Placement','Placement of an item',
  #13557);
#13557 = NEXT_ASSEMBLY_USAGE_OCCURRENCE('31','=>[0:1:1:13]','',#5,#11850
  ,$);
#13558 = PRODUCT_RELATED_PRODUCT_CATEGORY('part',$,(#11852));
#13559 = MECHANICAL_DESIGN_GEOMETRIC_PRESENTATION_REPRESENTATION('',(
    #13560,#13568,#13575,#13582,#13590,#13597,#13604,#13611,#13618,
    #13625,#13632,#13639,#13646,#13653,#13660,#13667,#13674,#13681,
    #13688,#13695,#13702,#13709,#13716,#13723,#13730,#13737,#13744,
    #13751,#13758,#13765,#13772,#13779,#13786,#13793,#13800,#13807,
    #13814,#13821,#13828,#13835,#13842),#11832);
#13560 = STYLED_ITEM('color',(#13561),#10469);
#13561 = PRESENTATION_STYLE_ASSIGNMENT((#13562));
#13562 = SURFACE_STYLE_USAGE(.BOTH.,#13563);
#13563 = SURFACE_SIDE_STYLE('',(#13564));
#13564 = SURFACE_STYLE_FILL_AREA(#13565);
#13565 = FILL_AREA_STYLE('',(#13566));
#13566 = FILL_AREA_STYLE_COLOUR('',#13567);
#13567 = COLOUR_RGB('',0.823999987314,0.819999987296,0.781000009244);
#13568 = STYLED_ITEM('color',(#13569),#10512);
#13569 = PRESENTATION_STYLE_ASSIGNMENT((#13570));
#13570 = SURFACE_STYLE_USAGE(.BOTH.,#13571);
#13571 = SURFACE_SIDE_STYLE('',(#13572));
#13572 = SURFACE_STYLE_FILL_AREA(#13573);
#13573 = FILL_AREA_STYLE('',(#13574));
#13574 = FILL_AREA_STYLE_COLOUR('',#13567);
#13575 = STYLED_ITEM('color',(#13576),#10538);
#13576 = PRESENTATION_STYLE_ASSIGNMENT((#13577));
#13577 = SURFACE_STYLE_USAGE(.BOTH.,#13578);
#13578 = SURFACE_SIDE_STYLE('',(#13579));
#13579 = SURFACE_STYLE_FILL_AREA(#13580);
#13580 = FILL_AREA_STYLE('',(#13581));
#13581 = FILL_AREA_STYLE_COLOUR('',#13567);
#13582 = STYLED_ITEM('color',(#13583),#10611);
#13583 = PRESENTATION_STYLE_ASSIGNMENT((#13584));
#13584 = SURFACE_STYLE_USAGE(.BOTH.,#13585);
#13585 = SURFACE_SIDE_STYLE('',(#13586));
#13586 = SURFACE_STYLE_FILL_AREA(#13587);
#13587 = FILL_AREA_STYLE('',(#13588));
#13588 = FILL_AREA_STYLE_COLOUR('',#13589);
#13589 = COLOUR_RGB('',0.147999998088,0.144999993226,0.144999993226);
#13590 = STYLED_ITEM('color',(#13591),#10690);
#13591 = PRESENTATION_STYLE_ASSIGNMENT((#13592));
#13592 = SURFACE_STYLE_USAGE(.BOTH.,#13593);
#13593 = SURFACE_SIDE_STYLE('',(#13594));
#13594 = SURFACE_STYLE_FILL_AREA(#13595);
#13595 = FILL_AREA_STYLE('',(#13596));
#13596 = FILL_AREA_STYLE_COLOUR('',#13567);
#13597 = STYLED_ITEM('color',(#13598),#10730);
#13598 = PRESENTATION_STYLE_ASSIGNMENT((#13599));
#13599 = SURFACE_STYLE_USAGE(.BOTH.,#13600);
#13600 = SURFACE_SIDE_STYLE('',(#13601));
#13601 = SURFACE_STYLE_FILL_AREA(#13602);
#13602 = FILL_AREA_STYLE('',(#13603));
#13603 = FILL_AREA_STYLE_COLOUR('',#13589);
#13604 = STYLED_ITEM('color',(#13605),#10809);
#13605 = PRESENTATION_STYLE_ASSIGNMENT((#13606));
#13606 = SURFACE_STYLE_USAGE(.BOTH.,#13607);
#13607 = SURFACE_SIDE_STYLE('',(#13608));
#13608 = SURFACE_STYLE_FILL_AREA(#13609);
#13609 = FILL_AREA_STYLE('',(#13610));
#13610 = FILL_AREA_STYLE_COLOUR('',#13589);
#13611 = STYLED_ITEM('color',(#13612),#10834);
#13612 = PRESENTATION_STYLE_ASSIGNMENT((#13613));
#13613 = SURFACE_STYLE_USAGE(.BOTH.,#13614);
#13614 = SURFACE_SIDE_STYLE('',(#13615));
#13615 = SURFACE_STYLE_FILL_AREA(#13616);
#13616 = FILL_AREA_STYLE('',(#13617));
#13617 = FILL_AREA_STYLE_COLOUR('',#13589);
#13618 = STYLED_ITEM('color',(#13619),#10859);
#13619 = PRESENTATION_STYLE_ASSIGNMENT((#13620));
#13620 = SURFACE_STYLE_USAGE(.BOTH.,#13621);
#13621 = SURFACE_SIDE_STYLE('',(#13622));
#13622 = SURFACE_STYLE_FILL_AREA(#13623);
#13623 = FILL_AREA_STYLE('',(#13624));
#13624 = FILL_AREA_STYLE_COLOUR('',#13589);
#13625 = STYLED_ITEM('color',(#13626),#10915);
#13626 = PRESENTATION_STYLE_ASSIGNMENT((#13627));
#13627 = SURFACE_STYLE_USAGE(.BOTH.,#13628);
#13628 = SURFACE_SIDE_STYLE('',(#13629));
#13629 = SURFACE_STYLE_FILL_AREA(#13630);
#13630 = FILL_AREA_STYLE('',(#13631));
#13631 = FILL_AREA_STYLE_COLOUR('',#13589);
#13632 = STYLED_ITEM('color',(#13633),#10971);
#13633 = PRESENTATION_STYLE_ASSIGNMENT((#13634));
#13634 = SURFACE_STYLE_USAGE(.BOTH.,#13635);
#13635 = SURFACE_SIDE_STYLE('',(#13636));
#13636 = SURFACE_STYLE_FILL_AREA(#13637);
#13637 = FILL_AREA_STYLE('',(#13638));
#13638 = FILL_AREA_STYLE_COLOUR('',#13589);
#13639 = STYLED_ITEM('color',(#13640),#10996);
#13640 = PRESENTATION_STYLE_ASSIGNMENT((#13641));
#13641 = SURFACE_STYLE_USAGE(.BOTH.,#13642);
#13642 = SURFACE_SIDE_STYLE('',(#13643));
#13643 = SURFACE_STYLE_FILL_AREA(#13644);
#13644 = FILL_AREA_STYLE('',(#13645));
#13645 = FILL_AREA_STYLE_COLOUR('',#13589);
#13646 = STYLED_ITEM('color',(#13647),#11021);
#13647 = PRESENTATION_STYLE_ASSIGNMENT((#13648));
#13648 = SURFACE_STYLE_USAGE(.BOTH.,#13649);
#13649 = SURFACE_SIDE_STYLE('',(#13650));
#13650 = SURFACE_STYLE_FILL_AREA(#13651);
#13651 = FILL_AREA_STYLE('',(#13652));
#13652 = FILL_AREA_STYLE_COLOUR('',#13589);
#13653 = STYLED_ITEM('color',(#13654),#11086);
#13654 = PRESENTATION_STYLE_ASSIGNMENT((#13655));
#13655 = SURFACE_STYLE_USAGE(.BOTH.,#13656);
#13656 = SURFACE_SIDE_STYLE('',(#13657));
#13657 = SURFACE_STYLE_FILL_AREA(#13658);
#13658 = FILL_AREA_STYLE('',(#13659));
#13659 = FILL_AREA_STYLE_COLOUR('',#13567);
#13660 = STYLED_ITEM('color',(#13661),#11159);
#13661 = PRESENTATION_STYLE_ASSIGNMENT((#13662));
#13662 = SURFACE_STYLE_USAGE(.BOTH.,#13663);
#13663 = SURFACE_SIDE_STYLE('',(#13664));
#13664 = SURFACE_STYLE_FILL_AREA(#13665);
#13665 = FILL_AREA_STYLE('',(#13666));
#13666 = FILL_AREA_STYLE_COLOUR('',#13589);
#13667 = STYLED_ITEM('color',(#13668),#11245);
#13668 = PRESENTATION_STYLE_ASSIGNMENT((#13669));
#13669 = SURFACE_STYLE_USAGE(.BOTH.,#13670);
#13670 = SURFACE_SIDE_STYLE('',(#13671));
#13671 = SURFACE_STYLE_FILL_AREA(#13672);
#13672 = FILL_AREA_STYLE('',(#13673));
#13673 = FILL_AREA_STYLE_COLOUR('',#13589);
#13674 = STYLED_ITEM('color',(#13675),#11262);
#13675 = PRESENTATION_STYLE_ASSIGNMENT((#13676));
#13676 = SURFACE_STYLE_USAGE(.BOTH.,#13677);
#13677 = SURFACE_SIDE_STYLE('',(#13678));
#13678 = SURFACE_STYLE_FILL_AREA(#13679);
#13679 = FILL_AREA_STYLE('',(#13680));
#13680 = FILL_AREA_STYLE_COLOUR('',#13567);
#13681 = STYLED_ITEM('color',(#13682),#11293);
#13682 = PRESENTATION_STYLE_ASSIGNMENT((#13683));
#13683 = SURFACE_STYLE_USAGE(.BOTH.,#13684);
#13684 = SURFACE_SIDE_STYLE('',(#13685));
#13685 = SURFACE_STYLE_FILL_AREA(#13686);
#13686 = FILL_AREA_STYLE('',(#13687));
#13687 = FILL_AREA_STYLE_COLOUR('',#13589);
#13688 = STYLED_ITEM('color',(#13689),#11305);
#13689 = PRESENTATION_STYLE_ASSIGNMENT((#13690));
#13690 = SURFACE_STYLE_USAGE(.BOTH.,#13691);
#13691 = SURFACE_SIDE_STYLE('',(#13692));
#13692 = SURFACE_STYLE_FILL_AREA(#13693);
#13693 = FILL_AREA_STYLE('',(#13694));
#13694 = FILL_AREA_STYLE_COLOUR('',#13589);
#13695 = STYLED_ITEM('color',(#13696),#11322);
#13696 = PRESENTATION_STYLE_ASSIGNMENT((#13697));
#13697 = SURFACE_STYLE_USAGE(.BOTH.,#13698);
#13698 = SURFACE_SIDE_STYLE('',(#13699));
#13699 = SURFACE_STYLE_FILL_AREA(#13700);
#13700 = FILL_AREA_STYLE('',(#13701));
#13701 = FILL_AREA_STYLE_COLOUR('',#13589);
#13702 = STYLED_ITEM('color',(#13703),#11334);
#13703 = PRESENTATION_STYLE_ASSIGNMENT((#13704));
#13704 = SURFACE_STYLE_USAGE(.BOTH.,#13705);
#13705 = SURFACE_SIDE_STYLE('',(#13706));
#13706 = SURFACE_STYLE_FILL_AREA(#13707);
#13707 = FILL_AREA_STYLE('',(#13708));
#13708 = FILL_AREA_STYLE_COLOUR('',#13589);
#13709 = STYLED_ITEM('color',(#13710),#11352);
#13710 = PRESENTATION_STYLE_ASSIGNMENT((#13711));
#13711 = SURFACE_STYLE_USAGE(.BOTH.,#13712);
#13712 = SURFACE_SIDE_STYLE('',(#13713));
#13713 = SURFACE_STYLE_FILL_AREA(#13714);
#13714 = FILL_AREA_STYLE('',(#13715));
#13715 = FILL_AREA_STYLE_COLOUR('',#13589);
#13716 = STYLED_ITEM('color',(#13717),#11364);
#13717 = PRESENTATION_STYLE_ASSIGNMENT((#13718));
#13718 = SURFACE_STYLE_USAGE(.BOTH.,#13719);
#13719 = SURFACE_SIDE_STYLE('',(#13720));
#13720 = SURFACE_STYLE_FILL_AREA(#13721);
#13721 = FILL_AREA_STYLE('',(#13722));
#13722 = FILL_AREA_STYLE_COLOUR('',#13589);
#13723 = STYLED_ITEM('color',(#13724),#11382);
#13724 = PRESENTATION_STYLE_ASSIGNMENT((#13725));
#13725 = SURFACE_STYLE_USAGE(.BOTH.,#13726);
#13726 = SURFACE_SIDE_STYLE('',(#13727));
#13727 = SURFACE_STYLE_FILL_AREA(#13728);
#13728 = FILL_AREA_STYLE('',(#13729));
#13729 = FILL_AREA_STYLE_COLOUR('',#13589);
#13730 = STYLED_ITEM('color',(#13731),#11394);
#13731 = PRESENTATION_STYLE_ASSIGNMENT((#13732));
#13732 = SURFACE_STYLE_USAGE(.BOTH.,#13733);
#13733 = SURFACE_SIDE_STYLE('',(#13734));
#13734 = SURFACE_STYLE_FILL_AREA(#13735);
#13735 = FILL_AREA_STYLE('',(#13736));
#13736 = FILL_AREA_STYLE_COLOUR('',#13567);
#13737 = STYLED_ITEM('color',(#13738),#11425);
#13738 = PRESENTATION_STYLE_ASSIGNMENT((#13739));
#13739 = SURFACE_STYLE_USAGE(.BOTH.,#13740);
#13740 = SURFACE_SIDE_STYLE('',(#13741));
#13741 = SURFACE_STYLE_FILL_AREA(#13742);
#13742 = FILL_AREA_STYLE('',(#13743));
#13743 = FILL_AREA_STYLE_COLOUR('',#13567);
#13744 = STYLED_ITEM('color',(#13745),#11477);
#13745 = PRESENTATION_STYLE_ASSIGNMENT((#13746));
#13746 = SURFACE_STYLE_USAGE(.BOTH.,#13747);
#13747 = SURFACE_SIDE_STYLE('',(#13748));
#13748 = SURFACE_STYLE_FILL_AREA(#13749);
#13749 = FILL_AREA_STYLE('',(#13750));
#13750 = FILL_AREA_STYLE_COLOUR('',#13567);
#13751 = STYLED_ITEM('color',(#13752),#11509);
#13752 = PRESENTATION_STYLE_ASSIGNMENT((#13753));
#13753 = SURFACE_STYLE_USAGE(.BOTH.,#13754);
#13754 = SURFACE_SIDE_STYLE('',(#13755));
#13755 = SURFACE_STYLE_FILL_AREA(#13756);
#13756 = FILL_AREA_STYLE('',(#13757));
#13757 = FILL_AREA_STYLE_COLOUR('',#13567);
#13758 = STYLED_ITEM('color',(#13759),#11534);
#13759 = PRESENTATION_STYLE_ASSIGNMENT((#13760));
#13760 = SURFACE_STYLE_USAGE(.BOTH.,#13761);
#13761 = SURFACE_SIDE_STYLE('',(#13762));
#13762 = SURFACE_STYLE_FILL_AREA(#13763);
#13763 = FILL_AREA_STYLE('',(#13764));
#13764 = FILL_AREA_STYLE_COLOUR('',#13567);
#13765 = STYLED_ITEM('color',(#13766),#11559);
#13766 = PRESENTATION_STYLE_ASSIGNMENT((#13767));
#13767 = SURFACE_STYLE_USAGE(.BOTH.,#13768);
#13768 = SURFACE_SIDE_STYLE('',(#13769));
#13769 = SURFACE_STYLE_FILL_AREA(#13770);
#13770 = FILL_AREA_STYLE('',(#13771));
#13771 = FILL_AREA_STYLE_COLOUR('',#13567);
#13772 = STYLED_ITEM('color',(#13773),#11591);
#13773 = PRESENTATION_STYLE_ASSIGNMENT((#13774));
#13774 = SURFACE_STYLE_USAGE(.BOTH.,#13775);
#13775 = SURFACE_SIDE_STYLE('',(#13776));
#13776 = SURFACE_STYLE_FILL_AREA(#13777);
#13777 = FILL_AREA_STYLE('',(#13778));
#13778 = FILL_AREA_STYLE_COLOUR('',#13567);
#13779 = STYLED_ITEM('color',(#13780),#11616);
#13780 = PRESENTATION_STYLE_ASSIGNMENT((#13781));
#13781 = SURFACE_STYLE_USAGE(.BOTH.,#13782);
#13782 = SURFACE_SIDE_STYLE('',(#13783));
#13783 = SURFACE_STYLE_FILL_AREA(#13784);
#13784 = FILL_AREA_STYLE('',(#13785));
#13785 = FILL_AREA_STYLE_COLOUR('',#13567);
#13786 = STYLED_ITEM('color',(#13787),#11641);
#13787 = PRESENTATION_STYLE_ASSIGNMENT((#13788));
#13788 = SURFACE_STYLE_USAGE(.BOTH.,#13789);
#13789 = SURFACE_SIDE_STYLE('',(#13790));
#13790 = SURFACE_STYLE_FILL_AREA(#13791);
#13791 = FILL_AREA_STYLE('',(#13792));
#13792 = FILL_AREA_STYLE_COLOUR('',#13567);
#13793 = STYLED_ITEM('color',(#13794),#11658);
#13794 = PRESENTATION_STYLE_ASSIGNMENT((#13795));
#13795 = SURFACE_STYLE_USAGE(.BOTH.,#13796);
#13796 = SURFACE_SIDE_STYLE('',(#13797));
#13797 = SURFACE_STYLE_FILL_AREA(#13798);
#13798 = FILL_AREA_STYLE('',(#13799));
#13799 = FILL_AREA_STYLE_COLOUR('',#13567);
#13800 = STYLED_ITEM('color',(#13801),#11675);
#13801 = PRESENTATION_STYLE_ASSIGNMENT((#13802));
#13802 = SURFACE_STYLE_USAGE(.BOTH.,#13803);
#13803 = SURFACE_SIDE_STYLE('',(#13804));
#13804 = SURFACE_STYLE_FILL_AREA(#13805);
#13805 = FILL_AREA_STYLE('',(#13806));
#13806 = FILL_AREA_STYLE_COLOUR('',#13567);
#13807 = STYLED_ITEM('color',(#13808),#11723);
#13808 = PRESENTATION_STYLE_ASSIGNMENT((#13809));
#13809 = SURFACE_STYLE_USAGE(.BOTH.,#13810);
#13810 = SURFACE_SIDE_STYLE('',(#13811));
#13811 = SURFACE_STYLE_FILL_AREA(#13812);
#13812 = FILL_AREA_STYLE('',(#13813));
#13813 = FILL_AREA_STYLE_COLOUR('',#13589);
#13814 = STYLED_ITEM('color',(#13815),#11764);
#13815 = PRESENTATION_STYLE_ASSIGNMENT((#13816));
#13816 = SURFACE_STYLE_USAGE(.BOTH.,#13817);
#13817 = SURFACE_SIDE_STYLE('',(#13818));
#13818 = SURFACE_STYLE_FILL_AREA(#13819);
#13819 = FILL_AREA_STYLE('',(#13820));
#13820 = FILL_AREA_STYLE_COLOUR('',#13567);
#13821 = STYLED_ITEM('color',(#13822),#11782);
#13822 = PRESENTATION_STYLE_ASSIGNMENT((#13823));
#13823 = SURFACE_STYLE_USAGE(.BOTH.,#13824);
#13824 = SURFACE_SIDE_STYLE('',(#13825));
#13825 = SURFACE_STYLE_FILL_AREA(#13826);
#13826 = FILL_AREA_STYLE('',(#13827));
#13827 = FILL_AREA_STYLE_COLOUR('',#13567);
#13828 = STYLED_ITEM('color',(#13829),#11794);
#13829 = PRESENTATION_STYLE_ASSIGNMENT((#13830));
#13830 = SURFACE_STYLE_USAGE(.BOTH.,#13831);
#13831 = SURFACE_SIDE_STYLE('',(#13832));
#13832 = SURFACE_STYLE_FILL_AREA(#13833);
#13833 = FILL_AREA_STYLE('',(#13834));
#13834 = FILL_AREA_STYLE_COLOUR('',#13567);
#13835 = STYLED_ITEM('color',(#13836),#11806);
#13836 = PRESENTATION_STYLE_ASSIGNMENT((#13837));
#13837 = SURFACE_STYLE_USAGE(.BOTH.,#13838);
#13838 = SURFACE_SIDE_STYLE('',(#13839));
#13839 = SURFACE_STYLE_FILL_AREA(#13840);
#13840 = FILL_AREA_STYLE('',(#13841));
#13841 = FILL_AREA_STYLE_COLOUR('',#13567);
#13842 = STYLED_ITEM('color',(#13843),#11822);
#13843 = PRESENTATION_STYLE_ASSIGNMENT((#13844));
#13844 = SURFACE_STYLE_USAGE(.BOTH.,#13845);
#13845 = SURFACE_SIDE_STYLE('',(#13846));
#13846 = SURFACE_STYLE_FILL_AREA(#13847);
#13847 = FILL_AREA_STYLE('',(#13848));
#13848 = FILL_AREA_STYLE_COLOUR('',#13589);
#13849 = MECHANICAL_DESIGN_GEOMETRIC_PRESENTATION_REPRESENTATION('',(
    #13850,#13860,#13869,#13878,#13887,#13896,#13905,#13914,#13923,
    #13932,#13941,#13950,#13959,#13968,#13977,#13986,#13995,#14004,
    #14013,#14022,#14031,#14040,#14049,#14058,#14067,#14076,#14085,
    #14094,#14103,#14112,#14121,#14130,#14139,#14148,#14157,#14166,
    #14175,#14184,#14193,#14202,#14211,#14220,#14229,#14238,#14247,
    #14256,#14265,#14274,#14283,#14292,#14301,#14310,#14319,#14328,
    #14337,#14346,#14355,#14364,#14373,#14382,#14391,#14400,#14409,
    #14418,#14427,#14436,#14445,#14454,#14463),#10423);
#13850 = STYLED_ITEM('color',(#13851),#8443);
#13851 = PRESENTATION_STYLE_ASSIGNMENT((#13852,#13858));
#13852 = SURFACE_STYLE_USAGE(.BOTH.,#13853);
#13853 = SURFACE_SIDE_STYLE('',(#13854));
#13854 = SURFACE_STYLE_FILL_AREA(#13855);
#13855 = FILL_AREA_STYLE('',(#13856));
#13856 = FILL_AREA_STYLE_COLOUR('',#13857);
#13857 = COLOUR_RGB('',0.147999998088,0.145000001626,0.145000001626);
#13858 = CURVE_STYLE('',#13859,POSITIVE_LENGTH_MEASURE(0.1),#13857);
#13859 = DRAUGHTING_PRE_DEFINED_CURVE_FONT('continuous');
#13860 = STYLED_ITEM('color',(#13861),#8481);
#13861 = PRESENTATION_STYLE_ASSIGNMENT((#13862,#13867));
#13862 = SURFACE_STYLE_USAGE(.BOTH.,#13863);
#13863 = SURFACE_SIDE_STYLE('',(#13864));
#13864 = SURFACE_STYLE_FILL_AREA(#13865);
#13865 = FILL_AREA_STYLE('',(#13866));
#13866 = FILL_AREA_STYLE_COLOUR('',#13857);
#13867 = CURVE_STYLE('',#13868,POSITIVE_LENGTH_MEASURE(0.1),#13857);
#13868 = DRAUGHTING_PRE_DEFINED_CURVE_FONT('continuous');
#13869 = STYLED_ITEM('color',(#13870),#8544);
#13870 = PRESENTATION_STYLE_ASSIGNMENT((#13871,#13876));
#13871 = SURFACE_STYLE_USAGE(.BOTH.,#13872);
#13872 = SURFACE_SIDE_STYLE('',(#13873));
#13873 = SURFACE_STYLE_FILL_AREA(#13874);
#13874 = FILL_AREA_STYLE('',(#13875));
#13875 = FILL_AREA_STYLE_COLOUR('',#13857);
#13876 = CURVE_STYLE('',#13877,POSITIVE_LENGTH_MEASURE(0.1),#13857);
#13877 = DRAUGHTING_PRE_DEFINED_CURVE_FONT('continuous');
#13878 = STYLED_ITEM('color',(#13879),#8567);
#13879 = PRESENTATION_STYLE_ASSIGNMENT((#13880,#13885));
#13880 = SURFACE_STYLE_USAGE(.BOTH.,#13881);
#13881 = SURFACE_SIDE_STYLE('',(#13882));
#13882 = SURFACE_STYLE_FILL_AREA(#13883);
#13883 = FILL_AREA_STYLE('',(#13884));
#13884 = FILL_AREA_STYLE_COLOUR('',#13857);
#13885 = CURVE_STYLE('',#13886,POSITIVE_LENGTH_MEASURE(0.1),#13857);
#13886 = DRAUGHTING_PRE_DEFINED_CURVE_FONT('continuous');
#13887 = STYLED_ITEM('color',(#13888),#8596);
#13888 = PRESENTATION_STYLE_ASSIGNMENT((#13889,#13894));
#13889 = SURFACE_STYLE_USAGE(.BOTH.,#13890);
#13890 = SURFACE_SIDE_STYLE('',(#13891));
#13891 = SURFACE_STYLE_FILL_AREA(#13892);
#13892 = FILL_AREA_STYLE('',(#13893));
#13893 = FILL_AREA_STYLE_COLOUR('',#13857);
#13894 = CURVE_STYLE('',#13895,POSITIVE_LENGTH_MEASURE(0.1),#13857);
#13895 = DRAUGHTING_PRE_DEFINED_CURVE_FONT('continuous');
#13896 = STYLED_ITEM('color',(#13897),#8619);
#13897 = PRESENTATION_STYLE_ASSIGNMENT((#13898,#13903));
#13898 = SURFACE_STYLE_USAGE(.BOTH.,#13899);
#13899 = SURFACE_SIDE_STYLE('',(#13900));
#13900 = SURFACE_STYLE_FILL_AREA(#13901);
#13901 = FILL_AREA_STYLE('',(#13902));
#13902 = FILL_AREA_STYLE_COLOUR('',#13857);
#13903 = CURVE_STYLE('',#13904,POSITIVE_LENGTH_MEASURE(0.1),#13857);
#13904 = DRAUGHTING_PRE_DEFINED_CURVE_FONT('continuous');
#13905 = STYLED_ITEM('color',(#13906),#8674);
#13906 = PRESENTATION_STYLE_ASSIGNMENT((#13907,#13912));
#13907 = SURFACE_STYLE_USAGE(.BOTH.,#13908);
#13908 = SURFACE_SIDE_STYLE('',(#13909));
#13909 = SURFACE_STYLE_FILL_AREA(#13910);
#13910 = FILL_AREA_STYLE('',(#13911));
#13911 = FILL_AREA_STYLE_COLOUR('',#13857);
#13912 = CURVE_STYLE('',#13913,POSITIVE_LENGTH_MEASURE(0.1),#13857);
#13913 = DRAUGHTING_PRE_DEFINED_CURVE_FONT('continuous');
#13914 = STYLED_ITEM('color',(#13915),#8713);
#13915 = PRESENTATION_STYLE_ASSIGNMENT((#13916,#13921));
#13916 = SURFACE_STYLE_USAGE(.BOTH.,#13917);
#13917 = SURFACE_SIDE_STYLE('',(#13918));
#13918 = SURFACE_STYLE_FILL_AREA(#13919);
#13919 = FILL_AREA_STYLE('',(#13920));
#13920 = FILL_AREA_STYLE_COLOUR('',#13857);
#13921 = CURVE_STYLE('',#13922,POSITIVE_LENGTH_MEASURE(0.1),#13857);
#13922 = DRAUGHTING_PRE_DEFINED_CURVE_FONT('continuous');
#13923 = STYLED_ITEM('color',(#13924),#8736);
#13924 = PRESENTATION_STYLE_ASSIGNMENT((#13925,#13930));
#13925 = SURFACE_STYLE_USAGE(.BOTH.,#13926);
#13926 = SURFACE_SIDE_STYLE('',(#13927));
#13927 = SURFACE_STYLE_FILL_AREA(#13928);
#13928 = FILL_AREA_STYLE('',(#13929));
#13929 = FILL_AREA_STYLE_COLOUR('',#13857);
#13930 = CURVE_STYLE('',#13931,POSITIVE_LENGTH_MEASURE(0.1),#13857);
#13931 = DRAUGHTING_PRE_DEFINED_CURVE_FONT('continuous');
#13932 = STYLED_ITEM('color',(#13933),#8759);
#13933 = PRESENTATION_STYLE_ASSIGNMENT((#13934,#13939));
#13934 = SURFACE_STYLE_USAGE(.BOTH.,#13935);
#13935 = SURFACE_SIDE_STYLE('',(#13936));
#13936 = SURFACE_STYLE_FILL_AREA(#13937);
#13937 = FILL_AREA_STYLE('',(#13938));
#13938 = FILL_AREA_STYLE_COLOUR('',#13857);
#13939 = CURVE_STYLE('',#13940,POSITIVE_LENGTH_MEASURE(0.1),#13857);
#13940 = DRAUGHTING_PRE_DEFINED_CURVE_FONT('continuous');
#13941 = STYLED_ITEM('color',(#13942),#8776);
#13942 = PRESENTATION_STYLE_ASSIGNMENT((#13943,#13948));
#13943 = SURFACE_STYLE_USAGE(.BOTH.,#13944);
#13944 = SURFACE_SIDE_STYLE('',(#13945));
#13945 = SURFACE_STYLE_FILL_AREA(#13946);
#13946 = FILL_AREA_STYLE('',(#13947));
#13947 = FILL_AREA_STYLE_COLOUR('',#13857);
#13948 = CURVE_STYLE('',#13949,POSITIVE_LENGTH_MEASURE(0.1),#13857);
#13949 = DRAUGHTING_PRE_DEFINED_CURVE_FONT('continuous');
#13950 = STYLED_ITEM('color',(#13951),#8799);
#13951 = PRESENTATION_STYLE_ASSIGNMENT((#13952,#13957));
#13952 = SURFACE_STYLE_USAGE(.BOTH.,#13953);
#13953 = SURFACE_SIDE_STYLE('',(#13954));
#13954 = SURFACE_STYLE_FILL_AREA(#13955);
#13955 = FILL_AREA_STYLE('',(#13956));
#13956 = FILL_AREA_STYLE_COLOUR('',#13857);
#13957 = CURVE_STYLE('',#13958,POSITIVE_LENGTH_MEASURE(0.1),#13857);
#13958 = DRAUGHTING_PRE_DEFINED_CURVE_FONT('continuous');
#13959 = STYLED_ITEM('color',(#13960),#8887);
#13960 = PRESENTATION_STYLE_ASSIGNMENT((#13961,#13966));
#13961 = SURFACE_STYLE_USAGE(.BOTH.,#13962);
#13962 = SURFACE_SIDE_STYLE('',(#13963));
#13963 = SURFACE_STYLE_FILL_AREA(#13964);
#13964 = FILL_AREA_STYLE('',(#13965));
#13965 = FILL_AREA_STYLE_COLOUR('',#13857);
#13966 = CURVE_STYLE('',#13967,POSITIVE_LENGTH_MEASURE(0.1),#13857);
#13967 = DRAUGHTING_PRE_DEFINED_CURVE_FONT('continuous');
#13968 = STYLED_ITEM('color',(#13969),#8903);
#13969 = PRESENTATION_STYLE_ASSIGNMENT((#13970,#13975));
#13970 = SURFACE_STYLE_USAGE(.BOTH.,#13971);
#13971 = SURFACE_SIDE_STYLE('',(#13972));
#13972 = SURFACE_STYLE_FILL_AREA(#13973);
#13973 = FILL_AREA_STYLE('',(#13974));
#13974 = FILL_AREA_STYLE_COLOUR('',#13857);
#13975 = CURVE_STYLE('',#13976,POSITIVE_LENGTH_MEASURE(0.1),#13857);
#13976 = DRAUGHTING_PRE_DEFINED_CURVE_FONT('continuous');
#13977 = STYLED_ITEM('color',(#13978),#8933);
#13978 = PRESENTATION_STYLE_ASSIGNMENT((#13979,#13984));
#13979 = SURFACE_STYLE_USAGE(.BOTH.,#13980);
#13980 = SURFACE_SIDE_STYLE('',(#13981));
#13981 = SURFACE_STYLE_FILL_AREA(#13982);
#13982 = FILL_AREA_STYLE('',(#13983));
#13983 = FILL_AREA_STYLE_COLOUR('',#13567);
#13984 = CURVE_STYLE('',#13985,POSITIVE_LENGTH_MEASURE(0.1),#13567);
#13985 = DRAUGHTING_PRE_DEFINED_CURVE_FONT('continuous');
#13986 = STYLED_ITEM('color',(#13987),#8966);
#13987 = PRESENTATION_STYLE_ASSIGNMENT((#13988,#13993));
#13988 = SURFACE_STYLE_USAGE(.BOTH.,#13989);
#13989 = SURFACE_SIDE_STYLE('',(#13990));
#13990 = SURFACE_STYLE_FILL_AREA(#13991);
#13991 = FILL_AREA_STYLE('',(#13992));
#13992 = FILL_AREA_STYLE_COLOUR('',#13857);
#13993 = CURVE_STYLE('',#13994,POSITIVE_LENGTH_MEASURE(0.1),#13857);
#13994 = DRAUGHTING_PRE_DEFINED_CURVE_FONT('continuous');
#13995 = STYLED_ITEM('color',(#13996),#8997);
#13996 = PRESENTATION_STYLE_ASSIGNMENT((#13997,#14002));
#13997 = SURFACE_STYLE_USAGE(.BOTH.,#13998);
#13998 = SURFACE_SIDE_STYLE('',(#13999));
#13999 = SURFACE_STYLE_FILL_AREA(#14000);
#14000 = FILL_AREA_STYLE('',(#14001));
#14001 = FILL_AREA_STYLE_COLOUR('',#13567);
#14002 = CURVE_STYLE('',#14003,POSITIVE_LENGTH_MEASURE(0.1),#13567);
#14003 = DRAUGHTING_PRE_DEFINED_CURVE_FONT('continuous');
#14004 = STYLED_ITEM('color',(#14005),#9030);
#14005 = PRESENTATION_STYLE_ASSIGNMENT((#14006,#14011));
#14006 = SURFACE_STYLE_USAGE(.BOTH.,#14007);
#14007 = SURFACE_SIDE_STYLE('',(#14008));
#14008 = SURFACE_STYLE_FILL_AREA(#14009);
#14009 = FILL_AREA_STYLE('',(#14010));
#14010 = FILL_AREA_STYLE_COLOUR('',#13857);
#14011 = CURVE_STYLE('',#14012,POSITIVE_LENGTH_MEASURE(0.1),#13857);
#14012 = DRAUGHTING_PRE_DEFINED_CURVE_FONT('continuous');
#14013 = STYLED_ITEM('color',(#14014),#9047);
#14014 = PRESENTATION_STYLE_ASSIGNMENT((#14015,#14020));
#14015 = SURFACE_STYLE_USAGE(.BOTH.,#14016);
#14016 = SURFACE_SIDE_STYLE('',(#14017));
#14017 = SURFACE_STYLE_FILL_AREA(#14018);
#14018 = FILL_AREA_STYLE('',(#14019));
#14019 = FILL_AREA_STYLE_COLOUR('',#13857);
#14020 = CURVE_STYLE('',#14021,POSITIVE_LENGTH_MEASURE(0.1),#13857);
#14021 = DRAUGHTING_PRE_DEFINED_CURVE_FONT('continuous');
#14022 = STYLED_ITEM('color',(#14023),#9064);
#14023 = PRESENTATION_STYLE_ASSIGNMENT((#14024,#14029));
#14024 = SURFACE_STYLE_USAGE(.BOTH.,#14025);
#14025 = SURFACE_SIDE_STYLE('',(#14026));
#14026 = SURFACE_STYLE_FILL_AREA(#14027);
#14027 = FILL_AREA_STYLE('',(#14028));
#14028 = FILL_AREA_STYLE_COLOUR('',#13567);
#14029 = CURVE_STYLE('',#14030,POSITIVE_LENGTH_MEASURE(0.1),#13567);
#14030 = DRAUGHTING_PRE_DEFINED_CURVE_FONT('continuous');
#14031 = STYLED_ITEM('color',(#14032),#9097);
#14032 = PRESENTATION_STYLE_ASSIGNMENT((#14033,#14038));
#14033 = SURFACE_STYLE_USAGE(.BOTH.,#14034);
#14034 = SURFACE_SIDE_STYLE('',(#14035));
#14035 = SURFACE_STYLE_FILL_AREA(#14036);
#14036 = FILL_AREA_STYLE('',(#14037));
#14037 = FILL_AREA_STYLE_COLOUR('',#13857);
#14038 = CURVE_STYLE('',#14039,POSITIVE_LENGTH_MEASURE(0.1),#13857);
#14039 = DRAUGHTING_PRE_DEFINED_CURVE_FONT('continuous');
#14040 = STYLED_ITEM('color',(#14041),#9127);
#14041 = PRESENTATION_STYLE_ASSIGNMENT((#14042,#14047));
#14042 = SURFACE_STYLE_USAGE(.BOTH.,#14043);
#14043 = SURFACE_SIDE_STYLE('',(#14044));
#14044 = SURFACE_STYLE_FILL_AREA(#14045);
#14045 = FILL_AREA_STYLE('',(#14046));
#14046 = FILL_AREA_STYLE_COLOUR('',#13857);
#14047 = CURVE_STYLE('',#14048,POSITIVE_LENGTH_MEASURE(0.1),#13857);
#14048 = DRAUGHTING_PRE_DEFINED_CURVE_FONT('continuous');
#14049 = STYLED_ITEM('color',(#14050),#9150);
#14050 = PRESENTATION_STYLE_ASSIGNMENT((#14051,#14056));
#14051 = SURFACE_STYLE_USAGE(.BOTH.,#14052);
#14052 = SURFACE_SIDE_STYLE('',(#14053));
#14053 = SURFACE_STYLE_FILL_AREA(#14054);
#14054 = FILL_AREA_STYLE('',(#14055));
#14055 = FILL_AREA_STYLE_COLOUR('',#13857);
#14056 = CURVE_STYLE('',#14057,POSITIVE_LENGTH_MEASURE(0.1),#13857);
#14057 = DRAUGHTING_PRE_DEFINED_CURVE_FONT('continuous');
#14058 = STYLED_ITEM('color',(#14059),#9173);
#14059 = PRESENTATION_STYLE_ASSIGNMENT((#14060,#14065));
#14060 = SURFACE_STYLE_USAGE(.BOTH.,#14061);
#14061 = SURFACE_SIDE_STYLE('',(#14062));
#14062 = SURFACE_STYLE_FILL_AREA(#14063);
#14063 = FILL_AREA_STYLE('',(#14064));
#14064 = FILL_AREA_STYLE_COLOUR('',#13857);
#14065 = CURVE_STYLE('',#14066,POSITIVE_LENGTH_MEASURE(0.1),#13857);
#14066 = DRAUGHTING_PRE_DEFINED_CURVE_FONT('continuous');
#14067 = STYLED_ITEM('color',(#14068),#9190);
#14068 = PRESENTATION_STYLE_ASSIGNMENT((#14069,#14074));
#14069 = SURFACE_STYLE_USAGE(.BOTH.,#14070);
#14070 = SURFACE_SIDE_STYLE('',(#14071));
#14071 = SURFACE_STYLE_FILL_AREA(#14072);
#14072 = FILL_AREA_STYLE('',(#14073));
#14073 = FILL_AREA_STYLE_COLOUR('',#13567);
#14074 = CURVE_STYLE('',#14075,POSITIVE_LENGTH_MEASURE(0.1),#13567);
#14075 = DRAUGHTING_PRE_DEFINED_CURVE_FONT('continuous');
#14076 = STYLED_ITEM('color',(#14077),#9219);
#14077 = PRESENTATION_STYLE_ASSIGNMENT((#14078,#14083));
#14078 = SURFACE_STYLE_USAGE(.BOTH.,#14079);
#14079 = SURFACE_SIDE_STYLE('',(#14080));
#14080 = SURFACE_STYLE_FILL_AREA(#14081);
#14081 = FILL_AREA_STYLE('',(#14082));
#14082 = FILL_AREA_STYLE_COLOUR('',#13857);
#14083 = CURVE_STYLE('',#14084,POSITIVE_LENGTH_MEASURE(0.1),#13857);
#14084 = DRAUGHTING_PRE_DEFINED_CURVE_FONT('continuous');
#14085 = STYLED_ITEM('color',(#14086),#9273);
#14086 = PRESENTATION_STYLE_ASSIGNMENT((#14087,#14092));
#14087 = SURFACE_STYLE_USAGE(.BOTH.,#14088);
#14088 = SURFACE_SIDE_STYLE('',(#14089));
#14089 = SURFACE_STYLE_FILL_AREA(#14090);
#14090 = FILL_AREA_STYLE('',(#14091));
#14091 = FILL_AREA_STYLE_COLOUR('',#13857);
#14092 = CURVE_STYLE('',#14093,POSITIVE_LENGTH_MEASURE(0.1),#13857);
#14093 = DRAUGHTING_PRE_DEFINED_CURVE_FONT('continuous');
#14094 = STYLED_ITEM('color',(#14095),#9296);
#14095 = PRESENTATION_STYLE_ASSIGNMENT((#14096,#14101));
#14096 = SURFACE_STYLE_USAGE(.BOTH.,#14097);
#14097 = SURFACE_SIDE_STYLE('',(#14098));
#14098 = SURFACE_STYLE_FILL_AREA(#14099);
#14099 = FILL_AREA_STYLE('',(#14100));
#14100 = FILL_AREA_STYLE_COLOUR('',#13857);
#14101 = CURVE_STYLE('',#14102,POSITIVE_LENGTH_MEASURE(0.1),#13857);
#14102 = DRAUGHTING_PRE_DEFINED_CURVE_FONT('continuous');
#14103 = STYLED_ITEM('color',(#14104),#9319);
#14104 = PRESENTATION_STYLE_ASSIGNMENT((#14105,#14110));
#14105 = SURFACE_STYLE_USAGE(.BOTH.,#14106);
#14106 = SURFACE_SIDE_STYLE('',(#14107));
#14107 = SURFACE_STYLE_FILL_AREA(#14108);
#14108 = FILL_AREA_STYLE('',(#14109));
#14109 = FILL_AREA_STYLE_COLOUR('',#13857);
#14110 = CURVE_STYLE('',#14111,POSITIVE_LENGTH_MEASURE(0.1),#13857);
#14111 = DRAUGHTING_PRE_DEFINED_CURVE_FONT('continuous');
#14112 = STYLED_ITEM('color',(#14113),#9342);
#14113 = PRESENTATION_STYLE_ASSIGNMENT((#14114,#14119));
#14114 = SURFACE_STYLE_USAGE(.BOTH.,#14115);
#14115 = SURFACE_SIDE_STYLE('',(#14116));
#14116 = SURFACE_STYLE_FILL_AREA(#14117);
#14117 = FILL_AREA_STYLE('',(#14118));
#14118 = FILL_AREA_STYLE_COLOUR('',#13857);
#14119 = CURVE_STYLE('',#14120,POSITIVE_LENGTH_MEASURE(0.1),#13857);
#14120 = DRAUGHTING_PRE_DEFINED_CURVE_FONT('continuous');
#14121 = STYLED_ITEM('color',(#14122),#9381);
#14122 = PRESENTATION_STYLE_ASSIGNMENT((#14123,#14128));
#14123 = SURFACE_STYLE_USAGE(.BOTH.,#14124);
#14124 = SURFACE_SIDE_STYLE('',(#14125));
#14125 = SURFACE_STYLE_FILL_AREA(#14126);
#14126 = FILL_AREA_STYLE('',(#14127));
#14127 = FILL_AREA_STYLE_COLOUR('',#13567);
#14128 = CURVE_STYLE('',#14129,POSITIVE_LENGTH_MEASURE(0.1),#13567);
#14129 = DRAUGHTING_PRE_DEFINED_CURVE_FONT('continuous');
#14130 = STYLED_ITEM('color',(#14131),#9403);
#14131 = PRESENTATION_STYLE_ASSIGNMENT((#14132,#14137));
#14132 = SURFACE_STYLE_USAGE(.BOTH.,#14133);
#14133 = SURFACE_SIDE_STYLE('',(#14134));
#14134 = SURFACE_STYLE_FILL_AREA(#14135);
#14135 = FILL_AREA_STYLE('',(#14136));
#14136 = FILL_AREA_STYLE_COLOUR('',#13857);
#14137 = CURVE_STYLE('',#14138,POSITIVE_LENGTH_MEASURE(0.1),#13857);
#14138 = DRAUGHTING_PRE_DEFINED_CURVE_FONT('continuous');
#14139 = STYLED_ITEM('color',(#14140),#9447);
#14140 = PRESENTATION_STYLE_ASSIGNMENT((#14141,#14146));
#14141 = SURFACE_STYLE_USAGE(.BOTH.,#14142);
#14142 = SURFACE_SIDE_STYLE('',(#14143));
#14143 = SURFACE_STYLE_FILL_AREA(#14144);
#14144 = FILL_AREA_STYLE('',(#14145));
#14145 = FILL_AREA_STYLE_COLOUR('',#13567);
#14146 = CURVE_STYLE('',#14147,POSITIVE_LENGTH_MEASURE(0.1),#13567);
#14147 = DRAUGHTING_PRE_DEFINED_CURVE_FONT('continuous');
#14148 = STYLED_ITEM('color',(#14149),#9522);
#14149 = PRESENTATION_STYLE_ASSIGNMENT((#14150,#14155));
#14150 = SURFACE_STYLE_USAGE(.BOTH.,#14151);
#14151 = SURFACE_SIDE_STYLE('',(#14152));
#14152 = SURFACE_STYLE_FILL_AREA(#14153);
#14153 = FILL_AREA_STYLE('',(#14154));
#14154 = FILL_AREA_STYLE_COLOUR('',#13567);
#14155 = CURVE_STYLE('',#14156,POSITIVE_LENGTH_MEASURE(0.1),#13567);
#14156 = DRAUGHTING_PRE_DEFINED_CURVE_FONT('continuous');
#14157 = STYLED_ITEM('color',(#14158),#9546);
#14158 = PRESENTATION_STYLE_ASSIGNMENT((#14159,#14164));
#14159 = SURFACE_STYLE_USAGE(.BOTH.,#14160);
#14160 = SURFACE_SIDE_STYLE('',(#14161));
#14161 = SURFACE_STYLE_FILL_AREA(#14162);
#14162 = FILL_AREA_STYLE('',(#14163));
#14163 = FILL_AREA_STYLE_COLOUR('',#13567);
#14164 = CURVE_STYLE('',#14165,POSITIVE_LENGTH_MEASURE(0.1),#13567);
#14165 = DRAUGHTING_PRE_DEFINED_CURVE_FONT('continuous');
#14166 = STYLED_ITEM('color',(#14167),#9614);
#14167 = PRESENTATION_STYLE_ASSIGNMENT((#14168,#14173));
#14168 = SURFACE_STYLE_USAGE(.BOTH.,#14169);
#14169 = SURFACE_SIDE_STYLE('',(#14170));
#14170 = SURFACE_STYLE_FILL_AREA(#14171);
#14171 = FILL_AREA_STYLE('',(#14172));
#14172 = FILL_AREA_STYLE_COLOUR('',#13857);
#14173 = CURVE_STYLE('',#14174,POSITIVE_LENGTH_MEASURE(0.1),#13857);
#14174 = DRAUGHTING_PRE_DEFINED_CURVE_FONT('continuous');
#14175 = STYLED_ITEM('color',(#14176),#9631);
#14176 = PRESENTATION_STYLE_ASSIGNMENT((#14177,#14182));
#14177 = SURFACE_STYLE_USAGE(.BOTH.,#14178);
#14178 = SURFACE_SIDE_STYLE('',(#14179));
#14179 = SURFACE_STYLE_FILL_AREA(#14180);
#14180 = FILL_AREA_STYLE('',(#14181));
#14181 = FILL_AREA_STYLE_COLOUR('',#13567);
#14182 = CURVE_STYLE('',#14183,POSITIVE_LENGTH_MEASURE(0.1),#13567);
#14183 = DRAUGHTING_PRE_DEFINED_CURVE_FONT('continuous');
#14184 = STYLED_ITEM('color',(#14185),#9706);
#14185 = PRESENTATION_STYLE_ASSIGNMENT((#14186,#14191));
#14186 = SURFACE_STYLE_USAGE(.BOTH.,#14187);
#14187 = SURFACE_SIDE_STYLE('',(#14188));
#14188 = SURFACE_STYLE_FILL_AREA(#14189);
#14189 = FILL_AREA_STYLE('',(#14190));
#14190 = FILL_AREA_STYLE_COLOUR('',#13567);
#14191 = CURVE_STYLE('',#14192,POSITIVE_LENGTH_MEASURE(0.1),#13567);
#14192 = DRAUGHTING_PRE_DEFINED_CURVE_FONT('continuous');
#14193 = STYLED_ITEM('color',(#14194),#9730);
#14194 = PRESENTATION_STYLE_ASSIGNMENT((#14195,#14200));
#14195 = SURFACE_STYLE_USAGE(.BOTH.,#14196);
#14196 = SURFACE_SIDE_STYLE('',(#14197));
#14197 = SURFACE_STYLE_FILL_AREA(#14198);
#14198 = FILL_AREA_STYLE('',(#14199));
#14199 = FILL_AREA_STYLE_COLOUR('',#13567);
#14200 = CURVE_STYLE('',#14201,POSITIVE_LENGTH_MEASURE(0.1),#13567);
#14201 = DRAUGHTING_PRE_DEFINED_CURVE_FONT('continuous');
#14202 = STYLED_ITEM('color',(#14203),#9798);
#14203 = PRESENTATION_STYLE_ASSIGNMENT((#14204,#14209));
#14204 = SURFACE_STYLE_USAGE(.BOTH.,#14205);
#14205 = SURFACE_SIDE_STYLE('',(#14206));
#14206 = SURFACE_STYLE_FILL_AREA(#14207);
#14207 = FILL_AREA_STYLE('',(#14208));
#14208 = FILL_AREA_STYLE_COLOUR('',#13567);
#14209 = CURVE_STYLE('',#14210,POSITIVE_LENGTH_MEASURE(0.1),#13567);
#14210 = DRAUGHTING_PRE_DEFINED_CURVE_FONT('continuous');
#14211 = STYLED_ITEM('color',(#14212),#9873);
#14212 = PRESENTATION_STYLE_ASSIGNMENT((#14213,#14218));
#14213 = SURFACE_STYLE_USAGE(.BOTH.,#14214);
#14214 = SURFACE_SIDE_STYLE('',(#14215));
#14215 = SURFACE_STYLE_FILL_AREA(#14216);
#14216 = FILL_AREA_STYLE('',(#14217));
#14217 = FILL_AREA_STYLE_COLOUR('',#13567);
#14218 = CURVE_STYLE('',#14219,POSITIVE_LENGTH_MEASURE(0.1),#13567);
#14219 = DRAUGHTING_PRE_DEFINED_CURVE_FONT('continuous');
#14220 = STYLED_ITEM('color',(#14221),#9897);
#14221 = PRESENTATION_STYLE_ASSIGNMENT((#14222,#14227));
#14222 = SURFACE_STYLE_USAGE(.BOTH.,#14223);
#14223 = SURFACE_SIDE_STYLE('',(#14224));
#14224 = SURFACE_STYLE_FILL_AREA(#14225);
#14225 = FILL_AREA_STYLE('',(#14226));
#14226 = FILL_AREA_STYLE_COLOUR('',#13567);
#14227 = CURVE_STYLE('',#14228,POSITIVE_LENGTH_MEASURE(0.1),#13567);
#14228 = DRAUGHTING_PRE_DEFINED_CURVE_FONT('continuous');
#14229 = STYLED_ITEM('color',(#14230),#9965);
#14230 = PRESENTATION_STYLE_ASSIGNMENT((#14231,#14236));
#14231 = SURFACE_STYLE_USAGE(.BOTH.,#14232);
#14232 = SURFACE_SIDE_STYLE('',(#14233));
#14233 = SURFACE_STYLE_FILL_AREA(#14234);
#14234 = FILL_AREA_STYLE('',(#14235));
#14235 = FILL_AREA_STYLE_COLOUR('',#13567);
#14236 = CURVE_STYLE('',#14237,POSITIVE_LENGTH_MEASURE(0.1),#13567);
#14237 = DRAUGHTING_PRE_DEFINED_CURVE_FONT('continuous');
#14238 = STYLED_ITEM('color',(#14239),#9982);
#14239 = PRESENTATION_STYLE_ASSIGNMENT((#14240,#14245));
#14240 = SURFACE_STYLE_USAGE(.BOTH.,#14241);
#14241 = SURFACE_SIDE_STYLE('',(#14242));
#14242 = SURFACE_STYLE_FILL_AREA(#14243);
#14243 = FILL_AREA_STYLE('',(#14244));
#14244 = FILL_AREA_STYLE_COLOUR('',#13567);
#14245 = CURVE_STYLE('',#14246,POSITIVE_LENGTH_MEASURE(0.1),#13567);
#14246 = DRAUGHTING_PRE_DEFINED_CURVE_FONT('continuous');
#14247 = STYLED_ITEM('color',(#14248),#9999);
#14248 = PRESENTATION_STYLE_ASSIGNMENT((#14249,#14254));
#14249 = SURFACE_STYLE_USAGE(.BOTH.,#14250);
#14250 = SURFACE_SIDE_STYLE('',(#14251));
#14251 = SURFACE_STYLE_FILL_AREA(#14252);
#14252 = FILL_AREA_STYLE('',(#14253));
#14253 = FILL_AREA_STYLE_COLOUR('',#13857);
#14254 = CURVE_STYLE('',#14255,POSITIVE_LENGTH_MEASURE(0.1),#13857);
#14255 = DRAUGHTING_PRE_DEFINED_CURVE_FONT('continuous');
#14256 = STYLED_ITEM('color',(#14257),#10045);
#14257 = PRESENTATION_STYLE_ASSIGNMENT((#14258,#14263));
#14258 = SURFACE_STYLE_USAGE(.BOTH.,#14259);
#14259 = SURFACE_SIDE_STYLE('',(#14260));
#14260 = SURFACE_STYLE_FILL_AREA(#14261);
#14261 = FILL_AREA_STYLE('',(#14262));
#14262 = FILL_AREA_STYLE_COLOUR('',#13857);
#14263 = CURVE_STYLE('',#14264,POSITIVE_LENGTH_MEASURE(0.1),#13857);
#14264 = DRAUGHTING_PRE_DEFINED_CURVE_FONT('continuous');
#14265 = STYLED_ITEM('color',(#14266),#10061);
#14266 = PRESENTATION_STYLE_ASSIGNMENT((#14267,#14272));
#14267 = SURFACE_STYLE_USAGE(.BOTH.,#14268);
#14268 = SURFACE_SIDE_STYLE('',(#14269));
#14269 = SURFACE_STYLE_FILL_AREA(#14270);
#14270 = FILL_AREA_STYLE('',(#14271));
#14271 = FILL_AREA_STYLE_COLOUR('',#13857);
#14272 = CURVE_STYLE('',#14273,POSITIVE_LENGTH_MEASURE(0.1),#13857);
#14273 = DRAUGHTING_PRE_DEFINED_CURVE_FONT('continuous');
#14274 = STYLED_ITEM('color',(#14275),#10077);
#14275 = PRESENTATION_STYLE_ASSIGNMENT((#14276,#14281));
#14276 = SURFACE_STYLE_USAGE(.BOTH.,#14277);
#14277 = SURFACE_SIDE_STYLE('',(#14278));
#14278 = SURFACE_STYLE_FILL_AREA(#14279);
#14279 = FILL_AREA_STYLE('',(#14280));
#14280 = FILL_AREA_STYLE_COLOUR('',#13567);
#14281 = CURVE_STYLE('',#14282,POSITIVE_LENGTH_MEASURE(0.1),#13567);
#14282 = DRAUGHTING_PRE_DEFINED_CURVE_FONT('continuous');
#14283 = STYLED_ITEM('color',(#14284),#10094);
#14284 = PRESENTATION_STYLE_ASSIGNMENT((#14285,#14290));
#14285 = SURFACE_STYLE_USAGE(.BOTH.,#14286);
#14286 = SURFACE_SIDE_STYLE('',(#14287));
#14287 = SURFACE_STYLE_FILL_AREA(#14288);
#14288 = FILL_AREA_STYLE('',(#14289));
#14289 = FILL_AREA_STYLE_COLOUR('',#13857);
#14290 = CURVE_STYLE('',#14291,POSITIVE_LENGTH_MEASURE(0.1),#13857);
#14291 = DRAUGHTING_PRE_DEFINED_CURVE_FONT('continuous');
#14292 = STYLED_ITEM('color',(#14293),#10106);
#14293 = PRESENTATION_STYLE_ASSIGNMENT((#14294,#14299));
#14294 = SURFACE_STYLE_USAGE(.BOTH.,#14295);
#14295 = SURFACE_SIDE_STYLE('',(#14296));
#14296 = SURFACE_STYLE_FILL_AREA(#14297);
#14297 = FILL_AREA_STYLE('',(#14298));
#14298 = FILL_AREA_STYLE_COLOUR('',#13567);
#14299 = CURVE_STYLE('',#14300,POSITIVE_LENGTH_MEASURE(0.1),#13567);
#14300 = DRAUGHTING_PRE_DEFINED_CURVE_FONT('continuous');
#14301 = STYLED_ITEM('color',(#14302),#10123);
#14302 = PRESENTATION_STYLE_ASSIGNMENT((#14303,#14308));
#14303 = SURFACE_STYLE_USAGE(.BOTH.,#14304);
#14304 = SURFACE_SIDE_STYLE('',(#14305));
#14305 = SURFACE_STYLE_FILL_AREA(#14306);
#14306 = FILL_AREA_STYLE('',(#14307));
#14307 = FILL_AREA_STYLE_COLOUR('',#13567);
#14308 = CURVE_STYLE('',#14309,POSITIVE_LENGTH_MEASURE(0.1),#13567);
#14309 = DRAUGHTING_PRE_DEFINED_CURVE_FONT('continuous');
#14310 = STYLED_ITEM('color',(#14311),#10140);
#14311 = PRESENTATION_STYLE_ASSIGNMENT((#14312,#14317));
#14312 = SURFACE_STYLE_USAGE(.BOTH.,#14313);
#14313 = SURFACE_SIDE_STYLE('',(#14314));
#14314 = SURFACE_STYLE_FILL_AREA(#14315);
#14315 = FILL_AREA_STYLE('',(#14316));
#14316 = FILL_AREA_STYLE_COLOUR('',#13567);
#14317 = CURVE_STYLE('',#14318,POSITIVE_LENGTH_MEASURE(0.1),#13567);
#14318 = DRAUGHTING_PRE_DEFINED_CURVE_FONT('continuous');
#14319 = STYLED_ITEM('color',(#14320),#10157);
#14320 = PRESENTATION_STYLE_ASSIGNMENT((#14321,#14326));
#14321 = SURFACE_STYLE_USAGE(.BOTH.,#14322);
#14322 = SURFACE_SIDE_STYLE('',(#14323));
#14323 = SURFACE_STYLE_FILL_AREA(#14324);
#14324 = FILL_AREA_STYLE('',(#14325));
#14325 = FILL_AREA_STYLE_COLOUR('',#13567);
#14326 = CURVE_STYLE('',#14327,POSITIVE_LENGTH_MEASURE(0.1),#13567);
#14327 = DRAUGHTING_PRE_DEFINED_CURVE_FONT('continuous');
#14328 = STYLED_ITEM('color',(#14329),#10174);
#14329 = PRESENTATION_STYLE_ASSIGNMENT((#14330,#14335));
#14330 = SURFACE_STYLE_USAGE(.BOTH.,#14331);
#14331 = SURFACE_SIDE_STYLE('',(#14332));
#14332 = SURFACE_STYLE_FILL_AREA(#14333);
#14333 = FILL_AREA_STYLE('',(#14334));
#14334 = FILL_AREA_STYLE_COLOUR('',#13567);
#14335 = CURVE_STYLE('',#14336,POSITIVE_LENGTH_MEASURE(0.1),#13567);
#14336 = DRAUGHTING_PRE_DEFINED_CURVE_FONT('continuous');
#14337 = STYLED_ITEM('color',(#14338),#10191);
#14338 = PRESENTATION_STYLE_ASSIGNMENT((#14339,#14344));
#14339 = SURFACE_STYLE_USAGE(.BOTH.,#14340);
#14340 = SURFACE_SIDE_STYLE('',(#14341));
#14341 = SURFACE_STYLE_FILL_AREA(#14342);
#14342 = FILL_AREA_STYLE('',(#14343));
#14343 = FILL_AREA_STYLE_COLOUR('',#13567);
#14344 = CURVE_STYLE('',#14345,POSITIVE_LENGTH_MEASURE(0.1),#13567);
#14345 = DRAUGHTING_PRE_DEFINED_CURVE_FONT('continuous');
#14346 = STYLED_ITEM('color',(#14347),#10208);
#14347 = PRESENTATION_STYLE_ASSIGNMENT((#14348,#14353));
#14348 = SURFACE_STYLE_USAGE(.BOTH.,#14349);
#14349 = SURFACE_SIDE_STYLE('',(#14350));
#14350 = SURFACE_STYLE_FILL_AREA(#14351);
#14351 = FILL_AREA_STYLE('',(#14352));
#14352 = FILL_AREA_STYLE_COLOUR('',#13567);
#14353 = CURVE_STYLE('',#14354,POSITIVE_LENGTH_MEASURE(0.1),#13567);
#14354 = DRAUGHTING_PRE_DEFINED_CURVE_FONT('continuous');
#14355 = STYLED_ITEM('color',(#14356),#10220);
#14356 = PRESENTATION_STYLE_ASSIGNMENT((#14357,#14362));
#14357 = SURFACE_STYLE_USAGE(.BOTH.,#14358);
#14358 = SURFACE_SIDE_STYLE('',(#14359));
#14359 = SURFACE_STYLE_FILL_AREA(#14360);
#14360 = FILL_AREA_STYLE('',(#14361));
#14361 = FILL_AREA_STYLE_COLOUR('',#13567);
#14362 = CURVE_STYLE('',#14363,POSITIVE_LENGTH_MEASURE(0.1),#13567);
#14363 = DRAUGHTING_PRE_DEFINED_CURVE_FONT('continuous');
#14364 = STYLED_ITEM('color',(#14365),#10237);
#14365 = PRESENTATION_STYLE_ASSIGNMENT((#14366,#14371));
#14366 = SURFACE_STYLE_USAGE(.BOTH.,#14367);
#14367 = SURFACE_SIDE_STYLE('',(#14368));
#14368 = SURFACE_STYLE_FILL_AREA(#14369);
#14369 = FILL_AREA_STYLE('',(#14370));
#14370 = FILL_AREA_STYLE_COLOUR('',#13567);
#14371 = CURVE_STYLE('',#14372,POSITIVE_LENGTH_MEASURE(0.1),#13567);
#14372 = DRAUGHTING_PRE_DEFINED_CURVE_FONT('continuous');
#14373 = STYLED_ITEM('color',(#14374),#10254);
#14374 = PRESENTATION_STYLE_ASSIGNMENT((#14375,#14380));
#14375 = SURFACE_STYLE_USAGE(.BOTH.,#14376);
#14376 = SURFACE_SIDE_STYLE('',(#14377));
#14377 = SURFACE_STYLE_FILL_AREA(#14378);
#14378 = FILL_AREA_STYLE('',(#14379));
#14379 = FILL_AREA_STYLE_COLOUR('',#13567);
#14380 = CURVE_STYLE('',#14381,POSITIVE_LENGTH_MEASURE(0.1),#13567);
#14381 = DRAUGHTING_PRE_DEFINED_CURVE_FONT('continuous');
#14382 = STYLED_ITEM('color',(#14383),#10271);
#14383 = PRESENTATION_STYLE_ASSIGNMENT((#14384,#14389));
#14384 = SURFACE_STYLE_USAGE(.BOTH.,#14385);
#14385 = SURFACE_SIDE_STYLE('',(#14386));
#14386 = SURFACE_STYLE_FILL_AREA(#14387);
#14387 = FILL_AREA_STYLE('',(#14388));
#14388 = FILL_AREA_STYLE_COLOUR('',#13567);
#14389 = CURVE_STYLE('',#14390,POSITIVE_LENGTH_MEASURE(0.1),#13567);
#14390 = DRAUGHTING_PRE_DEFINED_CURVE_FONT('continuous');
#14391 = STYLED_ITEM('color',(#14392),#10288);
#14392 = PRESENTATION_STYLE_ASSIGNMENT((#14393,#14398));
#14393 = SURFACE_STYLE_USAGE(.BOTH.,#14394);
#14394 = SURFACE_SIDE_STYLE('',(#14395));
#14395 = SURFACE_STYLE_FILL_AREA(#14396);
#14396 = FILL_AREA_STYLE('',(#14397));
#14397 = FILL_AREA_STYLE_COLOUR('',#13567);
#14398 = CURVE_STYLE('',#14399,POSITIVE_LENGTH_MEASURE(0.1),#13567);
#14399 = DRAUGHTING_PRE_DEFINED_CURVE_FONT('continuous');
#14400 = STYLED_ITEM('color',(#14401),#10305);
#14401 = PRESENTATION_STYLE_ASSIGNMENT((#14402,#14407));
#14402 = SURFACE_STYLE_USAGE(.BOTH.,#14403);
#14403 = SURFACE_SIDE_STYLE('',(#14404));
#14404 = SURFACE_STYLE_FILL_AREA(#14405);
#14405 = FILL_AREA_STYLE('',(#14406));
#14406 = FILL_AREA_STYLE_COLOUR('',#13567);
#14407 = CURVE_STYLE('',#14408,POSITIVE_LENGTH_MEASURE(0.1),#13567);
#14408 = DRAUGHTING_PRE_DEFINED_CURVE_FONT('continuous');
#14409 = STYLED_ITEM('color',(#14410),#10317);
#14410 = PRESENTATION_STYLE_ASSIGNMENT((#14411,#14416));
#14411 = SURFACE_STYLE_USAGE(.BOTH.,#14412);
#14412 = SURFACE_SIDE_STYLE('',(#14413));
#14413 = SURFACE_STYLE_FILL_AREA(#14414);
#14414 = FILL_AREA_STYLE('',(#14415));
#14415 = FILL_AREA_STYLE_COLOUR('',#13567);
#14416 = CURVE_STYLE('',#14417,POSITIVE_LENGTH_MEASURE(0.1),#13567);
#14417 = DRAUGHTING_PRE_DEFINED_CURVE_FONT('continuous');
#14418 = STYLED_ITEM('color',(#14419),#10334);
#14419 = PRESENTATION_STYLE_ASSIGNMENT((#14420,#14425));
#14420 = SURFACE_STYLE_USAGE(.BOTH.,#14421);
#14421 = SURFACE_SIDE_STYLE('',(#14422));
#14422 = SURFACE_STYLE_FILL_AREA(#14423);
#14423 = FILL_AREA_STYLE('',(#14424));
#14424 = FILL_AREA_STYLE_COLOUR('',#13567);
#14425 = CURVE_STYLE('',#14426,POSITIVE_LENGTH_MEASURE(0.1),#13567);
#14426 = DRAUGHTING_PRE_DEFINED_CURVE_FONT('continuous');
#14427 = STYLED_ITEM('color',(#14428),#10351);
#14428 = PRESENTATION_STYLE_ASSIGNMENT((#14429,#14434));
#14429 = SURFACE_STYLE_USAGE(.BOTH.,#14430);
#14430 = SURFACE_SIDE_STYLE('',(#14431));
#14431 = SURFACE_STYLE_FILL_AREA(#14432);
#14432 = FILL_AREA_STYLE('',(#14433));
#14433 = FILL_AREA_STYLE_COLOUR('',#13567);
#14434 = CURVE_STYLE('',#14435,POSITIVE_LENGTH_MEASURE(0.1),#13567);
#14435 = DRAUGHTING_PRE_DEFINED_CURVE_FONT('continuous');
#14436 = STYLED_ITEM('color',(#14437),#10368);
#14437 = PRESENTATION_STYLE_ASSIGNMENT((#14438,#14443));
#14438 = SURFACE_STYLE_USAGE(.BOTH.,#14439);
#14439 = SURFACE_SIDE_STYLE('',(#14440));
#14440 = SURFACE_STYLE_FILL_AREA(#14441);
#14441 = FILL_AREA_STYLE('',(#14442));
#14442 = FILL_AREA_STYLE_COLOUR('',#13567);
#14443 = CURVE_STYLE('',#14444,POSITIVE_LENGTH_MEASURE(0.1),#13567);
#14444 = DRAUGHTING_PRE_DEFINED_CURVE_FONT('continuous');
#14445 = STYLED_ITEM('color',(#14446),#10385);
#14446 = PRESENTATION_STYLE_ASSIGNMENT((#14447,#14452));
#14447 = SURFACE_STYLE_USAGE(.BOTH.,#14448);
#14448 = SURFACE_SIDE_STYLE('',(#14449));
#14449 = SURFACE_STYLE_FILL_AREA(#14450);
#14450 = FILL_AREA_STYLE('',(#14451));
#14451 = FILL_AREA_STYLE_COLOUR('',#13567);
#14452 = CURVE_STYLE('',#14453,POSITIVE_LENGTH_MEASURE(0.1),#13567);
#14453 = DRAUGHTING_PRE_DEFINED_CURVE_FONT('continuous');
#14454 = STYLED_ITEM('color',(#14455),#10402);
#14455 = PRESENTATION_STYLE_ASSIGNMENT((#14456,#14461));
#14456 = SURFACE_STYLE_USAGE(.BOTH.,#14457);
#14457 = SURFACE_SIDE_STYLE('',(#14458));
#14458 = SURFACE_STYLE_FILL_AREA(#14459);
#14459 = FILL_AREA_STYLE('',(#14460));
#14460 = FILL_AREA_STYLE_COLOUR('',#13567);
#14461 = CURVE_STYLE('',#14462,POSITIVE_LENGTH_MEASURE(0.1),#13567);
#14462 = DRAUGHTING_PRE_DEFINED_CURVE_FONT('continuous');
#14463 = STYLED_ITEM('color',(#14464),#10414);
#14464 = PRESENTATION_STYLE_ASSIGNMENT((#14465,#14471));
#14465 = SURFACE_STYLE_USAGE(.BOTH.,#14466);
#14466 = SURFACE_SIDE_STYLE('',(#14467));
#14467 = SURFACE_STYLE_FILL_AREA(#14468);
#14468 = FILL_AREA_STYLE('',(#14469));
#14469 = FILL_AREA_STYLE_COLOUR('',#14470);
#14470 = COLOUR_RGB('',0.690999998585,0.664000007176,0.597999987832);
#14471 = CURVE_STYLE('',#14472,POSITIVE_LENGTH_MEASURE(0.1),#14470);
#14472 = DRAUGHTING_PRE_DEFINED_CURVE_FONT('continuous');
#14473 = MECHANICAL_DESIGN_GEOMETRIC_PRESENTATION_REPRESENTATION('',(
    #14474),#5794);
#14474 = STYLED_ITEM('color',(#14475),#3530);
#14475 = PRESENTATION_STYLE_ASSIGNMENT((#14476,#14482));
#14476 = SURFACE_STYLE_USAGE(.BOTH.,#14477);
#14477 = SURFACE_SIDE_STYLE('',(#14478));
#14478 = SURFACE_STYLE_FILL_AREA(#14479);
#14479 = FILL_AREA_STYLE('',(#14480));
#14480 = FILL_AREA_STYLE_COLOUR('',#14481);
#14481 = COLOUR_RGB('',0.800000010877,0.800000010877,0.800000010877);
#14482 = CURVE_STYLE('',#14483,POSITIVE_LENGTH_MEASURE(0.1),#14481);
#14483 = DRAUGHTING_PRE_DEFINED_CURVE_FONT('continuous');
#14484 = MECHANICAL_DESIGN_GEOMETRIC_PRESENTATION_REPRESENTATION('',(
    #14485),#3110);
#14485 = STYLED_ITEM('color',(#14486),#2728);
#14486 = PRESENTATION_STYLE_ASSIGNMENT((#14487,#14492));
#14487 = SURFACE_STYLE_USAGE(.BOTH.,#14488);
#14488 = SURFACE_SIDE_STYLE('',(#14489));
#14489 = SURFACE_STYLE_FILL_AREA(#14490);
#14490 = FILL_AREA_STYLE('',(#14491));
#14491 = FILL_AREA_STYLE_COLOUR('',#14481);
#14492 = CURVE_STYLE('',#14493,POSITIVE_LENGTH_MEASURE(0.1),#14481);
#14493 = DRAUGHTING_PRE_DEFINED_CURVE_FONT('continuous');
#14494 = MECHANICAL_DESIGN_GEOMETRIC_PRESENTATION_REPRESENTATION('',(
    #14495),#8422);
#14495 = STYLED_ITEM('color',(#14496),#6751);
#14496 = PRESENTATION_STYLE_ASSIGNMENT((#14497,#14503));
#14497 = SURFACE_STYLE_USAGE(.BOTH.,#14498);
#14498 = SURFACE_SIDE_STYLE('',(#14499));
#14499 = SURFACE_STYLE_FILL_AREA(#14500);
#14500 = FILL_AREA_STYLE('',(#14501));
#14501 = FILL_AREA_STYLE_COLOUR('',#14502);
#14502 = COLOUR_RGB('',0.392156863511,0.392156863511,0.392156863511);
#14503 = CURVE_STYLE('',#14504,POSITIVE_LENGTH_MEASURE(0.1),#14502);
#14504 = DRAUGHTING_PRE_DEFINED_CURVE_FONT('continuous');
#14505 = MECHANICAL_DESIGN_GEOMETRIC_PRESENTATION_REPRESENTATION('',(
    #14506,#14513,#14520,#14527,#14534,#14541,#14548,#14555,#14562,
    #14569,#14576,#14584,#14591,#14598,#14605,#14612,#14619,#14626,
    #14633,#14640,#14647,#14654,#14661,#14668,#14675,#14682,#14689,
    #14696),#1796);
#14506 = STYLED_ITEM('color',(#14507),#944);
#14507 = PRESENTATION_STYLE_ASSIGNMENT((#14508));
#14508 = SURFACE_STYLE_USAGE(.BOTH.,#14509);
#14509 = SURFACE_SIDE_STYLE('',(#14510));
#14510 = SURFACE_STYLE_FILL_AREA(#14511);
#14511 = FILL_AREA_STYLE('',(#14512));
#14512 = FILL_AREA_STYLE_COLOUR('',#13567);
#14513 = STYLED_ITEM('color',(#14514),#1020);
#14514 = PRESENTATION_STYLE_ASSIGNMENT((#14515));
#14515 = SURFACE_STYLE_USAGE(.BOTH.,#14516);
#14516 = SURFACE_SIDE_STYLE('',(#14517));
#14517 = SURFACE_STYLE_FILL_AREA(#14518);
#14518 = FILL_AREA_STYLE('',(#14519));
#14519 = FILL_AREA_STYLE_COLOUR('',#13567);
#14520 = STYLED_ITEM('color',(#14521),#1051);
#14521 = PRESENTATION_STYLE_ASSIGNMENT((#14522));
#14522 = SURFACE_STYLE_USAGE(.BOTH.,#14523);
#14523 = SURFACE_SIDE_STYLE('',(#14524));
#14524 = SURFACE_STYLE_FILL_AREA(#14525);
#14525 = FILL_AREA_STYLE('',(#14526));
#14526 = FILL_AREA_STYLE_COLOUR('',#13567);
#14527 = STYLED_ITEM('color',(#14528),#1076);
#14528 = PRESENTATION_STYLE_ASSIGNMENT((#14529));
#14529 = SURFACE_STYLE_USAGE(.BOTH.,#14530);
#14530 = SURFACE_SIDE_STYLE('',(#14531));
#14531 = SURFACE_STYLE_FILL_AREA(#14532);
#14532 = FILL_AREA_STYLE('',(#14533));
#14533 = FILL_AREA_STYLE_COLOUR('',#13567);
#14534 = STYLED_ITEM('color',(#14535),#1101);
#14535 = PRESENTATION_STYLE_ASSIGNMENT((#14536));
#14536 = SURFACE_STYLE_USAGE(.BOTH.,#14537);
#14537 = SURFACE_SIDE_STYLE('',(#14538));
#14538 = SURFACE_STYLE_FILL_AREA(#14539);
#14539 = FILL_AREA_STYLE('',(#14540));
#14540 = FILL_AREA_STYLE_COLOUR('',#13567);
#14541 = STYLED_ITEM('color',(#14542),#1125);
#14542 = PRESENTATION_STYLE_ASSIGNMENT((#14543));
#14543 = SURFACE_STYLE_USAGE(.BOTH.,#14544);
#14544 = SURFACE_SIDE_STYLE('',(#14545));
#14545 = SURFACE_STYLE_FILL_AREA(#14546);
#14546 = FILL_AREA_STYLE('',(#14547));
#14547 = FILL_AREA_STYLE_COLOUR('',#13567);
#14548 = STYLED_ITEM('color',(#14549),#1149);
#14549 = PRESENTATION_STYLE_ASSIGNMENT((#14550));
#14550 = SURFACE_STYLE_USAGE(.BOTH.,#14551);
#14551 = SURFACE_SIDE_STYLE('',(#14552));
#14552 = SURFACE_STYLE_FILL_AREA(#14553);
#14553 = FILL_AREA_STYLE('',(#14554));
#14554 = FILL_AREA_STYLE_COLOUR('',#13567);
#14555 = STYLED_ITEM('color',(#14556),#1174);
#14556 = PRESENTATION_STYLE_ASSIGNMENT((#14557));
#14557 = SURFACE_STYLE_USAGE(.BOTH.,#14558);
#14558 = SURFACE_SIDE_STYLE('',(#14559));
#14559 = SURFACE_STYLE_FILL_AREA(#14560);
#14560 = FILL_AREA_STYLE('',(#14561));
#14561 = FILL_AREA_STYLE_COLOUR('',#13567);
#14562 = STYLED_ITEM('color',(#14563),#1199);
#14563 = PRESENTATION_STYLE_ASSIGNMENT((#14564));
#14564 = SURFACE_STYLE_USAGE(.BOTH.,#14565);
#14565 = SURFACE_SIDE_STYLE('',(#14566));
#14566 = SURFACE_STYLE_FILL_AREA(#14567);
#14567 = FILL_AREA_STYLE('',(#14568));
#14568 = FILL_AREA_STYLE_COLOUR('',#13567);
#14569 = STYLED_ITEM('color',(#14570),#1216);
#14570 = PRESENTATION_STYLE_ASSIGNMENT((#14571));
#14571 = SURFACE_STYLE_USAGE(.BOTH.,#14572);
#14572 = SURFACE_SIDE_STYLE('',(#14573));
#14573 = SURFACE_STYLE_FILL_AREA(#14574);
#14574 = FILL_AREA_STYLE('',(#14575));
#14575 = FILL_AREA_STYLE_COLOUR('',#13567);
#14576 = STYLED_ITEM('color',(#14577),#1302);
#14577 = PRESENTATION_STYLE_ASSIGNMENT((#14578));
#14578 = SURFACE_STYLE_USAGE(.BOTH.,#14579);
#14579 = SURFACE_SIDE_STYLE('',(#14580));
#14580 = SURFACE_STYLE_FILL_AREA(#14581);
#14581 = FILL_AREA_STYLE('',(#14582));
#14582 = FILL_AREA_STYLE_COLOUR('',#14583);
#14583 = COLOUR_RGB('',0.379000005575,0.270000008848,0.214999999939);
#14584 = STYLED_ITEM('color',(#14585),#1334);
#14585 = PRESENTATION_STYLE_ASSIGNMENT((#14586));
#14586 = SURFACE_STYLE_USAGE(.BOTH.,#14587);
#14587 = SURFACE_SIDE_STYLE('',(#14588));
#14588 = SURFACE_STYLE_FILL_AREA(#14589);
#14589 = FILL_AREA_STYLE('',(#14590));
#14590 = FILL_AREA_STYLE_COLOUR('',#14583);
#14591 = STYLED_ITEM('color',(#14592),#1358);
#14592 = PRESENTATION_STYLE_ASSIGNMENT((#14593));
#14593 = SURFACE_STYLE_USAGE(.BOTH.,#14594);
#14594 = SURFACE_SIDE_STYLE('',(#14595));
#14595 = SURFACE_STYLE_FILL_AREA(#14596);
#14596 = FILL_AREA_STYLE('',(#14597));
#14597 = FILL_AREA_STYLE_COLOUR('',#14583);
#14598 = STYLED_ITEM('color',(#14599),#1383);
#14599 = PRESENTATION_STYLE_ASSIGNMENT((#14600));
#14600 = SURFACE_STYLE_USAGE(.BOTH.,#14601);
#14601 = SURFACE_SIDE_STYLE('',(#14602));
#14602 = SURFACE_STYLE_FILL_AREA(#14603);
#14603 = FILL_AREA_STYLE('',(#14604));
#14604 = FILL_AREA_STYLE_COLOUR('',#14583);
#14605 = STYLED_ITEM('color',(#14606),#1407);
#14606 = PRESENTATION_STYLE_ASSIGNMENT((#14607));
#14607 = SURFACE_STYLE_USAGE(.BOTH.,#14608);
#14608 = SURFACE_SIDE_STYLE('',(#14609));
#14609 = SURFACE_STYLE_FILL_AREA(#14610);
#14610 = FILL_AREA_STYLE('',(#14611));
#14611 = FILL_AREA_STYLE_COLOUR('',#14583);
#14612 = STYLED_ITEM('color',(#14613),#1432);
#14613 = PRESENTATION_STYLE_ASSIGNMENT((#14614));
#14614 = SURFACE_STYLE_USAGE(.BOTH.,#14615);
#14615 = SURFACE_SIDE_STYLE('',(#14616));
#14616 = SURFACE_STYLE_FILL_AREA(#14617);
#14617 = FILL_AREA_STYLE('',(#14618));
#14618 = FILL_AREA_STYLE_COLOUR('',#14583);
#14619 = STYLED_ITEM('color',(#14620),#1456);
#14620 = PRESENTATION_STYLE_ASSIGNMENT((#14621));
#14621 = SURFACE_STYLE_USAGE(.BOTH.,#14622);
#14622 = SURFACE_SIDE_STYLE('',(#14623));
#14623 = SURFACE_STYLE_FILL_AREA(#14624);
#14624 = FILL_AREA_STYLE('',(#14625));
#14625 = FILL_AREA_STYLE_COLOUR('',#14583);
#14626 = STYLED_ITEM('color',(#14627),#1481);
#14627 = PRESENTATION_STYLE_ASSIGNMENT((#14628));
#14628 = SURFACE_STYLE_USAGE(.BOTH.,#14629);
#14629 = SURFACE_SIDE_STYLE('',(#14630));
#14630 = SURFACE_STYLE_FILL_AREA(#14631);
#14631 = FILL_AREA_STYLE('',(#14632));
#14632 = FILL_AREA_STYLE_COLOUR('',#14583);
#14633 = STYLED_ITEM('color',(#14634),#1498);
#14634 = PRESENTATION_STYLE_ASSIGNMENT((#14635));
#14635 = SURFACE_STYLE_USAGE(.BOTH.,#14636);
#14636 = SURFACE_SIDE_STYLE('',(#14637));
#14637 = SURFACE_STYLE_FILL_AREA(#14638);
#14638 = FILL_AREA_STYLE('',(#14639));
#14639 = FILL_AREA_STYLE_COLOUR('',#13567);
#14640 = STYLED_ITEM('color',(#14641),#1584);
#14641 = PRESENTATION_STYLE_ASSIGNMENT((#14642));
#14642 = SURFACE_STYLE_USAGE(.BOTH.,#14643);
#14643 = SURFACE_SIDE_STYLE('',(#14644));
#14644 = SURFACE_STYLE_FILL_AREA(#14645);
#14645 = FILL_AREA_STYLE('',(#14646));
#14646 = FILL_AREA_STYLE_COLOUR('',#13567);
#14647 = STYLED_ITEM('color',(#14648),#1615);
#14648 = PRESENTATION_STYLE_ASSIGNMENT((#14649));
#14649 = SURFACE_STYLE_USAGE(.BOTH.,#14650);
#14650 = SURFACE_SIDE_STYLE('',(#14651));
#14651 = SURFACE_STYLE_FILL_AREA(#14652);
#14652 = FILL_AREA_STYLE('',(#14653));
#14653 = FILL_AREA_STYLE_COLOUR('',#13567);
#14654 = STYLED_ITEM('color',(#14655),#1640);
#14655 = PRESENTATION_STYLE_ASSIGNMENT((#14656));
#14656 = SURFACE_STYLE_USAGE(.BOTH.,#14657);
#14657 = SURFACE_SIDE_STYLE('',(#14658));
#14658 = SURFACE_STYLE_FILL_AREA(#14659);
#14659 = FILL_AREA_STYLE('',(#14660));
#14660 = FILL_AREA_STYLE_COLOUR('',#13567);
#14661 = STYLED_ITEM('color',(#14662),#1665);
#14662 = PRESENTATION_STYLE_ASSIGNMENT((#14663));
#14663 = SURFACE_STYLE_USAGE(.BOTH.,#14664);
#14664 = SURFACE_SIDE_STYLE('',(#14665));
#14665 = SURFACE_STYLE_FILL_AREA(#14666);
#14666 = FILL_AREA_STYLE('',(#14667));
#14667 = FILL_AREA_STYLE_COLOUR('',#13567);
#14668 = STYLED_ITEM('color',(#14669),#1689);
#14669 = PRESENTATION_STYLE_ASSIGNMENT((#14670));
#14670 = SURFACE_STYLE_USAGE(.BOTH.,#14671);
#14671 = SURFACE_SIDE_STYLE('',(#14672));
#14672 = SURFACE_STYLE_FILL_AREA(#14673);
#14673 = FILL_AREA_STYLE('',(#14674));
#14674 = FILL_AREA_STYLE_COLOUR('',#13567);
#14675 = STYLED_ITEM('color',(#14676),#1713);
#14676 = PRESENTATION_STYLE_ASSIGNMENT((#14677));
#14677 = SURFACE_STYLE_USAGE(.BOTH.,#14678);
#14678 = SURFACE_SIDE_STYLE('',(#14679));
#14679 = SURFACE_STYLE_FILL_AREA(#14680);
#14680 = FILL_AREA_STYLE('',(#14681));
#14681 = FILL_AREA_STYLE_COLOUR('',#13567);
#14682 = STYLED_ITEM('color',(#14683),#1738);
#14683 = PRESENTATION_STYLE_ASSIGNMENT((#14684));
#14684 = SURFACE_STYLE_USAGE(.BOTH.,#14685);
#14685 = SURFACE_SIDE_STYLE('',(#14686));
#14686 = SURFACE_STYLE_FILL_AREA(#14687);
#14687 = FILL_AREA_STYLE('',(#14688));
#14688 = FILL_AREA_STYLE_COLOUR('',#13567);
#14689 = STYLED_ITEM('color',(#14690),#1763);
#14690 = PRESENTATION_STYLE_ASSIGNMENT((#14691));
#14691 = SURFACE_STYLE_USAGE(.BOTH.,#14692);
#14692 = SURFACE_SIDE_STYLE('',(#14693));
#14693 = SURFACE_STYLE_FILL_AREA(#14694);
#14694 = FILL_AREA_STYLE('',(#14695));
#14695 = FILL_AREA_STYLE_COLOUR('',#13567);
#14696 = STYLED_ITEM('color',(#14697),#1780);
#14697 = PRESENTATION_STYLE_ASSIGNMENT((#14698));
#14698 = SURFACE_STYLE_USAGE(.BOTH.,#14699);
#14699 = SURFACE_SIDE_STYLE('',(#14700));
#14700 = SURFACE_STYLE_FILL_AREA(#14701);
#14701 = FILL_AREA_STYLE('',(#14702));
#14702 = FILL_AREA_STYLE_COLOUR('',#13567);
#14703 = MECHANICAL_DESIGN_GEOMETRIC_PRESENTATION_REPRESENTATION('',(
    #14704,#14711,#14718,#14725,#14732,#14739,#14746,#14753,#14761,
    #14768,#14775,#14782,#14789,#14796,#14804,#14811,#14818,#14825,
    #14832,#14839,#14846,#14853,#14860,#14867,#14874,#14881),#923);
#14704 = STYLED_ITEM('color',(#14705),#135);
#14705 = PRESENTATION_STYLE_ASSIGNMENT((#14706));
#14706 = SURFACE_STYLE_USAGE(.BOTH.,#14707);
#14707 = SURFACE_SIDE_STYLE('',(#14708));
#14708 = SURFACE_STYLE_FILL_AREA(#14709);
#14709 = FILL_AREA_STYLE('',(#14710));
#14710 = FILL_AREA_STYLE_COLOUR('',#13567);
#14711 = STYLED_ITEM('color',(#14712),#175);
#14712 = PRESENTATION_STYLE_ASSIGNMENT((#14713));
#14713 = SURFACE_STYLE_USAGE(.BOTH.,#14714);
#14714 = SURFACE_SIDE_STYLE('',(#14715));
#14715 = SURFACE_STYLE_FILL_AREA(#14716);
#14716 = FILL_AREA_STYLE('',(#14717));
#14717 = FILL_AREA_STYLE_COLOUR('',#13567);
#14718 = STYLED_ITEM('color',(#14719),#258);
#14719 = PRESENTATION_STYLE_ASSIGNMENT((#14720));
#14720 = SURFACE_STYLE_USAGE(.BOTH.,#14721);
#14721 = SURFACE_SIDE_STYLE('',(#14722));
#14722 = SURFACE_STYLE_FILL_AREA(#14723);
#14723 = FILL_AREA_STYLE('',(#14724));
#14724 = FILL_AREA_STYLE_COLOUR('',#13567);
#14725 = STYLED_ITEM('color',(#14726),#283);
#14726 = PRESENTATION_STYLE_ASSIGNMENT((#14727));
#14727 = SURFACE_STYLE_USAGE(.BOTH.,#14728);
#14728 = SURFACE_SIDE_STYLE('',(#14729));
#14729 = SURFACE_STYLE_FILL_AREA(#14730);
#14730 = FILL_AREA_STYLE('',(#14731));
#14731 = FILL_AREA_STYLE_COLOUR('',#13567);
#14732 = STYLED_ITEM('color',(#14733),#308);
#14733 = PRESENTATION_STYLE_ASSIGNMENT((#14734));
#14734 = SURFACE_STYLE_USAGE(.BOTH.,#14735);
#14735 = SURFACE_SIDE_STYLE('',(#14736));
#14736 = SURFACE_STYLE_FILL_AREA(#14737);
#14737 = FILL_AREA_STYLE('',(#14738));
#14738 = FILL_AREA_STYLE_COLOUR('',#13567);
#14739 = STYLED_ITEM('color',(#14740),#375);
#14740 = PRESENTATION_STYLE_ASSIGNMENT((#14741));
#14741 = SURFACE_STYLE_USAGE(.BOTH.,#14742);
#14742 = SURFACE_SIDE_STYLE('',(#14743));
#14743 = SURFACE_STYLE_FILL_AREA(#14744);
#14744 = FILL_AREA_STYLE('',(#14745));
#14745 = FILL_AREA_STYLE_COLOUR('',#13567);
#14746 = STYLED_ITEM('color',(#14747),#392);
#14747 = PRESENTATION_STYLE_ASSIGNMENT((#14748));
#14748 = SURFACE_STYLE_USAGE(.BOTH.,#14749);
#14749 = SURFACE_SIDE_STYLE('',(#14750));
#14750 = SURFACE_STYLE_FILL_AREA(#14751);
#14751 = FILL_AREA_STYLE('',(#14752));
#14752 = FILL_AREA_STYLE_COLOUR('',#13567);
#14753 = STYLED_ITEM('color',(#14754),#409);
#14754 = PRESENTATION_STYLE_ASSIGNMENT((#14755));
#14755 = SURFACE_STYLE_USAGE(.BOTH.,#14756);
#14756 = SURFACE_SIDE_STYLE('',(#14757));
#14757 = SURFACE_STYLE_FILL_AREA(#14758);
#14758 = FILL_AREA_STYLE('',(#14759));
#14759 = FILL_AREA_STYLE_COLOUR('',#14760);
#14760 = COLOUR_RGB('',0.894999966383,0.890999961016,0.813000030345);
#14761 = STYLED_ITEM('color',(#14762),#458);
#14762 = PRESENTATION_STYLE_ASSIGNMENT((#14763));
#14763 = SURFACE_STYLE_USAGE(.BOTH.,#14764);
#14764 = SURFACE_SIDE_STYLE('',(#14765));
#14765 = SURFACE_STYLE_FILL_AREA(#14766);
#14766 = FILL_AREA_STYLE('',(#14767));
#14767 = FILL_AREA_STYLE_COLOUR('',#13567);
#14768 = STYLED_ITEM('color',(#14769),#475);
#14769 = PRESENTATION_STYLE_ASSIGNMENT((#14770));
#14770 = SURFACE_STYLE_USAGE(.BOTH.,#14771);
#14771 = SURFACE_SIDE_STYLE('',(#14772));
#14772 = SURFACE_STYLE_FILL_AREA(#14773);
#14773 = FILL_AREA_STYLE('',(#14774));
#14774 = FILL_AREA_STYLE_COLOUR('',#13567);
#14775 = STYLED_ITEM('color',(#14776),#492);
#14776 = PRESENTATION_STYLE_ASSIGNMENT((#14777));
#14777 = SURFACE_STYLE_USAGE(.BOTH.,#14778);
#14778 = SURFACE_SIDE_STYLE('',(#14779));
#14779 = SURFACE_STYLE_FILL_AREA(#14780);
#14780 = FILL_AREA_STYLE('',(#14781));
#14781 = FILL_AREA_STYLE_COLOUR('',#14760);
#14782 = STYLED_ITEM('color',(#14783),#541);
#14783 = PRESENTATION_STYLE_ASSIGNMENT((#14784));
#14784 = SURFACE_STYLE_USAGE(.BOTH.,#14785);
#14785 = SURFACE_SIDE_STYLE('',(#14786));
#14786 = SURFACE_STYLE_FILL_AREA(#14787);
#14787 = FILL_AREA_STYLE('',(#14788));
#14788 = FILL_AREA_STYLE_COLOUR('',#14760);
#14789 = STYLED_ITEM('color',(#14790),#558);
#14790 = PRESENTATION_STYLE_ASSIGNMENT((#14791));
#14791 = SURFACE_STYLE_USAGE(.BOTH.,#14792);
#14792 = SURFACE_SIDE_STYLE('',(#14793));
#14793 = SURFACE_STYLE_FILL_AREA(#14794);
#14794 = FILL_AREA_STYLE('',(#14795));
#14795 = FILL_AREA_STYLE_COLOUR('',#13567);
#14796 = STYLED_ITEM('color',(#14797),#627);
#14797 = PRESENTATION_STYLE_ASSIGNMENT((#14798));
#14798 = SURFACE_STYLE_USAGE(.BOTH.,#14799);
#14799 = SURFACE_SIDE_STYLE('',(#14800));
#14800 = SURFACE_STYLE_FILL_AREA(#14801);
#14801 = FILL_AREA_STYLE('',(#14802));
#14802 = FILL_AREA_STYLE_COLOUR('',#14803);
#14803 = COLOUR_RGB('',8.200000279077E-02,8.600000121357E-02,
  9.399999706163E-02);
#14804 = STYLED_ITEM('color',(#14805),#658);
#14805 = PRESENTATION_STYLE_ASSIGNMENT((#14806));
#14806 = SURFACE_STYLE_USAGE(.BOTH.,#14807);
#14807 = SURFACE_SIDE_STYLE('',(#14808));
#14808 = SURFACE_STYLE_FILL_AREA(#14809);
#14809 = FILL_AREA_STYLE('',(#14810));
#14810 = FILL_AREA_STYLE_COLOUR('',#14803);
#14811 = STYLED_ITEM('color',(#14812),#682);
#14812 = PRESENTATION_STYLE_ASSIGNMENT((#14813));
#14813 = SURFACE_STYLE_USAGE(.BOTH.,#14814);
#14814 = SURFACE_SIDE_STYLE('',(#14815));
#14815 = SURFACE_STYLE_FILL_AREA(#14816);
#14816 = FILL_AREA_STYLE('',(#14817));
#14817 = FILL_AREA_STYLE_COLOUR('',#13567);
#14818 = STYLED_ITEM('color',(#14819),#751);
#14819 = PRESENTATION_STYLE_ASSIGNMENT((#14820));
#14820 = SURFACE_STYLE_USAGE(.BOTH.,#14821);
#14821 = SURFACE_SIDE_STYLE('',(#14822));
#14822 = SURFACE_STYLE_FILL_AREA(#14823);
#14823 = FILL_AREA_STYLE('',(#14824));
#14824 = FILL_AREA_STYLE_COLOUR('',#14803);
#14825 = STYLED_ITEM('color',(#14826),#775);
#14826 = PRESENTATION_STYLE_ASSIGNMENT((#14827));
#14827 = SURFACE_STYLE_USAGE(.BOTH.,#14828);
#14828 = SURFACE_SIDE_STYLE('',(#14829));
#14829 = SURFACE_STYLE_FILL_AREA(#14830);
#14830 = FILL_AREA_STYLE('',(#14831));
#14831 = FILL_AREA_STYLE_COLOUR('',#13567);
#14832 = STYLED_ITEM('color',(#14833),#792);
#14833 = PRESENTATION_STYLE_ASSIGNMENT((#14834));
#14834 = SURFACE_STYLE_USAGE(.BOTH.,#14835);
#14835 = SURFACE_SIDE_STYLE('',(#14836));
#14836 = SURFACE_STYLE_FILL_AREA(#14837);
#14837 = FILL_AREA_STYLE('',(#14838));
#14838 = FILL_AREA_STYLE_COLOUR('',#13567);
#14839 = STYLED_ITEM('color',(#14840),#809);
#14840 = PRESENTATION_STYLE_ASSIGNMENT((#14841));
#14841 = SURFACE_STYLE_USAGE(.BOTH.,#14842);
#14842 = SURFACE_SIDE_STYLE('',(#14843));
#14843 = SURFACE_STYLE_FILL_AREA(#14844);
#14844 = FILL_AREA_STYLE('',(#14845));
#14845 = FILL_AREA_STYLE_COLOUR('',#13567);
#14846 = STYLED_ITEM('color',(#14847),#826);
#14847 = PRESENTATION_STYLE_ASSIGNMENT((#14848));
#14848 = SURFACE_STYLE_USAGE(.BOTH.,#14849);
#14849 = SURFACE_SIDE_STYLE('',(#14850));
#14850 = SURFACE_STYLE_FILL_AREA(#14851);
#14851 = FILL_AREA_STYLE('',(#14852));
#14852 = FILL_AREA_STYLE_COLOUR('',#13567);
#14853 = STYLED_ITEM('color',(#14854),#843);
#14854 = PRESENTATION_STYLE_ASSIGNMENT((#14855));
#14855 = SURFACE_STYLE_USAGE(.BOTH.,#14856);
#14856 = SURFACE_SIDE_STYLE('',(#14857));
#14857 = SURFACE_STYLE_FILL_AREA(#14858);
#14858 = FILL_AREA_STYLE('',(#14859));
#14859 = FILL_AREA_STYLE_COLOUR('',#13567);
#14860 = STYLED_ITEM('color',(#14861),#860);
#14861 = PRESENTATION_STYLE_ASSIGNMENT((#14862));
#14862 = SURFACE_STYLE_USAGE(.BOTH.,#14863);
#14863 = SURFACE_SIDE_STYLE('',(#14864));
#14864 = SURFACE_STYLE_FILL_AREA(#14865);
#14865 = FILL_AREA_STYLE('',(#14866));
#14866 = FILL_AREA_STYLE_COLOUR('',#13567);
#14867 = STYLED_ITEM('color',(#14868),#877);
#14868 = PRESENTATION_STYLE_ASSIGNMENT((#14869));
#14869 = SURFACE_STYLE_USAGE(.BOTH.,#14870);
#14870 = SURFACE_SIDE_STYLE('',(#14871));
#14871 = SURFACE_STYLE_FILL_AREA(#14872);
#14872 = FILL_AREA_STYLE('',(#14873));
#14873 = FILL_AREA_STYLE_COLOUR('',#13567);
#14874 = STYLED_ITEM('color',(#14875),#894);
#14875 = PRESENTATION_STYLE_ASSIGNMENT((#14876));
#14876 = SURFACE_STYLE_USAGE(.BOTH.,#14877);
#14877 = SURFACE_SIDE_STYLE('',(#14878));
#14878 = SURFACE_STYLE_FILL_AREA(#14879);
#14879 = FILL_AREA_STYLE('',(#14880));
#14880 = FILL_AREA_STYLE_COLOUR('',#14803);
#14881 = STYLED_ITEM('color',(#14882),#911);
#14882 = PRESENTATION_STYLE_ASSIGNMENT((#14883));
#14883 = SURFACE_STYLE_USAGE(.BOTH.,#14884);
#14884 = SURFACE_SIDE_STYLE('',(#14885));
#14885 = SURFACE_STYLE_FILL_AREA(#14886);
#14886 = FILL_AREA_STYLE('',(#14887));
#14887 = FILL_AREA_STYLE_COLOUR('',#14803);
#14888 = MECHANICAL_DESIGN_GEOMETRIC_PRESENTATION_REPRESENTATION('',(
    #14889),#6732);
#14889 = STYLED_ITEM('color',(#14890),#5813);
#14890 = PRESENTATION_STYLE_ASSIGNMENT((#14891,#14896));
#14891 = SURFACE_STYLE_USAGE(.BOTH.,#14892);
#14892 = SURFACE_SIDE_STYLE('',(#14893));
#14893 = SURFACE_STYLE_FILL_AREA(#14894);
#14894 = FILL_AREA_STYLE('',(#14895));
#14895 = FILL_AREA_STYLE_COLOUR('',#14481);
#14896 = CURVE_STYLE('',#14897,POSITIVE_LENGTH_MEASURE(0.1),#14481);
#14897 = DRAUGHTING_PRE_DEFINED_CURVE_FONT('continuous');
#14898 = MECHANICAL_DESIGN_GEOMETRIC_PRESENTATION_REPRESENTATION('',(
    #14899),#13548);
#14899 = STYLED_ITEM('color',(#14900),#11856);
#14900 = PRESENTATION_STYLE_ASSIGNMENT((#14901));
#14901 = SURFACE_STYLE_USAGE(.BOTH.,#14902);
#14902 = SURFACE_SIDE_STYLE('',(#14903));
#14903 = SURFACE_STYLE_FILL_AREA(#14904);
#14904 = FILL_AREA_STYLE('',(#14905));
#14905 = FILL_AREA_STYLE_COLOUR('',#14906);
#14906 = COLOUR_RGB('',0.313304153717,0.484529207832,0.410020903123);
#14907 = MECHANICAL_DESIGN_GEOMETRIC_PRESENTATION_REPRESENTATION('',(
    #14908),#3511);
#14908 = STYLED_ITEM('color',(#14909),#3129);
#14909 = PRESENTATION_STYLE_ASSIGNMENT((#14910,#14915));
#14910 = SURFACE_STYLE_USAGE(.BOTH.,#14911);
#14911 = SURFACE_SIDE_STYLE('',(#14912));
#14912 = SURFACE_STYLE_FILL_AREA(#14913);
#14913 = FILL_AREA_STYLE('',(#14914));
#14914 = FILL_AREA_STYLE_COLOUR('',#14481);
#14915 = CURVE_STYLE('',#14916,POSITIVE_LENGTH_MEASURE(0.1),#14481);
#14916 = DRAUGHTING_PRE_DEFINED_CURVE_FONT('continuous');
#14917 = MECHANICAL_DESIGN_GEOMETRIC_PRESENTATION_REPRESENTATION('',(
    #14918,#14925,#14932,#14939,#14946,#14953,#14960,#14967,#14974,
    #14981,#14988,#14995,#15002,#15009,#15016,#15023,#15030,#15037,
    #15044,#15051,#15058,#15065,#15072,#15079,#15086,#15093),#2630);
#14918 = STYLED_ITEM('color',(#14919),#1842);
#14919 = PRESENTATION_STYLE_ASSIGNMENT((#14920));
#14920 = SURFACE_STYLE_USAGE(.BOTH.,#14921);
#14921 = SURFACE_SIDE_STYLE('',(#14922));
#14922 = SURFACE_STYLE_FILL_AREA(#14923);
#14923 = FILL_AREA_STYLE('',(#14924));
#14924 = FILL_AREA_STYLE_COLOUR('',#13567);
#14925 = STYLED_ITEM('color',(#14926),#1882);
#14926 = PRESENTATION_STYLE_ASSIGNMENT((#14927));
#14927 = SURFACE_STYLE_USAGE(.BOTH.,#14928);
#14928 = SURFACE_SIDE_STYLE('',(#14929));
#14929 = SURFACE_STYLE_FILL_AREA(#14930);
#14930 = FILL_AREA_STYLE('',(#14931));
#14931 = FILL_AREA_STYLE_COLOUR('',#13567);
#14932 = STYLED_ITEM('color',(#14933),#1965);
#14933 = PRESENTATION_STYLE_ASSIGNMENT((#14934));
#14934 = SURFACE_STYLE_USAGE(.BOTH.,#14935);
#14935 = SURFACE_SIDE_STYLE('',(#14936));
#14936 = SURFACE_STYLE_FILL_AREA(#14937);
#14937 = FILL_AREA_STYLE('',(#14938));
#14938 = FILL_AREA_STYLE_COLOUR('',#13567);
#14939 = STYLED_ITEM('color',(#14940),#1990);
#14940 = PRESENTATION_STYLE_ASSIGNMENT((#14941));
#14941 = SURFACE_STYLE_USAGE(.BOTH.,#14942);
#14942 = SURFACE_SIDE_STYLE('',(#14943));
#14943 = SURFACE_STYLE_FILL_AREA(#14944);
#14944 = FILL_AREA_STYLE('',(#14945));
#14945 = FILL_AREA_STYLE_COLOUR('',#13567);
#14946 = STYLED_ITEM('color',(#14947),#2015);
#14947 = PRESENTATION_STYLE_ASSIGNMENT((#14948));
#14948 = SURFACE_STYLE_USAGE(.BOTH.,#14949);
#14949 = SURFACE_SIDE_STYLE('',(#14950));
#14950 = SURFACE_STYLE_FILL_AREA(#14951);
#14951 = FILL_AREA_STYLE('',(#14952));
#14952 = FILL_AREA_STYLE_COLOUR('',#13567);
#14953 = STYLED_ITEM('color',(#14954),#2082);
#14954 = PRESENTATION_STYLE_ASSIGNMENT((#14955));
#14955 = SURFACE_STYLE_USAGE(.BOTH.,#14956);
#14956 = SURFACE_SIDE_STYLE('',(#14957));
#14957 = SURFACE_STYLE_FILL_AREA(#14958);
#14958 = FILL_AREA_STYLE('',(#14959));
#14959 = FILL_AREA_STYLE_COLOUR('',#13567);
#14960 = STYLED_ITEM('color',(#14961),#2099);
#14961 = PRESENTATION_STYLE_ASSIGNMENT((#14962));
#14962 = SURFACE_STYLE_USAGE(.BOTH.,#14963);
#14963 = SURFACE_SIDE_STYLE('',(#14964));
#14964 = SURFACE_STYLE_FILL_AREA(#14965);
#14965 = FILL_AREA_STYLE('',(#14966));
#14966 = FILL_AREA_STYLE_COLOUR('',#13567);
#14967 = STYLED_ITEM('color',(#14968),#2116);
#14968 = PRESENTATION_STYLE_ASSIGNMENT((#14969));
#14969 = SURFACE_STYLE_USAGE(.BOTH.,#14970);
#14970 = SURFACE_SIDE_STYLE('',(#14971));
#14971 = SURFACE_STYLE_FILL_AREA(#14972);
#14972 = FILL_AREA_STYLE('',(#14973));
#14973 = FILL_AREA_STYLE_COLOUR('',#14760);
#14974 = STYLED_ITEM('color',(#14975),#2165);
#14975 = PRESENTATION_STYLE_ASSIGNMENT((#14976));
#14976 = SURFACE_STYLE_USAGE(.BOTH.,#14977);
#14977 = SURFACE_SIDE_STYLE('',(#14978));
#14978 = SURFACE_STYLE_FILL_AREA(#14979);
#14979 = FILL_AREA_STYLE('',(#14980));
#14980 = FILL_AREA_STYLE_COLOUR('',#13567);
#14981 = STYLED_ITEM('color',(#14982),#2182);
#14982 = PRESENTATION_STYLE_ASSIGNMENT((#14983));
#14983 = SURFACE_STYLE_USAGE(.BOTH.,#14984);
#14984 = SURFACE_SIDE_STYLE('',(#14985));
#14985 = SURFACE_STYLE_FILL_AREA(#14986);
#14986 = FILL_AREA_STYLE('',(#14987));
#14987 = FILL_AREA_STYLE_COLOUR('',#13567);
#14988 = STYLED_ITEM('color',(#14989),#2199);
#14989 = PRESENTATION_STYLE_ASSIGNMENT((#14990));
#14990 = SURFACE_STYLE_USAGE(.BOTH.,#14991);
#14991 = SURFACE_SIDE_STYLE('',(#14992));
#14992 = SURFACE_STYLE_FILL_AREA(#14993);
#14993 = FILL_AREA_STYLE('',(#14994));
#14994 = FILL_AREA_STYLE_COLOUR('',#14760);
#14995 = STYLED_ITEM('color',(#14996),#2248);
#14996 = PRESENTATION_STYLE_ASSIGNMENT((#14997));
#14997 = SURFACE_STYLE_USAGE(.BOTH.,#14998);
#14998 = SURFACE_SIDE_STYLE('',(#14999));
#14999 = SURFACE_STYLE_FILL_AREA(#15000);
#15000 = FILL_AREA_STYLE('',(#15001));
#15001 = FILL_AREA_STYLE_COLOUR('',#14760);
#15002 = STYLED_ITEM('color',(#15003),#2265);
#15003 = PRESENTATION_STYLE_ASSIGNMENT((#15004));
#15004 = SURFACE_STYLE_USAGE(.BOTH.,#15005);
#15005 = SURFACE_SIDE_STYLE('',(#15006));
#15006 = SURFACE_STYLE_FILL_AREA(#15007);
#15007 = FILL_AREA_STYLE('',(#15008));
#15008 = FILL_AREA_STYLE_COLOUR('',#13567);
#15009 = STYLED_ITEM('color',(#15010),#2334);
#15010 = PRESENTATION_STYLE_ASSIGNMENT((#15011));
#15011 = SURFACE_STYLE_USAGE(.BOTH.,#15012);
#15012 = SURFACE_SIDE_STYLE('',(#15013));
#15013 = SURFACE_STYLE_FILL_AREA(#15014);
#15014 = FILL_AREA_STYLE('',(#15015));
#15015 = FILL_AREA_STYLE_COLOUR('',#14803);
#15016 = STYLED_ITEM('color',(#15017),#2365);
#15017 = PRESENTATION_STYLE_ASSIGNMENT((#15018));
#15018 = SURFACE_STYLE_USAGE(.BOTH.,#15019);
#15019 = SURFACE_SIDE_STYLE('',(#15020));
#15020 = SURFACE_STYLE_FILL_AREA(#15021);
#15021 = FILL_AREA_STYLE('',(#15022));
#15022 = FILL_AREA_STYLE_COLOUR('',#14803);
#15023 = STYLED_ITEM('color',(#15024),#2389);
#15024 = PRESENTATION_STYLE_ASSIGNMENT((#15025));
#15025 = SURFACE_STYLE_USAGE(.BOTH.,#15026);
#15026 = SURFACE_SIDE_STYLE('',(#15027));
#15027 = SURFACE_STYLE_FILL_AREA(#15028);
#15028 = FILL_AREA_STYLE('',(#15029));
#15029 = FILL_AREA_STYLE_COLOUR('',#13567);
#15030 = STYLED_ITEM('color',(#15031),#2458);
#15031 = PRESENTATION_STYLE_ASSIGNMENT((#15032));
#15032 = SURFACE_STYLE_USAGE(.BOTH.,#15033);
#15033 = SURFACE_SIDE_STYLE('',(#15034));
#15034 = SURFACE_STYLE_FILL_AREA(#15035);
#15035 = FILL_AREA_STYLE('',(#15036));
#15036 = FILL_AREA_STYLE_COLOUR('',#14803);
#15037 = STYLED_ITEM('color',(#15038),#2482);
#15038 = PRESENTATION_STYLE_ASSIGNMENT((#15039));
#15039 = SURFACE_STYLE_USAGE(.BOTH.,#15040);
#15040 = SURFACE_SIDE_STYLE('',(#15041));
#15041 = SURFACE_STYLE_FILL_AREA(#15042);
#15042 = FILL_AREA_STYLE('',(#15043));
#15043 = FILL_AREA_STYLE_COLOUR('',#13567);
#15044 = STYLED_ITEM('color',(#15045),#2499);
#15045 = PRESENTATION_STYLE_ASSIGNMENT((#15046));
#15046 = SURFACE_STYLE_USAGE(.BOTH.,#15047);
#15047 = SURFACE_SIDE_STYLE('',(#15048));
#15048 = SURFACE_STYLE_FILL_AREA(#15049);
#15049 = FILL_AREA_STYLE('',(#15050));
#15050 = FILL_AREA_STYLE_COLOUR('',#13567);
#15051 = STYLED_ITEM('color',(#15052),#2516);
#15052 = PRESENTATION_STYLE_ASSIGNMENT((#15053));
#15053 = SURFACE_STYLE_USAGE(.BOTH.,#15054);
#15054 = SURFACE_SIDE_STYLE('',(#15055));
#15055 = SURFACE_STYLE_FILL_AREA(#15056);
#15056 = FILL_AREA_STYLE('',(#15057));
#15057 = FILL_AREA_STYLE_COLOUR('',#13567);
#15058 = STYLED_ITEM('color',(#15059),#2533);
#15059 = PRESENTATION_STYLE_ASSIGNMENT((#15060));
#15060 = SURFACE_STYLE_USAGE(.BOTH.,#15061);
#15061 = SURFACE_SIDE_STYLE('',(#15062));
#15062 = SURFACE_STYLE_FILL_AREA(#15063);
#15063 = FILL_AREA_STYLE('',(#15064));
#15064 = FILL_AREA_STYLE_COLOUR('',#13567);
#15065 = STYLED_ITEM('color',(#15066),#2550);
#15066 = PRESENTATION_STYLE_ASSIGNMENT((#15067));
#15067 = SURFACE_STYLE_USAGE(.BOTH.,#15068);
#15068 = SURFACE_SIDE_STYLE('',(#15069));
#15069 = SURFACE_STYLE_FILL_AREA(#15070);
#15070 = FILL_AREA_STYLE('',(#15071));
#15071 = FILL_AREA_STYLE_COLOUR('',#13567);
#15072 = STYLED_ITEM('color',(#15073),#2567);
#15073 = PRESENTATION_STYLE_ASSIGNMENT((#15074));
#15074 = SURFACE_STYLE_USAGE(.BOTH.,#15075);
#15075 = SURFACE_SIDE_STYLE('',(#15076));
#15076 = SURFACE_STYLE_FILL_AREA(#15077);
#15077 = FILL_AREA_STYLE('',(#15078));
#15078 = FILL_AREA_STYLE_COLOUR('',#13567);
#15079 = STYLED_ITEM('color',(#15080),#2584);
#15080 = PRESENTATION_STYLE_ASSIGNMENT((#15081));
#15081 = SURFACE_STYLE_USAGE(.BOTH.,#15082);
#15082 = SURFACE_SIDE_STYLE('',(#15083));
#15083 = SURFACE_STYLE_FILL_AREA(#15084);
#15084 = FILL_AREA_STYLE('',(#15085));
#15085 = FILL_AREA_STYLE_COLOUR('',#13567);
#15086 = STYLED_ITEM('color',(#15087),#2601);
#15087 = PRESENTATION_STYLE_ASSIGNMENT((#15088));
#15088 = SURFACE_STYLE_USAGE(.BOTH.,#15089);
#15089 = SURFACE_SIDE_STYLE('',(#15090));
#15090 = SURFACE_STYLE_FILL_AREA(#15091);
#15091 = FILL_AREA_STYLE('',(#15092));
#15092 = FILL_AREA_STYLE_COLOUR('',#14803);
#15093 = STYLED_ITEM('color',(#15094),#2618);
#15094 = PRESENTATION_STYLE_ASSIGNMENT((#15095));
#15095 = SURFACE_STYLE_USAGE(.BOTH.,#15096);
#15096 = SURFACE_SIDE_STYLE('',(#15097));
#15097 = SURFACE_STYLE_FILL_AREA(#15098);
#15098 = FILL_AREA_STYLE('',(#15099));
#15099 = FILL_AREA_STYLE_COLOUR('',#14803);
ENDSEC;
END-ISO-10303-21;
